page,route,type,title,canonical,robots,scripts,data,assets,interactions,liens_sortants
404.html,/404.html,page racine / noindex,Page introuvable — Leonidakit,,"noindex, follow",/search-index.js ; /assets-manifest.js ; /common.js ; /app.js,/search-index.js ; /assets-manifest.js,https://fonts.googleapis.com/css2?family=Archivo:wght@400;500;600;700;900&display=swap ; /style.css,recherche,#main ; / ; /carte.html ; /vehicules.html ; /armes.html ; /collectibles.html ; /progression.html ; / ; /vehicules.html ; /carte.html ; /contact.html ; /carte.html ; /vehicules.html ; /armes.html ; /collectibles.html ; /progression.html ; /calculateurs.html ; /a-propos.html ; /contact.html ; /mentions-legales.html
a-propos.html,/a-propos.html,page racine,À propos — Leonidakit,https://www.leonidakit.com/a-propos.html,,search-index.js ; assets-manifest.js ; common.js ; app.js,search-index.js ; assets-manifest.js,https://fonts.googleapis.com/css2?family=Archivo:wght@400;500;600;700;900&display=swap ; style.css ; https://www.leonidakit.com/img/social-card.png,recherche,#main ; index.html ; carte.html ; vehicules.html ; armes.html ; collectibles.html ; progression.html ; carte.html ; vehicules.html ; armes.html ; collectibles.html ; progression.html ; calculateurs.html ; a-propos.html ; contact.html ; mentions-legales.html
armes/batte.html,/armes/batte.html,fiche arme,Batte de baseball — GTA VI | Leonidakit,https://www.leonidakit.com/armes/batte.html,,../search-index.js ; ../armes-data.js ; ../assets-manifest.js ; ../common.js ; ../app.js ; ../fiches.js,../search-index.js ; ../armes-data.js ; ../assets-manifest.js,https://fonts.googleapis.com/css2?family=Archivo:wght@400;500;600;700;900&display=swap ; ../style.css ; ../fiches.css ; https://www.leonidakit.com/img/social-card.png,recherche ; galerie ; possession,#main ; ../index.html ; ../carte.html ; ../vehicules.html ; ../armes.html ; ../collectibles.html ; ../progression.html ; ../index.html ; ../armes.html ; ../armes.html#melee ; ../comparateur.html?type=armes&ids=batte ; ../armes.html#melee ; ../contact.html ; couteau-cran.html ; club-golf.html ; marteau.html ; queue-billard.html ; mitrailleuse.html ; couteau-cran.html ; ../carte.html ; ../vehicules.html ; ../armes.html ; ../collectibles.html ; ../progression.html ; ../calculateurs.html ; ../a-propos.html ; ../contact.html ; ../mentions-legales.html
armes/carabine.html,/armes/carabine.html,fiche arme,Carabine — GTA VI | Leonidakit,https://www.leonidakit.com/armes/carabine.html,,../search-index.js ; ../armes-data.js ; ../assets-manifest.js ; ../common.js ; ../app.js ; ../fiches.js,../search-index.js ; ../armes-data.js ; ../assets-manifest.js,https://fonts.googleapis.com/css2?family=Archivo:wght@400;500;600;700;900&display=swap ; ../style.css ; ../fiches.css ; https://www.leonidakit.com/img/social-card.png,recherche ; galerie ; possession,#main ; ../index.html ; ../carte.html ; ../vehicules.html ; ../armes.html ; ../collectibles.html ; ../progression.html ; ../index.html ; ../armes.html ; ../armes.html#assaut ; ../comparateur.html?type=armes&ids=carabine ; ../armes.html#assaut ; ../contact.html ; fusil-assaut.html ; fusil-double.html ; fusil-pompe.html ; smg.html ; fusil-precision.html ; mitrailleuse.html ; smg.html ; fusil-assaut.html ; ../carte.html ; ../vehicules.html ; ../armes.html ; ../collectibles.html ; ../progression.html ; ../calculateurs.html ; ../a-propos.html ; ../contact.html ; ../mentions-legales.html
armes/club-golf.html,/armes/club-golf.html,fiche arme,Club de golf — GTA VI | Leonidakit,https://www.leonidakit.com/armes/club-golf.html,,../search-index.js ; ../armes-data.js ; ../assets-manifest.js ; ../common.js ; ../app.js ; ../fiches.js,../search-index.js ; ../armes-data.js ; ../assets-manifest.js,https://fonts.googleapis.com/css2?family=Archivo:wght@400;500;600;700;900&display=swap ; ../style.css ; ../fiches.css ; https://www.leonidakit.com/img/social-card.png,recherche ; galerie ; possession,#main ; ../index.html ; ../carte.html ; ../vehicules.html ; ../armes.html ; ../collectibles.html ; ../progression.html ; ../index.html ; ../armes.html ; ../armes.html#melee ; ../comparateur.html?type=armes&ids=club-golf ; ../armes.html#melee ; ../contact.html ; batte.html ; couteau-cran.html ; marteau.html ; queue-billard.html ; couteau-cran.html ; marteau.html ; ../carte.html ; ../vehicules.html ; ../armes.html ; ../collectibles.html ; ../progression.html ; ../calculateurs.html ; ../a-propos.html ; ../contact.html ; ../mentions-legales.html
armes/couteau-cran.html,/armes/couteau-cran.html,fiche arme,Couteau à cran d'arrêt — GTA VI | Leonidakit,https://www.leonidakit.com/armes/couteau-cran.html,,../search-index.js ; ../armes-data.js ; ../assets-manifest.js ; ../common.js ; ../app.js ; ../fiches.js,../search-index.js ; ../armes-data.js ; ../assets-manifest.js,https://fonts.googleapis.com/css2?family=Archivo:wght@400;500;600;700;900&display=swap ; ../style.css ; ../fiches.css ; https://www.leonidakit.com/img/social-card.png,recherche ; galerie ; possession,#main ; ../index.html ; ../carte.html ; ../vehicules.html ; ../armes.html ; ../collectibles.html ; ../progression.html ; ../index.html ; ../armes.html ; ../armes.html#melee ; ../comparateur.html?type=armes&ids=couteau-cran ; ../armes.html#melee ; ../contact.html ; batte.html ; club-golf.html ; marteau.html ; queue-billard.html ; batte.html ; club-golf.html ; ../carte.html ; ../vehicules.html ; ../armes.html ; ../collectibles.html ; ../progression.html ; ../calculateurs.html ; ../a-propos.html ; ../contact.html ; ../mentions-legales.html
armes/fumigene.html,/armes/fumigene.html,fiche arme,Grenade fumigène — GTA VI | Leonidakit,https://www.leonidakit.com/armes/fumigene.html,,../search-index.js ; ../armes-data.js ; ../assets-manifest.js ; ../common.js ; ../app.js ; ../fiches.js,../search-index.js ; ../armes-data.js ; ../assets-manifest.js,https://fonts.googleapis.com/css2?family=Archivo:wght@400;500;600;700;900&display=swap ; ../style.css ; ../fiches.css ; https://www.leonidakit.com/img/social-card.png,recherche ; galerie ; possession,#main ; ../index.html ; ../carte.html ; ../vehicules.html ; ../armes.html ; ../collectibles.html ; ../progression.html ; ../index.html ; ../armes.html ; ../armes.html#projectile ; ../comparateur.html?type=armes&ids=fumigene ; ../armes.html#projectile ; ../contact.html ; molotov.html ; girardi-es9.html ; klose-k17.html ; nipper-38.html ; hawk-little-morgan.html ; pistolet-custom.html ; molotov.html ; harpon.html ; ../carte.html ; ../vehicules.html ; ../armes.html ; ../collectibles.html ; ../progression.html ; ../calculateurs.html ; ../a-propos.html ; ../contact.html ; ../mentions-legales.html
armes/fusil-assaut.html,/armes/fusil-assaut.html,fiche arme,Fusil d'assaut — GTA VI | Leonidakit,https://www.leonidakit.com/armes/fusil-assaut.html,,../search-index.js ; ../armes-data.js ; ../assets-manifest.js ; ../common.js ; ../app.js ; ../fiches.js,../search-index.js ; ../armes-data.js ; ../assets-manifest.js,https://fonts.googleapis.com/css2?family=Archivo:wght@400;500;600;700;900&display=swap ; ../style.css ; ../fiches.css ; https://www.leonidakit.com/img/social-card.png,recherche ; galerie ; possession,#main ; ../index.html ; ../carte.html ; ../vehicules.html ; ../armes.html ; ../collectibles.html ; ../progression.html ; ../index.html ; ../armes.html ; ../armes.html#assaut ; ../comparateur.html?type=armes&ids=fusil-assaut ; ../armes.html#assaut ; ../contact.html ; carabine.html ; fusil-double.html ; fusil-pompe.html ; smg.html ; fusil-precision.html ; mitrailleuse.html ; carabine.html ; fusil-precision.html ; ../carte.html ; ../vehicules.html ; ../armes.html ; ../collectibles.html ; ../progression.html ; ../calculateurs.html ; ../a-propos.html ; ../contact.html ; ../mentions-legales.html
armes/fusil-double.html,/armes/fusil-double.html,fiche arme,Fusil à canon double — GTA VI | Leonidakit,https://www.leonidakit.com/armes/fusil-double.html,,../search-index.js ; ../armes-data.js ; ../assets-manifest.js ; ../common.js ; ../app.js ; ../fiches.js,../search-index.js ; ../armes-data.js ; ../assets-manifest.js,https://fonts.googleapis.com/css2?family=Archivo:wght@400;500;600;700;900&display=swap ; ../style.css ; ../fiches.css ; https://www.leonidakit.com/img/social-card.png,recherche ; galerie ; possession,#main ; ../index.html ; ../carte.html ; ../vehicules.html ; ../armes.html ; ../collectibles.html ; ../progression.html ; ../index.html ; ../armes.html ; ../armes.html#pompe ; ../comparateur.html?type=armes&ids=fusil-double ; ../armes.html#pompe ; ../contact.html ; fusil-pompe.html ; smg.html ; carabine.html ; fusil-assaut.html ; fusil-precision.html ; mitrailleuse.html ; pistolet-auto.html ; fusil-pompe.html ; ../carte.html ; ../vehicules.html ; ../armes.html ; ../collectibles.html ; ../progression.html ; ../calculateurs.html ; ../a-propos.html ; ../contact.html ; ../mentions-legales.html
armes/fusil-pompe.html,/armes/fusil-pompe.html,fiche arme,Fusil à pompe — GTA VI | Leonidakit,https://www.leonidakit.com/armes/fusil-pompe.html,,../search-index.js ; ../armes-data.js ; ../assets-manifest.js ; ../common.js ; ../app.js ; ../fiches.js,../search-index.js ; ../armes-data.js ; ../assets-manifest.js,https://fonts.googleapis.com/css2?family=Archivo:wght@400;500;600;700;900&display=swap ; ../style.css ; ../fiches.css ; https://www.leonidakit.com/img/social-card.png,recherche ; galerie ; possession,#main ; ../index.html ; ../carte.html ; ../vehicules.html ; ../armes.html ; ../collectibles.html ; ../progression.html ; ../index.html ; ../armes.html ; ../armes.html#pompe ; ../comparateur.html?type=armes&ids=fusil-pompe ; ../armes.html#pompe ; ../contact.html ; fusil-double.html ; smg.html ; carabine.html ; fusil-assaut.html ; fusil-precision.html ; mitrailleuse.html ; fusil-double.html ; micro-smg.html ; ../carte.html ; ../vehicules.html ; ../armes.html ; ../collectibles.html ; ../progression.html ; ../calculateurs.html ; ../a-propos.html ; ../contact.html ; ../mentions-legales.html
armes/fusil-precision.html,/armes/fusil-precision.html,fiche arme,Fusil à verrou — GTA VI | Leonidakit,https://www.leonidakit.com/armes/fusil-precision.html,,../search-index.js ; ../armes-data.js ; ../assets-manifest.js ; ../common.js ; ../app.js ; ../fiches.js,../search-index.js ; ../armes-data.js ; ../assets-manifest.js,https://fonts.googleapis.com/css2?family=Archivo:wght@400;500;600;700;900&display=swap ; ../style.css ; ../fiches.css ; https://www.leonidakit.com/img/social-card.png,recherche ; galerie ; possession,#main ; ../index.html ; ../carte.html ; ../vehicules.html ; ../armes.html ; ../collectibles.html ; ../progression.html ; ../index.html ; ../armes.html ; ../armes.html#precision ; ../comparateur.html?type=armes&ids=fusil-precision ; ../armes.html#precision ; ../contact.html ; fusil-double.html ; fusil-pompe.html ; smg.html ; carabine.html ; fusil-assaut.html ; mitrailleuse.html ; fusil-assaut.html ; mitrailleuse.html ; ../carte.html ; ../vehicules.html ; ../armes.html ; ../collectibles.html ; ../progression.html ; ../calculateurs.html ; ../a-propos.html ; ../contact.html ; ../mentions-legales.html
armes/girardi-es9.html,/armes/girardi-es9.html,fiche arme,Girardi ES9 — GTA VI | Leonidakit,https://www.leonidakit.com/armes/girardi-es9.html,,../search-index.js ; ../armes-data.js ; ../assets-manifest.js ; ../common.js ; ../app.js ; ../fiches.js,../search-index.js ; ../armes-data.js ; ../assets-manifest.js,https://fonts.googleapis.com/css2?family=Archivo:wght@400;500;600;700;900&display=swap ; ../style.css ; ../fiches.css ; https://www.leonidakit.com/img/social-card.png,recherche ; galerie ; possession,#main ; ../index.html ; ../carte.html ; ../vehicules.html ; ../armes.html ; ../collectibles.html ; ../progression.html ; ../index.html ; ../armes.html ; ../armes.html#pistolet ; ../comparateur.html?type=armes&ids=girardi-es9 ; ../armes.html#pistolet ; ../contact.html ; klose-k17.html ; nipper-38.html ; hawk-little-morgan.html ; pistolet-custom.html ; pistolet-auto.html ; harpon.html ; klose-k17.html ; ../carte.html ; ../vehicules.html ; ../armes.html ; ../collectibles.html ; ../progression.html ; ../calculateurs.html ; ../a-propos.html ; ../contact.html ; ../mentions-legales.html
armes/harpon.html,/armes/harpon.html,fiche arme,Fusil-harpon — GTA VI | Leonidakit,https://www.leonidakit.com/armes/harpon.html,,../search-index.js ; ../armes-data.js ; ../assets-manifest.js ; ../common.js ; ../app.js ; ../fiches.js,../search-index.js ; ../armes-data.js ; ../assets-manifest.js,https://fonts.googleapis.com/css2?family=Archivo:wght@400;500;600;700;900&display=swap ; ../style.css ; ../fiches.css ; https://www.leonidakit.com/img/social-card.png,recherche ; galerie ; possession,#main ; ../index.html ; ../carte.html ; ../vehicules.html ; ../armes.html ; ../collectibles.html ; ../progression.html ; ../index.html ; ../armes.html ; ../armes.html#speciale ; ../comparateur.html?type=armes&ids=harpon ; ../armes.html#speciale ; ../contact.html ; fusil-double.html ; fusil-pompe.html ; smg.html ; carabine.html ; fusil-assaut.html ; fusil-precision.html ; fumigene.html ; girardi-es9.html ; ../carte.html ; ../vehicules.html ; ../armes.html ; ../collectibles.html ; ../progression.html ; ../calculateurs.html ; ../a-propos.html ; ../contact.html ; ../mentions-legales.html
armes/hawk-little-morgan.html,/armes/hawk-little-morgan.html,fiche arme,Hawk & Little Morgan — GTA VI | Leonidakit,https://www.leonidakit.com/armes/hawk-little-morgan.html,,../search-index.js ; ../armes-data.js ; ../assets-manifest.js ; ../common.js ; ../app.js ; ../fiches.js,../search-index.js ; ../armes-data.js ; ../assets-manifest.js,https://fonts.googleapis.com/css2?family=Archivo:wght@400;500;600;700;900&display=swap ; ../style.css ; ../fiches.css ; https://www.leonidakit.com/img/social-card.png,recherche ; galerie ; possession,#main ; ../index.html ; ../carte.html ; ../vehicules.html ; ../armes.html ; ../collectibles.html ; ../progression.html ; ../index.html ; ../armes.html ; ../armes.html#pistolet ; ../comparateur.html?type=armes&ids=hawk-little-morgan ; ../armes.html#pistolet ; ../contact.html ; girardi-es9.html ; klose-k17.html ; nipper-38.html ; pistolet-custom.html ; pistolet-auto.html ; nipper-38.html ; pistolet-custom.html ; ../carte.html ; ../vehicules.html ; ../armes.html ; ../collectibles.html ; ../progression.html ; ../calculateurs.html ; ../a-propos.html ; ../contact.html ; ../mentions-legales.html
armes/klose-k17.html,/armes/klose-k17.html,fiche arme,Klose K17 — GTA VI | Leonidakit,https://www.leonidakit.com/armes/klose-k17.html,,../search-index.js ; ../armes-data.js ; ../assets-manifest.js ; ../common.js ; ../app.js ; ../fiches.js,../search-index.js ; ../armes-data.js ; ../assets-manifest.js,https://www.leonidakit.com/img/social-card.png ; https://fonts.googleapis.com/css2?family=Archivo:wght@400;500;600;700;900&display=swap ; ../style.css ; ../fiches.css,recherche ; galerie ; possession,#main ; ../index.html ; ../carte.html ; ../vehicules.html ; ../armes.html ; ../collectibles.html ; ../progression.html ; ../index.html ; ../armes.html ; ../armes.html#pistolet ; ../comparateur.html?type=armes&ids=klose-k17 ; ../armes.html#pistolet ; ../carte.html#lieu=g-L1074 ; ../carte.html#lieu=g-L1091 ; ../carte.html#lieu=g-L298 ; ../contact.html ; girardi-es9.html ; nipper-38.html ; hawk-little-morgan.html ; pistolet-custom.html ; pistolet-auto.html ; girardi-es9.html ; nipper-38.html ; ../carte.html ; ../vehicules.html ; ../armes.html ; ../collectibles.html ; ../progression.html ; ../calculateurs.html ; ../a-propos.html ; ../contact.html ; ../mentions-legales.html
armes/marteau.html,/armes/marteau.html,fiche arme,Marteau — GTA VI | Leonidakit,https://www.leonidakit.com/armes/marteau.html,,../search-index.js ; ../armes-data.js ; ../assets-manifest.js ; ../common.js ; ../app.js ; ../fiches.js,../search-index.js ; ../armes-data.js ; ../assets-manifest.js,https://fonts.googleapis.com/css2?family=Archivo:wght@400;500;600;700;900&display=swap ; ../style.css ; ../fiches.css ; https://www.leonidakit.com/img/social-card.png,recherche ; galerie ; possession,#main ; ../index.html ; ../carte.html ; ../vehicules.html ; ../armes.html ; ../collectibles.html ; ../progression.html ; ../index.html ; ../armes.html ; ../armes.html#melee ; ../comparateur.html?type=armes&ids=marteau ; ../armes.html#melee ; ../contact.html ; batte.html ; couteau-cran.html ; club-golf.html ; queue-billard.html ; club-golf.html ; queue-billard.html ; ../carte.html ; ../vehicules.html ; ../armes.html ; ../collectibles.html ; ../progression.html ; ../calculateurs.html ; ../a-propos.html ; ../contact.html ; ../mentions-legales.html
armes/micro-smg.html,/armes/micro-smg.html,fiche arme,PM à motif tropical — GTA VI | Leonidakit,https://www.leonidakit.com/armes/micro-smg.html,,../search-index.js ; ../armes-data.js ; ../assets-manifest.js ; ../common.js ; ../app.js ; ../fiches.js,../search-index.js ; ../armes-data.js ; ../assets-manifest.js,https://fonts.googleapis.com/css2?family=Archivo:wght@400;500;600;700;900&display=swap ; ../style.css ; ../fiches.css ; https://www.leonidakit.com/img/social-card.png,recherche ; galerie ; possession,#main ; ../index.html ; ../carte.html ; ../vehicules.html ; ../armes.html ; ../collectibles.html ; ../progression.html ; ../index.html ; ../armes.html ; ../armes.html#pm ; ../comparateur.html?type=armes&ids=micro-smg ; ../armes.html#pm ; ../contact.html ; smg-compact.html ; smg.html ; girardi-es9.html ; klose-k17.html ; nipper-38.html ; hawk-little-morgan.html ; fusil-pompe.html ; smg-compact.html ; ../carte.html ; ../vehicules.html ; ../armes.html ; ../collectibles.html ; ../progression.html ; ../calculateurs.html ; ../a-propos.html ; ../contact.html ; ../mentions-legales.html
armes/mitrailleuse.html,/armes/mitrailleuse.html,fiche arme,Mitrailleuse de combat — GTA VI | Leonidakit,https://www.leonidakit.com/armes/mitrailleuse.html,,../search-index.js ; ../armes-data.js ; ../assets-manifest.js ; ../common.js ; ../app.js ; ../fiches.js,../search-index.js ; ../armes-data.js ; ../assets-manifest.js,https://fonts.googleapis.com/css2?family=Archivo:wght@400;500;600;700;900&display=swap ; ../style.css ; ../fiches.css ; https://www.leonidakit.com/img/social-card.png,recherche ; galerie ; possession,#main ; ../index.html ; ../carte.html ; ../vehicules.html ; ../armes.html ; ../collectibles.html ; ../progression.html ; ../index.html ; ../armes.html ; ../armes.html#mitrailleuse ; ../comparateur.html?type=armes&ids=mitrailleuse ; ../armes.html#mitrailleuse ; ../contact.html ; fusil-double.html ; fusil-pompe.html ; smg.html ; carabine.html ; fusil-assaut.html ; fusil-precision.html ; fusil-precision.html ; batte.html ; ../carte.html ; ../vehicules.html ; ../armes.html ; ../collectibles.html ; ../progression.html ; ../calculateurs.html ; ../a-propos.html ; ../contact.html ; ../mentions-legales.html
armes/molotov.html,/armes/molotov.html,fiche arme,Cocktail Molotov — GTA VI | Leonidakit,https://www.leonidakit.com/armes/molotov.html,,../search-index.js ; ../armes-data.js ; ../assets-manifest.js ; ../common.js ; ../app.js ; ../fiches.js,../search-index.js ; ../armes-data.js ; ../assets-manifest.js,https://fonts.googleapis.com/css2?family=Archivo:wght@400;500;600;700;900&display=swap ; ../style.css ; ../fiches.css ; https://www.leonidakit.com/img/social-card.png,recherche ; galerie ; possession,#main ; ../index.html ; ../carte.html ; ../vehicules.html ; ../armes.html ; ../collectibles.html ; ../progression.html ; ../index.html ; ../armes.html ; ../armes.html#projectile ; ../comparateur.html?type=armes&ids=molotov ; ../armes.html#projectile ; ../contact.html ; fumigene.html ; girardi-es9.html ; klose-k17.html ; nipper-38.html ; hawk-little-morgan.html ; pistolet-custom.html ; queue-billard.html ; fumigene.html ; ../carte.html ; ../vehicules.html ; ../armes.html ; ../collectibles.html ; ../progression.html ; ../calculateurs.html ; ../a-propos.html ; ../contact.html ; ../mentions-legales.html
armes/nipper-38.html,/armes/nipper-38.html,fiche arme,Nipper .38 — GTA VI | Leonidakit,https://www.leonidakit.com/armes/nipper-38.html,,../search-index.js ; ../armes-data.js ; ../assets-manifest.js ; ../common.js ; ../app.js ; ../fiches.js,../search-index.js ; ../armes-data.js ; ../assets-manifest.js,https://fonts.googleapis.com/css2?family=Archivo:wght@400;500;600;700;900&display=swap ; ../style.css ; ../fiches.css ; https://www.leonidakit.com/img/social-card.png,recherche ; galerie ; possession,#main ; ../index.html ; ../carte.html ; ../vehicules.html ; ../armes.html ; ../collectibles.html ; ../progression.html ; ../index.html ; ../armes.html ; ../armes.html#pistolet ; ../comparateur.html?type=armes&ids=nipper-38 ; ../armes.html#pistolet ; ../contact.html ; girardi-es9.html ; klose-k17.html ; hawk-little-morgan.html ; pistolet-custom.html ; pistolet-auto.html ; klose-k17.html ; hawk-little-morgan.html ; ../carte.html ; ../vehicules.html ; ../armes.html ; ../collectibles.html ; ../progression.html ; ../calculateurs.html ; ../a-propos.html ; ../contact.html ; ../mentions-legales.html
armes/pistolet-auto.html,/armes/pistolet-auto.html,fiche arme,Pistolet à sélecteur — GTA VI | Leonidakit,https://www.leonidakit.com/armes/pistolet-auto.html,,../search-index.js ; ../armes-data.js ; ../assets-manifest.js ; ../common.js ; ../app.js ; ../fiches.js,../search-index.js ; ../armes-data.js ; ../assets-manifest.js,https://fonts.googleapis.com/css2?family=Archivo:wght@400;500;600;700;900&display=swap ; ../style.css ; ../fiches.css ; https://www.leonidakit.com/img/social-card.png,recherche ; galerie ; possession,#main ; ../index.html ; ../carte.html ; ../vehicules.html ; ../armes.html ; ../collectibles.html ; ../progression.html ; ../index.html ; ../armes.html ; ../armes.html#pistolet ; ../comparateur.html?type=armes&ids=pistolet-auto ; ../armes.html#pistolet ; ../contact.html ; girardi-es9.html ; klose-k17.html ; nipper-38.html ; hawk-little-morgan.html ; pistolet-custom.html ; pistolet-custom.html ; fusil-double.html ; ../carte.html ; ../vehicules.html ; ../armes.html ; ../collectibles.html ; ../progression.html ; ../calculateurs.html ; ../a-propos.html ; ../contact.html ; ../mentions-legales.html
armes/pistolet-compact.html,/armes/pistolet-compact.html,fiche arme / noindex,Redirection,https://www.leonidakit.com/armes/nipper-38.html,"noindex, follow",,,,,nipper-38.html
armes/pistolet-custom.html,/armes/pistolet-custom.html,fiche arme,Pistolet personnalisé — GTA VI | Leonidakit,https://www.leonidakit.com/armes/pistolet-custom.html,,../search-index.js ; ../armes-data.js ; ../assets-manifest.js ; ../common.js ; ../app.js ; ../fiches.js,../search-index.js ; ../armes-data.js ; ../assets-manifest.js,https://fonts.googleapis.com/css2?family=Archivo:wght@400;500;600;700;900&display=swap ; ../style.css ; ../fiches.css ; https://www.leonidakit.com/img/social-card.png,recherche ; galerie ; possession,#main ; ../index.html ; ../carte.html ; ../vehicules.html ; ../armes.html ; ../collectibles.html ; ../progression.html ; ../index.html ; ../armes.html ; ../armes.html#pistolet ; ../comparateur.html?type=armes&ids=pistolet-custom ; ../armes.html#pistolet ; ../contact.html ; girardi-es9.html ; klose-k17.html ; nipper-38.html ; hawk-little-morgan.html ; pistolet-auto.html ; hawk-little-morgan.html ; pistolet-auto.html ; ../carte.html ; ../vehicules.html ; ../armes.html ; ../collectibles.html ; ../progression.html ; ../calculateurs.html ; ../a-propos.html ; ../contact.html ; ../mentions-legales.html
armes/pistolet-jason.html,/armes/pistolet-jason.html,fiche arme / noindex,Redirection,https://www.leonidakit.com/armes/girardi-es9.html,"noindex, follow",,,,,girardi-es9.html
armes/pistolet-tactique.html,/armes/pistolet-tactique.html,fiche arme / noindex,Redirection,https://www.leonidakit.com/armes/klose-k17.html,"noindex, follow",,,,,klose-k17.html
armes/queue-billard.html,/armes/queue-billard.html,fiche arme,Queue de billard — GTA VI | Leonidakit,https://www.leonidakit.com/armes/queue-billard.html,,../search-index.js ; ../armes-data.js ; ../assets-manifest.js ; ../common.js ; ../app.js ; ../fiches.js,../search-index.js ; ../armes-data.js ; ../assets-manifest.js,https://fonts.googleapis.com/css2?family=Archivo:wght@400;500;600;700;900&display=swap ; ../style.css ; ../fiches.css ; https://www.leonidakit.com/img/social-card.png,recherche ; galerie ; possession,#main ; ../index.html ; ../carte.html ; ../vehicules.html ; ../armes.html ; ../collectibles.html ; ../progression.html ; ../index.html ; ../armes.html ; ../armes.html#melee ; ../comparateur.html?type=armes&ids=queue-billard ; ../armes.html#melee ; ../contact.html ; batte.html ; couteau-cran.html ; club-golf.html ; marteau.html ; marteau.html ; molotov.html ; ../carte.html ; ../vehicules.html ; ../armes.html ; ../collectibles.html ; ../progression.html ; ../calculateurs.html ; ../a-propos.html ; ../contact.html ; ../mentions-legales.html
armes/revolver-357.html,/armes/revolver-357.html,fiche arme / noindex,Redirection,https://www.leonidakit.com/armes/hawk-little-morgan.html,"noindex, follow",,,,,hawk-little-morgan.html
armes/smg-compact.html,/armes/smg-compact.html,fiche arme,PM compact — GTA VI | Leonidakit,https://www.leonidakit.com/armes/smg-compact.html,,../search-index.js ; ../armes-data.js ; ../assets-manifest.js ; ../common.js ; ../app.js ; ../fiches.js,../search-index.js ; ../armes-data.js ; ../assets-manifest.js,https://fonts.googleapis.com/css2?family=Archivo:wght@400;500;600;700;900&display=swap ; ../style.css ; ../fiches.css ; https://www.leonidakit.com/img/social-card.png,recherche ; galerie ; possession,#main ; ../index.html ; ../carte.html ; ../vehicules.html ; ../armes.html ; ../collectibles.html ; ../progression.html ; ../index.html ; ../armes.html ; ../armes.html#pm ; ../comparateur.html?type=armes&ids=smg-compact ; ../armes.html#pm ; ../contact.html ; micro-smg.html ; smg.html ; girardi-es9.html ; klose-k17.html ; nipper-38.html ; hawk-little-morgan.html ; micro-smg.html ; smg.html ; ../carte.html ; ../vehicules.html ; ../armes.html ; ../collectibles.html ; ../progression.html ; ../calculateurs.html ; ../a-propos.html ; ../contact.html ; ../mentions-legales.html
armes/smg.html,/armes/smg.html,fiche arme,Pistolet-mitrailleur — GTA VI | Leonidakit,https://www.leonidakit.com/armes/smg.html,,../search-index.js ; ../armes-data.js ; ../assets-manifest.js ; ../common.js ; ../app.js ; ../fiches.js,../search-index.js ; ../armes-data.js ; ../assets-manifest.js,https://fonts.googleapis.com/css2?family=Archivo:wght@400;500;600;700;900&display=swap ; ../style.css ; ../fiches.css ; https://www.leonidakit.com/img/social-card.png,recherche ; galerie ; possession,#main ; ../index.html ; ../carte.html ; ../vehicules.html ; ../armes.html ; ../collectibles.html ; ../progression.html ; ../index.html ; ../armes.html ; ../armes.html#pm ; ../comparateur.html?type=armes&ids=smg ; ../armes.html#pm ; ../contact.html ; micro-smg.html ; smg-compact.html ; fusil-double.html ; fusil-pompe.html ; carabine.html ; fusil-assaut.html ; smg-compact.html ; carabine.html ; ../carte.html ; ../vehicules.html ; ../armes.html ; ../collectibles.html ; ../progression.html ; ../calculateurs.html ; ../a-propos.html ; ../contact.html ; ../mentions-legales.html
armes.html,/armes.html,page racine,Armes de GTA VI : les 22 modèles identifiés — Leonidakit,https://www.leonidakit.com/armes.html,,search-index.js ; armes-data.js ; assets-manifest.js ; common.js ; app.js ; fiches.js,search-index.js ; armes-data.js ; assets-manifest.js,https://www.leonidakit.com/img/social-card.png ; https://fonts.googleapis.com/css2?family=Archivo:wght@400;500;600;700;900&display=swap ; style.css ; fiches.css,recherche ; filtres/tri/possessions ; accordéons,#main ; index.html ; carte.html ; vehicules.html ; armes.html ; collectibles.html ; progression.html ; armes/girardi-es9.html ; armes/klose-k17.html ; armes/nipper-38.html ; armes/hawk-little-morgan.html ; armes/pistolet-custom.html ; armes/pistolet-auto.html ; armes/fusil-double.html ; armes/fusil-pompe.html ; armes/micro-smg.html ; armes/smg-compact.html ; armes/smg.html ; armes/carabine.html ; armes/fusil-assaut.html ; armes/fusil-precision.html ; armes/mitrailleuse.html ; armes/batte.html ; armes/couteau-cran.html ; armes/club-golf.html ; armes/marteau.html ; armes/queue-billard.html ; armes/molotov.html ; armes/fumigene.html ; armes/harpon.html ; carte.html#lieu=g-L1074 ; carte.html#lieu=g-L1091 ; carte.html#lieu=g-L298 ; comparateur.html ; carte.html ; vehicules.html ; armes.html ; collectibles.html ; progression.html ; calculateurs.html ; a-propos.html ; contact.html ; mentions-legales.html
calculateurs.html,/calculateurs.html,page racine / noindex,Calculateurs GTA VI — Leonidakit,https://www.leonidakit.com/calculateurs.html,"noindex, follow",search-index.js ; assets-manifest.js ; common.js ; app.js,search-index.js ; assets-manifest.js,https://fonts.googleapis.com/css2?family=Archivo:wght@400;500;600;700;900&display=swap ; style.css,recherche,#main ; index.html ; carte.html ; vehicules.html ; armes.html ; collectibles.html ; progression.html ; carte.html ; vehicules.html ; armes.html ; collectibles.html ; progression.html ; calculateurs.html ; a-propos.html ; contact.html ; mentions-legales.html
carte.html,/carte.html,page racine,Carte interactive de Leonida — Leonidakit,https://www.leonidakit.com/carte.html,,search-index.js ; assets-manifest.js ; common.js ; app.js ; carte-gtadb.js ; carte.js,search-index.js ; assets-manifest.js ; carte-gtadb.js,https://fonts.googleapis.com/css2?family=Archivo:wght@400;500;600;700;900&display=swap ; style.css ; https://www.leonidakit.com/img/social-card.png,recherche ; carte/zoom/couches/recherche/repérage/édition/dessin/mesure/export/import ; accordéons,#main ; index.html ; carte.html ; vehicules.html ; armes.html ; collectibles.html ; progression.html ; contact.html ; https://map.gtadb.org ; https://creativecommons.org/licenses/by/4.0/ ; carte.html ; vehicules.html ; armes.html ; collectibles.html ; progression.html ; calculateurs.html ; a-propos.html ; contact.html ; mentions-legales.html
classement-vehicules.html,/classement-vehicules.html,page racine,Classement des véhicules de GTA VI : composez votre top 10 — Leonidakit,https://www.leonidakit.com/classement-vehicules.html,,vehicules-data.js ; assets-manifest.js ; common.js ; app.js ; fiches.js ; classement.js,vehicules-data.js ; assets-manifest.js,https://www.leonidakit.com/img/social-card.png ; https://fonts.googleapis.com/css2?family=Archivo:wght@400;500;600;700;900&display=swap ; style.css ; fiches.css,classement,#main ; index.html ; carte.html ; vehicules.html ; armes.html ; collectibles.html ; progression.html ; index.html ; vehicules.html ; vehicules/grotti-cheetah-classic.html ; vehicules/vapid-dominator-buggy.html ; vehicules/shitzu-squalo.html ; vehicules/sirius.html ; vehicules/dinka-enduro.html ; vehicules/vapid-stanier.html ; carte.html ; vehicules.html ; armes.html ; collectibles.html ; progression.html ; calculateurs.html ; a-propos.html ; contact.html ; mentions-legales.html
collectibles.html,/collectibles.html,page racine / noindex,Collectibles de GTA VI — Leonidakit,https://www.leonidakit.com/collectibles.html,"noindex, follow",search-index.js ; assets-manifest.js ; common.js ; app.js,search-index.js ; assets-manifest.js,https://fonts.googleapis.com/css2?family=Archivo:wght@400;500;600;700;900&display=swap ; style.css,recherche,#main ; index.html ; carte.html ; vehicules.html ; armes.html ; collectibles.html ; progression.html ; carte.html ; vehicules.html ; armes.html ; collectibles.html ; progression.html ; calculateurs.html ; a-propos.html ; contact.html ; mentions-legales.html
comparateur.html,/comparateur.html,page racine / noindex,Comparateur — véhicules et armes GTA VI | Leonidakit,https://www.leonidakit.com/comparateur.html,"noindex, follow",search-index.js ; armes-data.js ; vehicules-data.js ; assets-manifest.js ; common.js ; app.js ; comparateur.js,search-index.js ; armes-data.js ; vehicules-data.js ; assets-manifest.js,https://www.leonidakit.com/img/social-card.png ; https://fonts.googleapis.com/css2?family=Archivo:wght@400;500;600;700;900&display=swap ; style.css ; fiches.css,recherche ; comparaison,#main ; index.html ; carte.html ; vehicules.html ; armes.html ; collectibles.html ; progression.html ; index.html ; armes.html ; comparateur.html?type=armes
contact.html,/contact.html,page racine,Contact — Leonidakit,https://www.leonidakit.com/contact.html,,search-index.js ; assets-manifest.js ; common.js ; app.js,search-index.js ; assets-manifest.js,https://fonts.googleapis.com/css2?family=Archivo:wght@400;500;600;700;900&display=swap ; style.css ; https://www.leonidakit.com/img/social-card.png,recherche,#main ; index.html ; carte.html ; vehicules.html ; armes.html ; collectibles.html ; progression.html ; carte.html ; vehicules.html ; armes.html ; collectibles.html ; progression.html ; calculateurs.html ; a-propos.html ; contact.html ; mentions-legales.html
googleea0091a4822a39f7.html,/googleea0091a4822a39f7.html,vérification Google,,,,,,,,
index.html,/index.html,page racine,Leonidakit — Carte et outils pour GTA VI,https://www.leonidakit.com/,,search-index.js ; assets-manifest.js ; common.js ; app.js,search-index.js ; assets-manifest.js,https://fonts.googleapis.com/css2?family=Archivo:wght@400;500;600;700;900&display=swap ; style.css ; https://www.leonidakit.com/img/social-card.png,recherche ; newsletter ; accordéons,#main ; index.html ; carte.html ; vehicules.html ; armes.html ; collectibles.html ; progression.html ; carte.html ; carte.html ; vehicules.html ; collectibles.html ; carte.html ; vehicules.html ; progression.html ; calculateurs.html ; carte.html ; vehicules.html ; armes.html ; collectibles.html ; progression.html ; calculateurs.html ; a-propos.html ; contact.html ; mentions-legales.html
mentions-legales.html,/mentions-legales.html,page racine,Mentions légales — Leonidakit,https://www.leonidakit.com/mentions-legales.html,,search-index.js ; assets-manifest.js ; common.js ; app.js,search-index.js ; assets-manifest.js,https://fonts.googleapis.com/css2?family=Archivo:wght@400;500;600;700;900&display=swap ; style.css ; https://www.leonidakit.com/img/social-card.png,recherche,#main ; index.html ; carte.html ; vehicules.html ; armes.html ; collectibles.html ; progression.html ; contact.html ; carte.html ; vehicules.html ; armes.html ; collectibles.html ; progression.html ; calculateurs.html ; a-propos.html ; contact.html ; mentions-legales.html
progression.html,/progression.html,page racine,Suivi de progression GTA VI — Leonidakit,https://www.leonidakit.com/progression.html,,search-index.js ; assets-manifest.js ; common.js ; app.js ; progression-data.js ; progression.js,search-index.js ; assets-manifest.js ; progression-data.js,https://fonts.googleapis.com/css2?family=Archivo:wght@400;500;600;700;900&display=swap ; style.css ; https://www.leonidakit.com/img/social-card.png,recherche ; suivi local,#main ; index.html ; carte.html ; vehicules.html ; armes.html ; collectibles.html ; progression.html ; vehicules.html ; armes.html ; carte.html ; carte.html ; vehicules.html ; armes.html ; collectibles.html ; progression.html ; calculateurs.html ; a-propos.html ; contact.html ; mentions-legales.html
vehicules/airboat-09.html,/vehicules/airboat-09.html,fiche véhicule,Airgator Airboat 09 — GTA VI | Leonidakit,https://www.leonidakit.com/vehicules/airboat-09.html,,../search-index.js ; ../vehicules-data.js ; ../assets-manifest.js ; ../common.js ; ../app.js ; ../fiches.js,../search-index.js ; ../vehicules-data.js ; ../assets-manifest.js,https://fonts.googleapis.com/css2?family=Archivo:wght@400;500;600;700;900&display=swap ; ../style.css ; ../fiches.css ; https://www.leonidakit.com/img/social-card.png,recherche ; galerie ; possession,#main ; ../index.html ; ../carte.html ; ../vehicules.html ; ../armes.html ; ../collectibles.html ; ../progression.html ; ../index.html ; ../vehicules.html ; ../vehicules.html#cat=bateau ; ../comparateur.html?type=vehicules&ids=airboat-09 ; #modele-reel ; https://www.google.com/search?tbm=isch&q=Hydroglisseur%20Diamondback%20Hunting%20%26%20Fishing ; https://fr.wikipedia.org/w/index.php?search=Hydroglisseur%20Diamondback%20Hunting%20%26%20Fishing ; ../vehicules.html#cat=bateau ; ../carte.html#lieu=g-L1610 ; ../carte.html#lieu=g-L2375 ; ../carte.html#lieu=g-L590 ; ../contact.html ; btn-delmar.html ; crest-kayak.html ; dinka-jetmax.html ; nagasaki-marquis.html ; lure-predator-l35p.html ; lure-predator-l35p-police.html ; xero-blimp.html ; btn-delmar.html ; ../carte.html ; ../vehicules.html ; ../armes.html ; ../collectibles.html ; ../progression.html ; ../calculateurs.html ; ../a-propos.html ; ../contact.html ; ../mentions-legales.html
vehicules/airgator-airboat-09.html,/vehicules/airgator-airboat-09.html,fiche véhicule / noindex,Airgator Airboat 09 — GTA VI | Leonidakit,https://www.leonidakit.com/vehicules/airboat-09.html,"noindex, follow",,,,,/vehicules/airboat-09.html
vehicules/airport-bus.html,/vehicules/airport-bus.html,fiche véhicule,Airport Bus — GTA VI | Leonidakit,https://www.leonidakit.com/vehicules/airport-bus.html,,../search-index.js ; ../vehicules-data.js ; ../assets-manifest.js ; ../common.js ; ../app.js ; ../fiches.js,../search-index.js ; ../vehicules-data.js ; ../assets-manifest.js,https://fonts.googleapis.com/css2?family=Archivo:wght@400;500;600;700;900&display=swap ; ../style.css ; ../fiches.css ; https://www.leonidakit.com/img/social-card.png,recherche ; galerie ; possession,#main ; ../index.html ; ../carte.html ; ../vehicules.html ; ../armes.html ; ../collectibles.html ; ../progression.html ; ../index.html ; ../vehicules.html ; ../vehicules.html#cat=service ; ../comparateur.html?type=vehicules&ids=airport-bus ; #modele-reel ; https://www.google.com/search?tbm=isch&q=Navette%20d'a%C3%A9roport ; https://fr.wikipedia.org/w/index.php?search=Navette%20d'a%C3%A9roport ; ../vehicules.html#cat=service ; ../carte.html#lieu=g-L1610 ; ../carte.html#lieu=g-L2375 ; ../carte.html#lieu=g-L590 ; ../contact.html ; bravado-bison-1800-police.html ; bravado-buffalo-stx-pursuit.html ; bravado-gauntlet-interceptor.html ; bravado-police-cruiser-buffalo.html ; brute-ambulance.html ; brute-bus.html ; maibatsu-mule.html ; amloco-ge-genesis.html ; ../carte.html ; ../vehicules.html ; ../armes.html ; ../collectibles.html ; ../progression.html ; ../calculateurs.html ; ../a-propos.html ; ../contact.html ; ../mentions-legales.html
vehicules/albany-buccaneer-custom.html,/vehicules/albany-buccaneer-custom.html,fiche véhicule,Albany Buccaneer Custom — GTA VI | Leonidakit,https://www.leonidakit.com/vehicules/albany-buccaneer-custom.html,,../search-index.js ; ../vehicules-data.js ; ../assets-manifest.js ; ../common.js ; ../app.js ; ../fiches.js,../search-index.js ; ../vehicules-data.js ; ../assets-manifest.js,https://fonts.googleapis.com/css2?family=Archivo:wght@400;500;600;700;900&display=swap ; ../style.css ; ../fiches.css ; https://www.leonidakit.com/img/social-card.png,recherche ; galerie ; possession,#main ; ../index.html ; ../carte.html ; ../vehicules.html ; ../armes.html ; ../collectibles.html ; ../progression.html ; ../index.html ; ../vehicules.html ; ../vehicules.html#cat=muscle ; ../comparateur.html?type=vehicules&ids=albany-buccaneer-custom ; #modele-reel ; https://www.google.com/search?tbm=isch&q=Ford%20Fairlane ; https://fr.wikipedia.org/w/index.php?search=Ford%20Fairlane ; ../vehicules.html#slot=americain ; ../vehicules.html#cat=muscle ; ../vehicules.html#slot=americain ; ../carte.html#lieu=g-L1610 ; ../carte.html#lieu=g-L2375 ; ../carte.html#lieu=g-L590 ; ../contact.html ; albany-buccaneer.html ; albany-virgo-classic.html ; bravado-buffalo-stx.html ; bravado-gauntlet-classic.html ; vapid-gauntlet-classic-custom.html ; bravado-gauntlet-hellfire.html ; albany-buccaneer.html ; albany-virgo-classic.html ; ../carte.html ; ../vehicules.html ; ../armes.html ; ../collectibles.html ; ../progression.html ; ../calculateurs.html ; ../a-propos.html ; ../contact.html ; ../mentions-legales.html
vehicules/albany-buccaneer.html,/vehicules/albany-buccaneer.html,fiche véhicule,Albany Buccaneer — GTA VI | Leonidakit,https://www.leonidakit.com/vehicules/albany-buccaneer.html,,../search-index.js ; ../vehicules-data.js ; ../assets-manifest.js ; ../common.js ; ../app.js ; ../fiches.js,../search-index.js ; ../vehicules-data.js ; ../assets-manifest.js,https://fonts.googleapis.com/css2?family=Archivo:wght@400;500;600;700;900&display=swap ; ../style.css ; ../fiches.css ; https://www.leonidakit.com/img/social-card.png,recherche ; galerie ; possession,#main ; ../index.html ; ../carte.html ; ../vehicules.html ; ../armes.html ; ../collectibles.html ; ../progression.html ; ../index.html ; ../vehicules.html ; ../vehicules.html#cat=muscle ; ../comparateur.html?type=vehicules&ids=albany-buccaneer ; #modele-reel ; https://www.google.com/search?tbm=isch&q=Ford%20Fairlane ; https://fr.wikipedia.org/w/index.php?search=Ford%20Fairlane ; ../vehicules.html#slot=americain ; ../vehicules.html#cat=muscle ; ../vehicules.html#slot=americain ; ../carte.html#lieu=g-L1610 ; ../carte.html#lieu=g-L2375 ; ../carte.html#lieu=g-L590 ; ../contact.html ; albany-buccaneer-custom.html ; albany-virgo-classic.html ; bravado-buffalo-stx.html ; bravado-gauntlet-classic.html ; vapid-gauntlet-classic-custom.html ; bravado-gauntlet-hellfire.html ; progen-emerus.html ; albany-buccaneer-custom.html ; ../carte.html ; ../vehicules.html ; ../armes.html ; ../collectibles.html ; ../progression.html ; ../calculateurs.html ; ../a-propos.html ; ../contact.html ; ../mentions-legales.html
vehicules/albany-cavalcade-xl.html,/vehicules/albany-cavalcade-xl.html,fiche véhicule,Albany Cavalcade XL — GTA VI | Leonidakit,https://www.leonidakit.com/vehicules/albany-cavalcade-xl.html,,../search-index.js ; ../vehicules-data.js ; ../assets-manifest.js ; ../common.js ; ../app.js ; ../fiches.js,../search-index.js ; ../vehicules-data.js ; ../assets-manifest.js,https://fonts.googleapis.com/css2?family=Archivo:wght@400;500;600;700;900&display=swap ; ../style.css ; ../fiches.css ; https://www.leonidakit.com/img/social-card.png,recherche ; galerie ; possession,#main ; ../index.html ; ../carte.html ; ../vehicules.html ; ../armes.html ; ../collectibles.html ; ../progression.html ; ../index.html ; ../vehicules.html ; ../vehicules.html#cat=suv ; ../comparateur.html?type=vehicules&ids=albany-cavalcade-xl ; #modele-reel ; https://www.google.com/search?tbm=isch&q=Cadillac%20Escalade-V%202023 ; https://fr.wikipedia.org/w/index.php?search=Cadillac%20Escalade-V%202023 ; ../vehicules.html#slot=americain ; ../vehicules.html#cat=suv ; ../vehicules.html#slot=americain ; ../carte.html#lieu=g-L1610 ; ../carte.html#lieu=g-L2375 ; ../carte.html#lieu=g-L590 ; ../contact.html ; benefactor-dubsta.html ; benefactor-xls.html ; bravado-dorado.html ; enus-jubilee.html ; canis-mesa.html ; declasse-seminole-frontier.html ; willard-faction-custom-donk.html ; benefactor-dubsta.html ; ../carte.html ; ../vehicules.html ; ../armes.html ; ../collectibles.html ; ../progression.html ; ../calculateurs.html ; ../a-propos.html ; ../contact.html ; ../mentions-legales.html
vehicules/albany-emperor.html,/vehicules/albany-emperor.html,fiche véhicule,Albany Emperor — GTA VI | Leonidakit,https://www.leonidakit.com/vehicules/albany-emperor.html,,../search-index.js ; ../vehicules-data.js ; ../assets-manifest.js ; ../common.js ; ../app.js ; ../fiches.js,../search-index.js ; ../vehicules-data.js ; ../assets-manifest.js,https://fonts.googleapis.com/css2?family=Archivo:wght@400;500;600;700;900&display=swap ; ../style.css ; ../fiches.css ; https://www.leonidakit.com/img/social-card.png,recherche ; galerie ; possession,#main ; ../index.html ; ../carte.html ; ../vehicules.html ; ../armes.html ; ../collectibles.html ; ../progression.html ; ../index.html ; ../vehicules.html ; ../vehicules.html#cat=berline ; ../comparateur.html?type=vehicules&ids=albany-emperor ; #modele-reel ; https://www.google.com/search?tbm=isch&q=Cadillac%20Sedan%20de%20Ville ; https://fr.wikipedia.org/w/index.php?search=Cadillac%20Sedan%20de%20Ville ; ../vehicules.html#slot=americain ; ../vehicules.html#cat=berline ; ../vehicules.html#slot=americain ; ../carte.html#lieu=g-L1610 ; ../carte.html#lieu=g-L2375 ; ../carte.html#lieu=g-L590 ; ../contact.html ; albany-primo.html ; albany-primo-custom.html ; benefactor-schafter-v12.html ; karin-asterope.html ; karin-asterope-gz.html ; lampadati-feroci.html ; vcmm-train.html ; albany-primo.html ; ../carte.html ; ../vehicules.html ; ../armes.html ; ../collectibles.html ; ../progression.html ; ../calculateurs.html ; ../a-propos.html ; ../contact.html ; ../mentions-legales.html
vehicules/albany-manana.html,/vehicules/albany-manana.html,fiche véhicule,Albany Manana — GTA VI | Leonidakit,https://www.leonidakit.com/vehicules/albany-manana.html,,../search-index.js ; ../vehicules-data.js ; ../assets-manifest.js ; ../common.js ; ../app.js ; ../fiches.js,../search-index.js ; ../vehicules-data.js ; ../assets-manifest.js,https://fonts.googleapis.com/css2?family=Archivo:wght@400;500;600;700;900&display=swap ; ../style.css ; ../fiches.css ; https://www.leonidakit.com/img/social-card.png,recherche ; galerie ; possession,#main ; ../index.html ; ../carte.html ; ../vehicules.html ; ../armes.html ; ../collectibles.html ; ../progression.html ; ../index.html ; ../vehicules.html ; ../vehicules.html#cat=sport ; ../comparateur.html?type=vehicules&ids=albany-manana ; #modele-reel ; https://www.google.com/search?tbm=isch&q=Buick%20LeSabre ; https://fr.wikipedia.org/w/index.php?search=Buick%20LeSabre ; ../vehicules.html#slot=americain ; ../vehicules.html#cat=sport ; ../vehicules.html#slot=americain ; ../carte.html#lieu=g-L1610 ; ../carte.html#lieu=g-L2375 ; ../carte.html#lieu=g-L590 ; ../contact.html ; albany-v-str.html ; annis-elegy-retro-custom.html ; benefactor-schafter-lwb.html ; bravado-banshee.html ; bravado-buffalo.html ; bravado-buffalo-s.html ; declasse-stratum.html ; albany-v-str.html ; ../carte.html ; ../vehicules.html ; ../armes.html ; ../collectibles.html ; ../progression.html ; ../calculateurs.html ; ../a-propos.html ; ../contact.html ; ../mentions-legales.html
vehicules/albany-primo-custom.html,/vehicules/albany-primo-custom.html,fiche véhicule,Albany Primo Custom — GTA VI | Leonidakit,https://www.leonidakit.com/vehicules/albany-primo-custom.html,,../search-index.js ; ../vehicules-data.js ; ../assets-manifest.js ; ../common.js ; ../app.js ; ../fiches.js,../search-index.js ; ../vehicules-data.js ; ../assets-manifest.js,https://fonts.googleapis.com/css2?family=Archivo:wght@400;500;600;700;900&display=swap ; ../style.css ; ../fiches.css ; https://www.leonidakit.com/img/social-card.png,recherche ; galerie ; possession,#main ; ../index.html ; ../carte.html ; ../vehicules.html ; ../armes.html ; ../collectibles.html ; ../progression.html ; ../index.html ; ../vehicules.html ; ../vehicules.html#cat=berline ; ../comparateur.html?type=vehicules&ids=albany-primo-custom ; #modele-reel ; https://www.google.com/search?tbm=isch&q=Buick%20Regal ; https://fr.wikipedia.org/w/index.php?search=Buick%20Regal ; ../vehicules.html#slot=americain ; ../vehicules.html#cat=berline ; ../vehicules.html#slot=americain ; ../carte.html#lieu=g-L1610 ; ../carte.html#lieu=g-L2375 ; ../carte.html#lieu=g-L590 ; ../contact.html ; albany-emperor.html ; albany-primo.html ; benefactor-schafter-v12.html ; karin-asterope.html ; karin-asterope-gz.html ; lampadati-feroci.html ; albany-primo.html ; benefactor-schafter-v12.html ; ../carte.html ; ../vehicules.html ; ../armes.html ; ../collectibles.html ; ../progression.html ; ../calculateurs.html ; ../a-propos.html ; ../contact.html ; ../mentions-legales.html
vehicules/albany-primo.html,/vehicules/albany-primo.html,fiche véhicule,Albany Primo — GTA VI | Leonidakit,https://www.leonidakit.com/vehicules/albany-primo.html,,../search-index.js ; ../vehicules-data.js ; ../assets-manifest.js ; ../common.js ; ../app.js ; ../fiches.js,../search-index.js ; ../vehicules-data.js ; ../assets-manifest.js,https://fonts.googleapis.com/css2?family=Archivo:wght@400;500;600;700;900&display=swap ; ../style.css ; ../fiches.css ; https://www.leonidakit.com/img/social-card.png,recherche ; galerie ; possession,#main ; ../index.html ; ../carte.html ; ../vehicules.html ; ../armes.html ; ../collectibles.html ; ../progression.html ; ../index.html ; ../vehicules.html ; ../vehicules.html#cat=berline ; ../comparateur.html?type=vehicules&ids=albany-primo ; #modele-reel ; https://www.google.com/search?tbm=isch&q=Pontiac%20Bonneville%20fin%20des%20ann%C3%A9es%2080 ; https://fr.wikipedia.org/w/index.php?search=Pontiac%20Bonneville%20fin%20des%20ann%C3%A9es%2080 ; ../vehicules.html#slot=americain ; ../vehicules.html#cat=berline ; ../vehicules.html#slot=americain ; ../carte.html#lieu=g-L1610 ; ../carte.html#lieu=g-L2375 ; ../carte.html#lieu=g-L590 ; ../contact.html ; albany-emperor.html ; albany-primo-custom.html ; benefactor-schafter-v12.html ; karin-asterope.html ; karin-asterope-gz.html ; lampadati-feroci.html ; albany-emperor.html ; albany-primo-custom.html ; ../carte.html ; ../vehicules.html ; ../armes.html ; ../collectibles.html ; ../progression.html ; ../calculateurs.html ; ../a-propos.html ; ../contact.html ; ../mentions-legales.html
vehicules/albany-v-str.html,/vehicules/albany-v-str.html,fiche véhicule,Albany V-STR — GTA VI | Leonidakit,https://www.leonidakit.com/vehicules/albany-v-str.html,,../search-index.js ; ../vehicules-data.js ; ../assets-manifest.js ; ../common.js ; ../app.js ; ../fiches.js,../search-index.js ; ../vehicules-data.js ; ../assets-manifest.js,https://fonts.googleapis.com/css2?family=Archivo:wght@400;500;600;700;900&display=swap ; ../style.css ; ../fiches.css ; https://www.leonidakit.com/img/social-card.png,recherche ; galerie ; possession,#main ; ../index.html ; ../carte.html ; ../vehicules.html ; ../armes.html ; ../collectibles.html ; ../progression.html ; ../index.html ; ../vehicules.html ; ../vehicules.html#cat=sport ; ../comparateur.html?type=vehicules&ids=albany-v-str ; #modele-reel ; https://www.google.com/search?tbm=isch&q=2019%20Cadillac%20CTS-V ; https://fr.wikipedia.org/w/index.php?search=2019%20Cadillac%20CTS-V ; ../vehicules.html#slot=americain ; ../vehicules.html#cat=sport ; ../vehicules.html#slot=americain ; ../carte.html#lieu=g-L1610 ; ../carte.html#lieu=g-L2375 ; ../carte.html#lieu=g-L590 ; ../contact.html ; albany-manana.html ; annis-elegy-retro-custom.html ; benefactor-schafter-lwb.html ; bravado-banshee.html ; bravado-buffalo.html ; bravado-buffalo-s.html ; albany-manana.html ; annis-elegy-retro-custom.html ; ../carte.html ; ../vehicules.html ; ../armes.html ; ../collectibles.html ; ../progression.html ; ../calculateurs.html ; ../a-propos.html ; ../contact.html ; ../mentions-legales.html
vehicules/albany-virgo-classic.html,/vehicules/albany-virgo-classic.html,fiche véhicule,Albany Virgo Classic — GTA VI | Leonidakit,https://www.leonidakit.com/vehicules/albany-virgo-classic.html,,../search-index.js ; ../vehicules-data.js ; ../assets-manifest.js ; ../common.js ; ../app.js ; ../fiches.js,../search-index.js ; ../vehicules-data.js ; ../assets-manifest.js,https://fonts.googleapis.com/css2?family=Archivo:wght@400;500;600;700;900&display=swap ; ../style.css ; ../fiches.css ; https://www.leonidakit.com/img/social-card.png,recherche ; galerie ; possession,#main ; ../index.html ; ../carte.html ; ../vehicules.html ; ../armes.html ; ../collectibles.html ; ../progression.html ; ../index.html ; ../vehicules.html ; ../vehicules.html#cat=muscle ; ../comparateur.html?type=vehicules&ids=albany-virgo-classic ; #modele-reel ; https://www.google.com/search?tbm=isch&q=Lincoln%20Continental%20Mark%20III ; https://fr.wikipedia.org/w/index.php?search=Lincoln%20Continental%20Mark%20III ; ../vehicules.html#slot=americain ; ../vehicules.html#cat=muscle ; ../vehicules.html#slot=americain ; ../carte.html#lieu=g-L1610 ; ../carte.html#lieu=g-L2375 ; ../carte.html#lieu=g-L590 ; ../contact.html ; albany-buccaneer.html ; albany-buccaneer-custom.html ; bravado-buffalo-stx.html ; bravado-gauntlet-classic.html ; vapid-gauntlet-classic-custom.html ; bravado-gauntlet-hellfire.html ; albany-buccaneer-custom.html ; bravado-buffalo-stx.html ; ../carte.html ; ../vehicules.html ; ../armes.html ; ../collectibles.html ; ../progression.html ; ../calculateurs.html ; ../a-propos.html ; ../contact.html ; ../mentions-legales.html
vehicules/amloco-ge-genesis.html,/vehicules/amloco-ge-genesis.html,fiche véhicule,Amloco (GE Genesis) — GTA VI | Leonidakit,https://www.leonidakit.com/vehicules/amloco-ge-genesis.html,,../search-index.js ; ../vehicules-data.js ; ../assets-manifest.js ; ../common.js ; ../app.js ; ../fiches.js,../search-index.js ; ../vehicules-data.js ; ../assets-manifest.js,https://fonts.googleapis.com/css2?family=Archivo:wght@400;500;600;700;900&display=swap ; ../style.css ; ../fiches.css ; https://www.leonidakit.com/img/social-card.png,recherche ; galerie ; possession,#main ; ../index.html ; ../carte.html ; ../vehicules.html ; ../armes.html ; ../collectibles.html ; ../progression.html ; ../index.html ; ../vehicules.html ; ../vehicules.html#cat=service ; ../comparateur.html?type=vehicules&ids=amloco-ge-genesis ; #modele-reel ; https://www.google.com/search?tbm=isch&q=Locomotive%20GE%20Genesis ; https://fr.wikipedia.org/w/index.php?search=Locomotive%20GE%20Genesis ; ../vehicules.html#cat=service ; ../carte.html#lieu=g-L1610 ; ../carte.html#lieu=g-L2375 ; ../carte.html#lieu=g-L590 ; ../contact.html ; bravado-bison-1800-police.html ; bravado-buffalo-stx-pursuit.html ; bravado-gauntlet-interceptor.html ; bravado-police-cruiser-buffalo.html ; brute-ambulance.html ; brute-bus.html ; airport-bus.html ; dashound.html ; ../carte.html ; ../vehicules.html ; ../armes.html ; ../collectibles.html ; ../progression.html ; ../calculateurs.html ; ../a-propos.html ; ../contact.html ; ../mentions-legales.html
vehicules/annis-elegy-retro-custom.html,/vehicules/annis-elegy-retro-custom.html,fiche véhicule,Annis Elegy Retro Custom — GTA VI | Leonidakit,https://www.leonidakit.com/vehicules/annis-elegy-retro-custom.html,,../search-index.js ; ../vehicules-data.js ; ../assets-manifest.js ; ../common.js ; ../app.js ; ../fiches.js,../search-index.js ; ../vehicules-data.js ; ../assets-manifest.js,https://fonts.googleapis.com/css2?family=Archivo:wght@400;500;600;700;900&display=swap ; ../style.css ; ../fiches.css ; https://www.leonidakit.com/img/social-card.png,recherche ; galerie ; possession,#main ; ../index.html ; ../carte.html ; ../vehicules.html ; ../armes.html ; ../collectibles.html ; ../progression.html ; ../index.html ; ../vehicules.html ; ../vehicules.html#cat=sport ; ../comparateur.html?type=vehicules&ids=annis-elegy-retro-custom ; #modele-reel ; https://www.google.com/search?tbm=isch&q=Nissan%20Skyline%20GT-R ; https://fr.wikipedia.org/w/index.php?search=Nissan%20Skyline%20GT-R ; ../vehicules.html#slot=japonais ; ../vehicules.html#cat=sport ; ../vehicules.html#slot=japonais ; ../carte.html#lieu=g-L1610 ; ../carte.html#lieu=g-L2375 ; ../carte.html#lieu=g-L590 ; ../contact.html ; albany-manana.html ; albany-v-str.html ; benefactor-schafter-lwb.html ; bravado-banshee.html ; bravado-buffalo.html ; bravado-buffalo-s.html ; albany-v-str.html ; benefactor-schafter-lwb.html ; ../carte.html ; ../vehicules.html ; ../armes.html ; ../collectibles.html ; ../progression.html ; ../calculateurs.html ; ../a-propos.html ; ../contact.html ; ../mentions-legales.html
vehicules/annis-futo.html,/vehicules/annis-futo.html,fiche véhicule,Karin Futo — GTA VI | Leonidakit,https://www.leonidakit.com/vehicules/annis-futo.html,,../search-index.js ; ../vehicules-data.js ; ../assets-manifest.js ; ../common.js ; ../app.js ; ../fiches.js,../search-index.js ; ../vehicules-data.js ; ../assets-manifest.js,https://fonts.googleapis.com/css2?family=Archivo:wght@400;500;600;700;900&display=swap ; ../style.css ; ../fiches.css ; https://www.leonidakit.com/img/social-card.png,recherche ; galerie ; possession,#main ; ../index.html ; ../carte.html ; ../vehicules.html ; ../armes.html ; ../collectibles.html ; ../progression.html ; ../index.html ; ../vehicules.html ; ../vehicules.html#cat=sport ; ../comparateur.html?type=vehicules&ids=annis-futo ; #modele-reel ; https://www.google.com/search?tbm=isch&q=Toyota%20AE86%20Levin ; https://fr.wikipedia.org/w/index.php?search=Toyota%20AE86%20Levin ; ../vehicules.html#slot=japonais ; ../vehicules.html#cat=sport ; ../vehicules.html#slot=japonais ; ../carte.html#lieu=g-L1610 ; ../carte.html#lieu=g-L2375 ; ../carte.html#lieu=g-L590 ; ../contact.html ; albany-manana.html ; albany-v-str.html ; annis-elegy-retro-custom.html ; benefactor-schafter-lwb.html ; bravado-banshee.html ; bravado-buffalo.html ; invetero-coquette-d10.html ; karin-sultan.html ; ../carte.html ; ../vehicules.html ; ../armes.html ; ../collectibles.html ; ../progression.html ; ../calculateurs.html ; ../a-propos.html ; ../contact.html ; ../mentions-legales.html
vehicules/annis-growler.html,/vehicules/annis-growler.html,fiche véhicule,Pfister Growler — GTA VI | Leonidakit,https://www.leonidakit.com/vehicules/annis-growler.html,,../search-index.js ; ../vehicules-data.js ; ../assets-manifest.js ; ../common.js ; ../app.js ; ../fiches.js,../search-index.js ; ../vehicules-data.js ; ../assets-manifest.js,https://fonts.googleapis.com/css2?family=Archivo:wght@400;500;600;700;900&display=swap ; ../style.css ; ../fiches.css ; https://www.leonidakit.com/img/social-card.png,recherche ; galerie ; possession,#main ; ../index.html ; ../carte.html ; ../vehicules.html ; ../armes.html ; ../collectibles.html ; ../progression.html ; ../index.html ; ../vehicules.html ; ../vehicules.html#cat=sport ; ../comparateur.html?type=vehicules&ids=annis-growler ; #modele-reel ; https://www.google.com/search?tbm=isch&q=Porsche%20718%20Cayman ; https://fr.wikipedia.org/w/index.php?search=Porsche%20718%20Cayman ; ../vehicules.html#slot=europeen ; ../vehicules.html#cat=sport ; ../vehicules.html#slot=europeen ; ../carte.html#lieu=g-L1610 ; ../carte.html#lieu=g-L2375 ; ../carte.html#lieu=g-L590 ; ../contact.html ; albany-manana.html ; albany-v-str.html ; annis-elegy-retro-custom.html ; benefactor-schafter-lwb.html ; bravado-banshee.html ; bravado-buffalo.html ; pfister-comet-s2-cabrio.html ; pfister-neon.html ; ../carte.html ; ../vehicules.html ; ../armes.html ; ../collectibles.html ; ../progression.html ; ../calculateurs.html ; ../a-propos.html ; ../contact.html ; ../mentions-legales.html
vehicules/annis-hellion.html,/vehicules/annis-hellion.html,fiche véhicule,Annis Hellion — GTA VI | Leonidakit,https://www.leonidakit.com/vehicules/annis-hellion.html,,../search-index.js ; ../vehicules-data.js ; ../assets-manifest.js ; ../common.js ; ../app.js ; ../fiches.js,../search-index.js ; ../vehicules-data.js ; ../assets-manifest.js,https://fonts.googleapis.com/css2?family=Archivo:wght@400;500;600;700;900&display=swap ; ../style.css ; ../fiches.css ; https://www.leonidakit.com/img/social-card.png,recherche ; galerie ; possession,#main ; ../index.html ; ../carte.html ; ../vehicules.html ; ../armes.html ; ../collectibles.html ; ../progression.html ; ../index.html ; ../vehicules.html ; ../vehicules.html#cat=pickup ; ../comparateur.html?type=vehicules&ids=annis-hellion ; #modele-reel ; https://www.google.com/search?tbm=isch&q=Nissan%20Patrol%20Safari%20Y6 ; https://fr.wikipedia.org/w/index.php?search=Nissan%20Patrol%20Safari%20Y6 ; ../vehicules.html#slot=japonais ; ../vehicules.html#cat=pickup ; ../vehicules.html#slot=japonais ; ../carte.html#lieu=g-L1610 ; ../carte.html#lieu=g-L2375 ; ../carte.html#lieu=g-L590 ; ../contact.html ; bravado-bison-900-95-monster-truck.html ; canis-kamacho.html ; declasse-rancher.html ; declasse-walton-l35-stock.html ; declasse-yosemite.html ; declasse-yosemite-1500.html ; vapid-riata-classic.html ; bravado-bison-900-95-monster-truck.html ; ../carte.html ; ../vehicules.html ; ../armes.html ; ../collectibles.html ; ../progression.html ; ../calculateurs.html ; ../a-propos.html ; ../contact.html ; ../mentions-legales.html
vehicules/audi-a7-rs7.html,/vehicules/audi-a7-rs7.html,fiche véhicule,A7 RS7 — GTA VI | Leonidakit,https://www.leonidakit.com/vehicules/audi-a7-rs7.html,,../search-index.js ; ../vehicules-data.js ; ../assets-manifest.js ; ../common.js ; ../app.js ; ../fiches.js,../search-index.js ; ../vehicules-data.js ; ../assets-manifest.js,https://fonts.googleapis.com/css2?family=Archivo:wght@400;500;600;700;900&display=swap ; ../style.css ; ../fiches.css ; https://www.leonidakit.com/img/social-card.png,recherche ; galerie ; possession,#main ; ../index.html ; ../carte.html ; ../vehicules.html ; ../armes.html ; ../collectibles.html ; ../progression.html ; ../index.html ; ../vehicules.html ; ../vehicules.html#cat=berline ; ../comparateur.html?type=vehicules&ids=audi-a7-rs7 ; #modele-reel ; https://www.google.com/search?tbm=isch&q=Audi%20RS7 ; https://fr.wikipedia.org/w/index.php?search=Audi%20RS7 ; ../vehicules.html#slot=europeen ; ../vehicules.html#cat=berline ; ../vehicules.html#slot=europeen ; ../carte.html#lieu=g-L1610 ; ../carte.html#lieu=g-L2375 ; ../carte.html#lieu=g-L590 ; ../contact.html ; albany-emperor.html ; albany-primo.html ; albany-primo-custom.html ; benefactor-schafter-v12.html ; karin-asterope.html ; karin-asterope-gz.html ; karin-intruder.html ; honda-accord-10.html ; ../carte.html ; ../vehicules.html ; ../armes.html ; ../collectibles.html ; ../progression.html ; ../calculateurs.html ; ../a-propos.html ; ../contact.html ; ../mentions-legales.html
vehicules/audi-q7-2.html,/vehicules/audi-q7-2.html,fiche véhicule,Q7 — GTA VI | Leonidakit,https://www.leonidakit.com/vehicules/audi-q7-2.html,,../search-index.js ; ../vehicules-data.js ; ../assets-manifest.js ; ../common.js ; ../app.js ; ../fiches.js,../search-index.js ; ../vehicules-data.js ; ../assets-manifest.js,https://fonts.googleapis.com/css2?family=Archivo:wght@400;500;600;700;900&display=swap ; ../style.css ; ../fiches.css ; https://www.leonidakit.com/img/social-card.png,recherche ; galerie ; possession,#main ; ../index.html ; ../carte.html ; ../vehicules.html ; ../armes.html ; ../collectibles.html ; ../progression.html ; ../index.html ; ../vehicules.html ; ../vehicules.html#cat=suv ; ../comparateur.html?type=vehicules&ids=audi-q7-2 ; #modele-reel ; https://www.google.com/search?tbm=isch&q=Audi%20Q7 ; https://fr.wikipedia.org/w/index.php?search=Audi%20Q7 ; ../vehicules.html#slot=europeen ; ../vehicules.html#cat=suv ; ../vehicules.html#slot=europeen ; ../carte.html#lieu=g-L1610 ; ../carte.html#lieu=g-L2375 ; ../carte.html#lieu=g-L590 ; ../contact.html ; albany-cavalcade-xl.html ; benefactor-dubsta.html ; benefactor-xls.html ; bravado-dorado.html ; enus-jubilee.html ; canis-mesa.html ; ford-explorer-2.html ; toyota-rav4-5.html ; ../carte.html ; ../vehicules.html ; ../armes.html ; ../collectibles.html ; ../progression.html ; ../calculateurs.html ; ../a-propos.html ; ../contact.html ; ../mentions-legales.html
vehicules/azimut-85.html,/vehicules/azimut-85.html,fiche véhicule,Azimut 85 — GTA VI | Leonidakit,https://www.leonidakit.com/vehicules/azimut-85.html,,../search-index.js ; ../vehicules-data.js ; ../assets-manifest.js ; ../common.js ; ../app.js ; ../fiches.js,../search-index.js ; ../vehicules-data.js ; ../assets-manifest.js,https://fonts.googleapis.com/css2?family=Archivo:wght@400;500;600;700;900&display=swap ; ../style.css ; ../fiches.css ; https://www.leonidakit.com/img/social-card.png,recherche ; galerie ; possession,#main ; ../index.html ; ../carte.html ; ../vehicules.html ; ../armes.html ; ../collectibles.html ; ../progression.html ; ../index.html ; ../vehicules.html ; ../vehicules.html#cat=bateau ; ../comparateur.html?type=vehicules&ids=azimut-85 ; #modele-reel ; https://www.google.com/search?tbm=isch&q=Azimut%2085 ; https://fr.wikipedia.org/w/index.php?search=Azimut%2085 ; ../vehicules.html#slot=europeen ; ../vehicules.html#cat=bateau ; ../vehicules.html#slot=europeen ; ../carte.html#lieu=g-L1610 ; ../carte.html#lieu=g-L2375 ; ../carte.html#lieu=g-L590 ; ../contact.html ; airboat-09.html ; btn-delmar.html ; crest-kayak.html ; dinka-jetmax.html ; nagasaki-marquis.html ; lure-predator-l35p.html ; lure-predator-s23.html ; azimut-atlantis-45.html ; ../carte.html ; ../vehicules.html ; ../armes.html ; ../collectibles.html ; ../progression.html ; ../calculateurs.html ; ../a-propos.html ; ../contact.html ; ../mentions-legales.html
vehicules/azimut-atlantis-45.html,/vehicules/azimut-atlantis-45.html,fiche véhicule,Azimut Atlantis 45 — GTA VI | Leonidakit,https://www.leonidakit.com/vehicules/azimut-atlantis-45.html,,../search-index.js ; ../vehicules-data.js ; ../assets-manifest.js ; ../common.js ; ../app.js ; ../fiches.js,../search-index.js ; ../vehicules-data.js ; ../assets-manifest.js,https://fonts.googleapis.com/css2?family=Archivo:wght@400;500;600;700;900&display=swap ; ../style.css ; ../fiches.css ; https://www.leonidakit.com/img/social-card.png,recherche ; galerie ; possession,#main ; ../index.html ; ../carte.html ; ../vehicules.html ; ../armes.html ; ../collectibles.html ; ../progression.html ; ../index.html ; ../vehicules.html ; ../vehicules.html#cat=bateau ; ../comparateur.html?type=vehicules&ids=azimut-atlantis-45 ; #modele-reel ; https://www.google.com/search?tbm=isch&q=Azimut%20Atlantis%2045 ; https://fr.wikipedia.org/w/index.php?search=Azimut%20Atlantis%2045 ; ../vehicules.html#slot=europeen ; ../vehicules.html#cat=bateau ; ../vehicules.html#slot=europeen ; ../carte.html#lieu=g-L1610 ; ../carte.html#lieu=g-L2375 ; ../carte.html#lieu=g-L590 ; ../contact.html ; airboat-09.html ; btn-delmar.html ; crest-kayak.html ; dinka-jetmax.html ; nagasaki-marquis.html ; lure-predator-l35p.html ; azimut-85.html ; fishing-boat.html ; ../carte.html ; ../vehicules.html ; ../armes.html ; ../collectibles.html ; ../progression.html ; ../calculateurs.html ; ../a-propos.html ; ../contact.html ; ../mentions-legales.html
vehicules/bavaria-sr33.html,/vehicules/bavaria-sr33.html,fiche véhicule,Bavaria SR33 — GTA VI | Leonidakit,https://www.leonidakit.com/vehicules/bavaria-sr33.html,,../search-index.js ; ../vehicules-data.js ; ../assets-manifest.js ; ../common.js ; ../app.js ; ../fiches.js,../search-index.js ; ../vehicules-data.js ; ../assets-manifest.js,https://fonts.googleapis.com/css2?family=Archivo:wght@400;500;600;700;900&display=swap ; ../style.css ; ../fiches.css ; https://www.leonidakit.com/img/social-card.png,recherche ; galerie ; possession,#main ; ../index.html ; ../carte.html ; ../vehicules.html ; ../armes.html ; ../collectibles.html ; ../progression.html ; ../index.html ; ../vehicules.html ; ../vehicules.html#cat=bateau ; ../comparateur.html?type=vehicules&ids=bavaria-sr33 ; #modele-reel ; https://www.google.com/search?tbm=isch&q=Bavaria%20SR33 ; https://fr.wikipedia.org/w/index.php?search=Bavaria%20SR33 ; ../vehicules.html#slot=europeen ; ../vehicules.html#cat=bateau ; ../vehicules.html#slot=europeen ; ../carte.html#lieu=g-L1610 ; ../carte.html#lieu=g-L2375 ; ../carte.html#lieu=g-L590 ; ../contact.html ; airboat-09.html ; btn-delmar.html ; crest-kayak.html ; dinka-jetmax.html ; nagasaki-marquis.html ; lure-predator-l35p.html ; water-taxi.html ; clarion.html ; ../carte.html ; ../vehicules.html ; ../armes.html ; ../collectibles.html ; ../progression.html ; ../calculateurs.html ; ../a-propos.html ; ../contact.html ; ../mentions-legales.html
vehicules/benefactor-dubsta.html,/vehicules/benefactor-dubsta.html,fiche véhicule,Benefactor Dubsta — GTA VI | Leonidakit,https://www.leonidakit.com/vehicules/benefactor-dubsta.html,,../search-index.js ; ../vehicules-data.js ; ../assets-manifest.js ; ../common.js ; ../app.js ; ../fiches.js,../search-index.js ; ../vehicules-data.js ; ../assets-manifest.js,https://fonts.googleapis.com/css2?family=Archivo:wght@400;500;600;700;900&display=swap ; ../style.css ; ../fiches.css ; https://www.leonidakit.com/img/social-card.png,recherche ; galerie ; possession,#main ; ../index.html ; ../carte.html ; ../vehicules.html ; ../armes.html ; ../collectibles.html ; ../progression.html ; ../index.html ; ../vehicules.html ; ../vehicules.html#cat=suv ; ../comparateur.html?type=vehicules&ids=benefactor-dubsta ; #modele-reel ; https://www.google.com/search?tbm=isch&q=Mercedes-Benz%20G-Class ; https://fr.wikipedia.org/w/index.php?search=Mercedes-Benz%20G-Class ; ../vehicules.html#slot=europeen ; ../vehicules.html#cat=suv ; ../vehicules.html#slot=europeen ; ../carte.html#lieu=g-L1610 ; ../carte.html#lieu=g-L2375 ; ../carte.html#lieu=g-L590 ; ../contact.html ; albany-cavalcade-xl.html ; benefactor-xls.html ; bravado-dorado.html ; enus-jubilee.html ; canis-mesa.html ; declasse-seminole-frontier.html ; albany-cavalcade-xl.html ; benefactor-xls.html ; ../carte.html ; ../vehicules.html ; ../armes.html ; ../collectibles.html ; ../progression.html ; ../calculateurs.html ; ../a-propos.html ; ../contact.html ; ../mentions-legales.html
vehicules/benefactor-schafter-lwb.html,/vehicules/benefactor-schafter-lwb.html,fiche véhicule,Benefactor Schafter LWB — GTA VI | Leonidakit,https://www.leonidakit.com/vehicules/benefactor-schafter-lwb.html,,../search-index.js ; ../vehicules-data.js ; ../assets-manifest.js ; ../common.js ; ../app.js ; ../fiches.js,../search-index.js ; ../vehicules-data.js ; ../assets-manifest.js,https://fonts.googleapis.com/css2?family=Archivo:wght@400;500;600;700;900&display=swap ; ../style.css ; ../fiches.css ; https://www.leonidakit.com/img/social-card.png,recherche ; galerie ; possession,#main ; ../index.html ; ../carte.html ; ../vehicules.html ; ../armes.html ; ../collectibles.html ; ../progression.html ; ../index.html ; ../vehicules.html ; ../vehicules.html#cat=sport ; ../comparateur.html?type=vehicules&ids=benefactor-schafter-lwb ; #modele-reel ; https://www.google.com/search?tbm=isch&q=Mercedes-Benz%20Classe%20E%20allong%C3%A9e ; https://fr.wikipedia.org/w/index.php?search=Mercedes-Benz%20Classe%20E%20allong%C3%A9e ; ../vehicules.html#slot=europeen ; ../vehicules.html#cat=sport ; ../vehicules.html#slot=europeen ; ../carte.html#lieu=g-L1610 ; ../carte.html#lieu=g-L2375 ; ../carte.html#lieu=g-L590 ; ../contact.html ; albany-manana.html ; albany-v-str.html ; annis-elegy-retro-custom.html ; bravado-banshee.html ; bravado-buffalo.html ; bravado-buffalo-s.html ; annis-elegy-retro-custom.html ; bravado-banshee.html ; ../carte.html ; ../vehicules.html ; ../armes.html ; ../collectibles.html ; ../progression.html ; ../calculateurs.html ; ../a-propos.html ; ../contact.html ; ../mentions-legales.html
vehicules/benefactor-schafter-v12.html,/vehicules/benefactor-schafter-v12.html,fiche véhicule,Benefactor Schafter V12 — GTA VI | Leonidakit,https://www.leonidakit.com/vehicules/benefactor-schafter-v12.html,,../search-index.js ; ../vehicules-data.js ; ../assets-manifest.js ; ../common.js ; ../app.js ; ../fiches.js,../search-index.js ; ../vehicules-data.js ; ../assets-manifest.js,https://fonts.googleapis.com/css2?family=Archivo:wght@400;500;600;700;900&display=swap ; ../style.css ; ../fiches.css ; https://www.leonidakit.com/img/social-card.png,recherche ; galerie ; possession,#main ; ../index.html ; ../carte.html ; ../vehicules.html ; ../armes.html ; ../collectibles.html ; ../progression.html ; ../index.html ; ../vehicules.html ; ../vehicules.html#cat=berline ; ../comparateur.html?type=vehicules&ids=benefactor-schafter-v12 ; #modele-reel ; https://www.google.com/search?tbm=isch&q=Brabus%20E%20V12 ; https://fr.wikipedia.org/w/index.php?search=Brabus%20E%20V12 ; ../vehicules.html#cat=berline ; ../carte.html#lieu=g-L1610 ; ../carte.html#lieu=g-L2375 ; ../carte.html#lieu=g-L590 ; ../contact.html ; albany-emperor.html ; albany-primo.html ; albany-primo-custom.html ; karin-asterope.html ; karin-asterope-gz.html ; lampadati-feroci.html ; albany-primo-custom.html ; karin-asterope.html ; ../carte.html ; ../vehicules.html ; ../armes.html ; ../collectibles.html ; ../progression.html ; ../calculateurs.html ; ../a-propos.html ; ../contact.html ; ../mentions-legales.html
vehicules/benefactor-xls.html,/vehicules/benefactor-xls.html,fiche véhicule,Benefactor XLS — GTA VI | Leonidakit,https://www.leonidakit.com/vehicules/benefactor-xls.html,,../search-index.js ; ../vehicules-data.js ; ../assets-manifest.js ; ../common.js ; ../app.js ; ../fiches.js,../search-index.js ; ../vehicules-data.js ; ../assets-manifest.js,https://fonts.googleapis.com/css2?family=Archivo:wght@400;500;600;700;900&display=swap ; ../style.css ; ../fiches.css ; https://www.leonidakit.com/img/social-card.png,recherche ; galerie ; possession,#main ; ../index.html ; ../carte.html ; ../vehicules.html ; ../armes.html ; ../collectibles.html ; ../progression.html ; ../index.html ; ../vehicules.html ; ../vehicules.html#cat=suv ; ../comparateur.html?type=vehicules&ids=benefactor-xls ; #modele-reel ; https://www.google.com/search?tbm=isch&q=Mercedes-Benz%20Classe%20GL ; https://fr.wikipedia.org/w/index.php?search=Mercedes-Benz%20Classe%20GL ; ../vehicules.html#slot=europeen ; ../vehicules.html#cat=suv ; ../vehicules.html#slot=europeen ; ../carte.html#lieu=g-L1610 ; ../carte.html#lieu=g-L2375 ; ../carte.html#lieu=g-L590 ; ../contact.html ; albany-cavalcade-xl.html ; benefactor-dubsta.html ; bravado-dorado.html ; enus-jubilee.html ; canis-mesa.html ; declasse-seminole-frontier.html ; benefactor-dubsta.html ; bravado-dorado.html ; ../carte.html ; ../vehicules.html ; ../armes.html ; ../collectibles.html ; ../progression.html ; ../calculateurs.html ; ../a-propos.html ; ../contact.html ; ../mentions-legales.html
vehicules/bmx.html,/vehicules/bmx.html,fiche véhicule,BMX — GTA VI | Leonidakit,https://www.leonidakit.com/vehicules/bmx.html,,../search-index.js ; ../vehicules-data.js ; ../assets-manifest.js ; ../common.js ; ../app.js ; ../fiches.js,../search-index.js ; ../vehicules-data.js ; ../assets-manifest.js,https://fonts.googleapis.com/css2?family=Archivo:wght@400;500;600;700;900&display=swap ; ../style.css ; ../fiches.css ; https://www.leonidakit.com/img/social-card.png,recherche ; galerie ; possession,#main ; ../index.html ; ../carte.html ; ../vehicules.html ; ../armes.html ; ../collectibles.html ; ../progression.html ; ../index.html ; ../vehicules.html ; ../vehicules.html#cat=divers ; ../comparateur.html?type=vehicules&ids=bmx ; #modele-reel ; https://www.google.com/search?tbm=isch&q=BMX%20bike ; https://fr.wikipedia.org/w/index.php?search=BMX%20bike ; ../vehicules.html#cat=divers ; ../carte.html#lieu=g-L1610 ; ../carte.html#lieu=g-L2375 ; ../carte.html#lieu=g-L590 ; ../contact.html ; endurex-race-bike.html ; cruiser.html ; lombike.html ; monorail-de-vice-city.html ; scorcher.html ; electric-scooter.html ; endurex-race-bike.html ; cruiser.html ; ../carte.html ; ../vehicules.html ; ../armes.html ; ../collectibles.html ; ../progression.html ; ../calculateurs.html ; ../a-propos.html ; ../contact.html ; ../mentions-legales.html
vehicules/bravado-banshee.html,/vehicules/bravado-banshee.html,fiche véhicule,Bravado Banshee — GTA VI | Leonidakit,https://www.leonidakit.com/vehicules/bravado-banshee.html,,../search-index.js ; ../vehicules-data.js ; ../assets-manifest.js ; ../common.js ; ../app.js ; ../fiches.js,../search-index.js ; ../vehicules-data.js ; ../assets-manifest.js,https://fonts.googleapis.com/css2?family=Archivo:wght@400;500;600;700;900&display=swap ; ../style.css ; ../fiches.css ; https://www.leonidakit.com/img/social-card.png,recherche ; galerie ; possession,#main ; ../index.html ; ../carte.html ; ../vehicules.html ; ../armes.html ; ../collectibles.html ; ../progression.html ; ../index.html ; ../vehicules.html ; ../vehicules.html#cat=sport ; ../comparateur.html?type=vehicules&ids=bravado-banshee ; #modele-reel ; https://www.google.com/search?tbm=isch&q=Dodge%20Viper ; https://fr.wikipedia.org/w/index.php?search=Dodge%20Viper ; ../vehicules.html#slot=americain ; ../vehicules.html#cat=sport ; ../vehicules.html#slot=americain ; ../carte.html#lieu=g-L1610 ; ../carte.html#lieu=g-L2375 ; ../carte.html#lieu=g-L590 ; ../contact.html ; albany-manana.html ; albany-v-str.html ; annis-elegy-retro-custom.html ; benefactor-schafter-lwb.html ; bravado-buffalo.html ; bravado-buffalo-s.html ; benefactor-schafter-lwb.html ; bravado-buffalo.html ; ../carte.html ; ../vehicules.html ; ../armes.html ; ../collectibles.html ; ../progression.html ; ../calculateurs.html ; ../a-propos.html ; ../contact.html ; ../mentions-legales.html
vehicules/bravado-bison-1800-police.html,/vehicules/bravado-bison-1800-police.html,fiche véhicule,Bravado Bison 1800 (Police) — GTA VI | Leonidakit,https://www.leonidakit.com/vehicules/bravado-bison-1800-police.html,,../search-index.js ; ../vehicules-data.js ; ../assets-manifest.js ; ../common.js ; ../app.js ; ../fiches.js,../search-index.js ; ../vehicules-data.js ; ../assets-manifest.js,https://fonts.googleapis.com/css2?family=Archivo:wght@400;500;600;700;900&display=swap ; ../style.css ; ../fiches.css ; https://www.leonidakit.com/img/social-card.png,recherche ; galerie ; possession,#main ; ../index.html ; ../carte.html ; ../vehicules.html ; ../armes.html ; ../collectibles.html ; ../progression.html ; ../index.html ; ../vehicules.html ; ../vehicules.html#cat=service ; ../comparateur.html?type=vehicules&ids=bravado-bison-1800-police ; #modele-reel ; https://www.google.com/search?tbm=isch&q=Ram%201500%20DT ; https://fr.wikipedia.org/w/index.php?search=Ram%201500%20DT ; ../vehicules.html#cat=service ; ../carte.html#lieu=g-L1610 ; ../carte.html#lieu=g-L2375 ; ../carte.html#lieu=g-L590 ; ../contact.html ; bravado-buffalo-stx-pursuit.html ; bravado-gauntlet-interceptor.html ; bravado-police-cruiser-buffalo.html ; brute-ambulance.html ; brute-bus.html ; brute-police-riot.html ; vortex-airboat.html ; bravado-buffalo-stx-pursuit.html ; ../carte.html ; ../vehicules.html ; ../armes.html ; ../collectibles.html ; ../progression.html ; ../calculateurs.html ; ../a-propos.html ; ../contact.html ; ../mentions-legales.html
vehicules/bravado-bison-1800.html,/vehicules/bravado-bison-1800.html,fiche véhicule,Bravado Bison 1800 — GTA VI | Leonidakit,https://www.leonidakit.com/vehicules/bravado-bison-1800.html,,../search-index.js ; ../vehicules-data.js ; ../assets-manifest.js ; ../common.js ; ../app.js ; ../fiches.js,../search-index.js ; ../vehicules-data.js ; ../assets-manifest.js,https://fonts.googleapis.com/css2?family=Archivo:wght@400;500;600;700;900&display=swap ; ../style.css ; ../fiches.css ; https://www.leonidakit.com/img/social-card.png,recherche ; galerie ; possession,#main ; ../index.html ; ../carte.html ; ../vehicules.html ; ../armes.html ; ../collectibles.html ; ../progression.html ; ../index.html ; ../vehicules.html ; ../vehicules.html#cat=van ; ../comparateur.html?type=vehicules&ids=bravado-bison-1800 ; #modele-reel ; https://www.google.com/search?tbm=isch&q=Ram%201500%20DT ; https://fr.wikipedia.org/w/index.php?search=Ram%201500%20DT ; ../vehicules.html#cat=van ; ../carte.html#lieu=g-L1610 ; ../carte.html#lieu=g-L2375 ; ../carte.html#lieu=g-L590 ; ../contact.html ; bravado-bison.html ; bravado-bison-900-95.html ; bravado-rumpo.html ; bravado-youga-classic.html ; brute-boxville.html ; vapid-bobcat-xl.html ; bravado-bison.html ; bravado-bison-900-95.html ; ../carte.html ; ../vehicules.html ; ../armes.html ; ../collectibles.html ; ../progression.html ; ../calculateurs.html ; ../a-propos.html ; ../contact.html ; ../mentions-legales.html
vehicules/bravado-bison-900-95-monster-truck.html,/vehicules/bravado-bison-900-95-monster-truck.html,fiche véhicule,Bravado Bison 900 '95 Monster Truck — GTA VI | Leonidakit,https://www.leonidakit.com/vehicules/bravado-bison-900-95-monster-truck.html,,../search-index.js ; ../vehicules-data.js ; ../assets-manifest.js ; ../common.js ; ../app.js ; ../fiches.js,../search-index.js ; ../vehicules-data.js ; ../assets-manifest.js,https://fonts.googleapis.com/css2?family=Archivo:wght@400;500;600;700;900&display=swap ; ../style.css ; ../fiches.css ; https://www.leonidakit.com/img/social-card.png,recherche ; galerie ; possession,#main ; ../index.html ; ../carte.html ; ../vehicules.html ; ../armes.html ; ../collectibles.html ; ../progression.html ; ../index.html ; ../vehicules.html ; ../vehicules.html#cat=pickup ; ../comparateur.html?type=vehicules&ids=bravado-bison-900-95-monster-truck ; #modele-reel ; https://www.google.com/search?tbm=isch&q=Dodge%20Ram%20en%20configuration%20monster%20truck ; https://fr.wikipedia.org/w/index.php?search=Dodge%20Ram%20en%20configuration%20monster%20truck ; ../vehicules.html#slot=americain ; ../vehicules.html#cat=pickup ; ../vehicules.html#slot=americain ; ../carte.html#lieu=g-L1610 ; ../carte.html#lieu=g-L2375 ; ../carte.html#lieu=g-L590 ; ../contact.html ; annis-hellion.html ; canis-kamacho.html ; declasse-rancher.html ; declasse-walton-l35-stock.html ; declasse-yosemite.html ; declasse-yosemite-1500.html ; annis-hellion.html ; canis-kamacho.html ; ../carte.html ; ../vehicules.html ; ../armes.html ; ../collectibles.html ; ../progression.html ; ../calculateurs.html ; ../a-propos.html ; ../contact.html ; ../mentions-legales.html
vehicules/bravado-bison-900-95.html,/vehicules/bravado-bison-900-95.html,fiche véhicule,Bravado Bison 900 '95 — GTA VI | Leonidakit,https://www.leonidakit.com/vehicules/bravado-bison-900-95.html,,../search-index.js ; ../vehicules-data.js ; ../assets-manifest.js ; ../common.js ; ../app.js ; ../fiches.js,../search-index.js ; ../vehicules-data.js ; ../assets-manifest.js,https://fonts.googleapis.com/css2?family=Archivo:wght@400;500;600;700;900&display=swap ; ../style.css ; ../fiches.css ; https://www.leonidakit.com/img/social-card.png,recherche ; galerie ; possession,#main ; ../index.html ; ../carte.html ; ../vehicules.html ; ../armes.html ; ../collectibles.html ; ../progression.html ; ../index.html ; ../vehicules.html ; ../vehicules.html#cat=van ; ../comparateur.html?type=vehicules&ids=bravado-bison-900-95 ; #modele-reel ; https://www.google.com/search?tbm=isch&q=Dodge%20Ram ; https://fr.wikipedia.org/w/index.php?search=Dodge%20Ram ; ../vehicules.html#slot=americain ; ../vehicules.html#cat=van ; ../vehicules.html#slot=americain ; ../carte.html#lieu=g-L1610 ; ../carte.html#lieu=g-L2375 ; ../carte.html#lieu=g-L590 ; ../contact.html ; bravado-bison.html ; bravado-bison-1800.html ; bravado-rumpo.html ; bravado-youga-classic.html ; brute-boxville.html ; vapid-bobcat-xl.html ; bravado-bison-1800.html ; bravado-rumpo.html ; ../carte.html ; ../vehicules.html ; ../armes.html ; ../collectibles.html ; ../progression.html ; ../calculateurs.html ; ../a-propos.html ; ../contact.html ; ../mentions-legales.html
vehicules/bravado-bison.html,/vehicules/bravado-bison.html,fiche véhicule,Bravado Bison — GTA VI | Leonidakit,https://www.leonidakit.com/vehicules/bravado-bison.html,,../search-index.js ; ../vehicules-data.js ; ../assets-manifest.js ; ../common.js ; ../app.js ; ../fiches.js,../search-index.js ; ../vehicules-data.js ; ../assets-manifest.js,https://fonts.googleapis.com/css2?family=Archivo:wght@400;500;600;700;900&display=swap ; ../style.css ; ../fiches.css ; https://www.leonidakit.com/img/social-card.png,recherche ; galerie ; possession,#main ; ../index.html ; ../carte.html ; ../vehicules.html ; ../armes.html ; ../collectibles.html ; ../progression.html ; ../index.html ; ../vehicules.html ; ../vehicules.html#cat=van ; ../comparateur.html?type=vehicules&ids=bravado-bison ; #modele-reel ; https://www.google.com/search?tbm=isch&q=Dodge%20Ram%20Quad%20Cab ; https://fr.wikipedia.org/w/index.php?search=Dodge%20Ram%20Quad%20Cab ; ../vehicules.html#slot=americain ; ../vehicules.html#cat=van ; ../vehicules.html#slot=americain ; ../carte.html#lieu=g-L1610 ; ../carte.html#lieu=g-L2375 ; ../carte.html#lieu=g-L590 ; ../contact.html ; bravado-bison-1800.html ; bravado-bison-900-95.html ; bravado-rumpo.html ; bravado-youga-classic.html ; brute-boxville.html ; vapid-bobcat-xl.html ; vapid-sandking-xl.html ; bravado-bison-1800.html ; ../carte.html ; ../vehicules.html ; ../armes.html ; ../collectibles.html ; ../progression.html ; ../calculateurs.html ; ../a-propos.html ; ../contact.html ; ../mentions-legales.html
vehicules/bravado-buffalo-s.html,/vehicules/bravado-buffalo-s.html,fiche véhicule,Bravado Buffalo S — GTA VI | Leonidakit,https://www.leonidakit.com/vehicules/bravado-buffalo-s.html,,../search-index.js ; ../vehicules-data.js ; ../assets-manifest.js ; ../common.js ; ../app.js ; ../fiches.js,../search-index.js ; ../vehicules-data.js ; ../assets-manifest.js,https://fonts.googleapis.com/css2?family=Archivo:wght@400;500;600;700;900&display=swap ; ../style.css ; ../fiches.css ; https://www.leonidakit.com/img/social-card.png,recherche ; galerie ; possession,#main ; ../index.html ; ../carte.html ; ../vehicules.html ; ../armes.html ; ../collectibles.html ; ../progression.html ; ../index.html ; ../vehicules.html ; ../vehicules.html#cat=sport ; ../comparateur.html?type=vehicules&ids=bravado-buffalo-s ; #modele-reel ; https://www.google.com/search?tbm=isch&q=Dodge%20Charger%20SRT8 ; https://fr.wikipedia.org/w/index.php?search=Dodge%20Charger%20SRT8 ; ../vehicules.html#slot=americain ; ../vehicules.html#cat=sport ; ../vehicules.html#slot=americain ; ../carte.html#lieu=g-L1610 ; ../carte.html#lieu=g-L2375 ; ../carte.html#lieu=g-L590 ; ../contact.html ; albany-manana.html ; albany-v-str.html ; annis-elegy-retro-custom.html ; benefactor-schafter-lwb.html ; bravado-banshee.html ; bravado-buffalo.html ; bravado-buffalo.html ; coil-raiden.html ; ../carte.html ; ../vehicules.html ; ../armes.html ; ../collectibles.html ; ../progression.html ; ../calculateurs.html ; ../a-propos.html ; ../contact.html ; ../mentions-legales.html
vehicules/bravado-buffalo-stx-pursuit.html,/vehicules/bravado-buffalo-stx-pursuit.html,fiche véhicule,Bravado Buffalo STX Pursuit — GTA VI | Leonidakit,https://www.leonidakit.com/vehicules/bravado-buffalo-stx-pursuit.html,,../search-index.js ; ../vehicules-data.js ; ../assets-manifest.js ; ../common.js ; ../app.js ; ../fiches.js,../search-index.js ; ../vehicules-data.js ; ../assets-manifest.js,https://fonts.googleapis.com/css2?family=Archivo:wght@400;500;600;700;900&display=swap ; ../style.css ; ../fiches.css ; https://www.leonidakit.com/img/social-card.png,recherche ; galerie ; possession,#main ; ../index.html ; ../carte.html ; ../vehicules.html ; ../armes.html ; ../collectibles.html ; ../progression.html ; ../index.html ; ../vehicules.html ; ../vehicules.html#cat=service ; ../comparateur.html?type=vehicules&ids=bravado-buffalo-stx-pursuit ; #modele-reel ; https://www.google.com/search?tbm=isch&q=Dodge%20Charger%20Pursuit ; https://fr.wikipedia.org/w/index.php?search=Dodge%20Charger%20Pursuit ; ../vehicules.html#slot=americain ; ../vehicules.html#cat=service ; ../vehicules.html#slot=americain ; ../carte.html#lieu=g-L1610 ; ../carte.html#lieu=g-L2375 ; ../carte.html#lieu=g-L590 ; ../contact.html ; bravado-bison-1800-police.html ; bravado-gauntlet-interceptor.html ; bravado-police-cruiser-buffalo.html ; brute-ambulance.html ; brute-bus.html ; brute-police-riot.html ; bravado-bison-1800-police.html ; bravado-gauntlet-interceptor.html ; ../carte.html ; ../vehicules.html ; ../armes.html ; ../collectibles.html ; ../progression.html ; ../calculateurs.html ; ../a-propos.html ; ../contact.html ; ../mentions-legales.html
vehicules/bravado-buffalo-stx.html,/vehicules/bravado-buffalo-stx.html,fiche véhicule,Bravado Buffalo STX — GTA VI | Leonidakit,https://www.leonidakit.com/vehicules/bravado-buffalo-stx.html,,../search-index.js ; ../vehicules-data.js ; ../assets-manifest.js ; ../common.js ; ../app.js ; ../fiches.js,../search-index.js ; ../vehicules-data.js ; ../assets-manifest.js,https://fonts.googleapis.com/css2?family=Archivo:wght@400;500;600;700;900&display=swap ; ../style.css ; ../fiches.css ; https://www.leonidakit.com/img/social-card.png,recherche ; galerie ; possession,#main ; ../index.html ; ../carte.html ; ../vehicules.html ; ../armes.html ; ../collectibles.html ; ../progression.html ; ../index.html ; ../vehicules.html ; ../vehicules.html#cat=muscle ; ../comparateur.html?type=vehicules&ids=bravado-buffalo-stx ; #modele-reel ; https://www.google.com/search?tbm=isch&q=2015%20Dodge%20Charger ; https://fr.wikipedia.org/w/index.php?search=2015%20Dodge%20Charger ; ../vehicules.html#slot=americain ; ../vehicules.html#cat=muscle ; ../vehicules.html#slot=americain ; ../carte.html#lieu=g-L1610 ; ../carte.html#lieu=g-L2375 ; ../carte.html#lieu=g-L590 ; ../contact.html ; albany-buccaneer.html ; albany-buccaneer-custom.html ; albany-virgo-classic.html ; bravado-gauntlet-classic.html ; vapid-gauntlet-classic-custom.html ; bravado-gauntlet-hellfire.html ; albany-virgo-classic.html ; bravado-gauntlet-classic.html ; ../carte.html ; ../vehicules.html ; ../armes.html ; ../collectibles.html ; ../progression.html ; ../calculateurs.html ; ../a-propos.html ; ../contact.html ; ../mentions-legales.html
vehicules/bravado-buffalo.html,/vehicules/bravado-buffalo.html,fiche véhicule,Bravado Buffalo — GTA VI | Leonidakit,https://www.leonidakit.com/vehicules/bravado-buffalo.html,,../search-index.js ; ../vehicules-data.js ; ../assets-manifest.js ; ../common.js ; ../app.js ; ../fiches.js,../search-index.js ; ../vehicules-data.js ; ../assets-manifest.js,https://fonts.googleapis.com/css2?family=Archivo:wght@400;500;600;700;900&display=swap ; ../style.css ; ../fiches.css ; https://www.leonidakit.com/img/social-card.png,recherche ; galerie ; possession,#main ; ../index.html ; ../carte.html ; ../vehicules.html ; ../armes.html ; ../collectibles.html ; ../progression.html ; ../index.html ; ../vehicules.html ; ../vehicules.html#cat=sport ; ../comparateur.html?type=vehicules&ids=bravado-buffalo ; #modele-reel ; https://www.google.com/search?tbm=isch&q=Dodge%20Charger ; https://fr.wikipedia.org/w/index.php?search=Dodge%20Charger ; ../vehicules.html#slot=americain ; ../vehicules.html#cat=sport ; ../vehicules.html#slot=americain ; ../carte.html#lieu=g-L1610 ; ../carte.html#lieu=g-L2375 ; ../carte.html#lieu=g-L590 ; ../contact.html ; albany-manana.html ; albany-v-str.html ; annis-elegy-retro-custom.html ; benefactor-schafter-lwb.html ; bravado-banshee.html ; bravado-buffalo-s.html ; bravado-banshee.html ; bravado-buffalo-s.html ; ../carte.html ; ../vehicules.html ; ../armes.html ; ../collectibles.html ; ../progression.html ; ../calculateurs.html ; ../a-propos.html ; ../contact.html ; ../mentions-legales.html
vehicules/bravado-dorado.html,/vehicules/bravado-dorado.html,fiche véhicule,Bravado Dorado — GTA VI | Leonidakit,https://www.leonidakit.com/vehicules/bravado-dorado.html,,../search-index.js ; ../vehicules-data.js ; ../assets-manifest.js ; ../common.js ; ../app.js ; ../fiches.js,../search-index.js ; ../vehicules-data.js ; ../assets-manifest.js,https://fonts.googleapis.com/css2?family=Archivo:wght@400;500;600;700;900&display=swap ; ../style.css ; ../fiches.css ; https://www.leonidakit.com/img/social-card.png,recherche ; galerie ; possession,#main ; ../index.html ; ../carte.html ; ../vehicules.html ; ../armes.html ; ../collectibles.html ; ../progression.html ; ../index.html ; ../vehicules.html ; ../vehicules.html#cat=suv ; ../comparateur.html?type=vehicules&ids=bravado-dorado ; #modele-reel ; https://www.google.com/search?tbm=isch&q=Dodge%20Durango ; https://fr.wikipedia.org/w/index.php?search=Dodge%20Durango ; ../vehicules.html#slot=americain ; ../vehicules.html#cat=suv ; ../vehicules.html#slot=americain ; ../carte.html#lieu=g-L1610 ; ../carte.html#lieu=g-L2375 ; ../carte.html#lieu=g-L590 ; ../contact.html ; albany-cavalcade-xl.html ; benefactor-dubsta.html ; benefactor-xls.html ; enus-jubilee.html ; canis-mesa.html ; declasse-seminole-frontier.html ; benefactor-xls.html ; enus-jubilee.html ; ../carte.html ; ../vehicules.html ; ../armes.html ; ../collectibles.html ; ../progression.html ; ../calculateurs.html ; ../a-propos.html ; ../contact.html ; ../mentions-legales.html
vehicules/bravado-gauntlet-classic.html,/vehicules/bravado-gauntlet-classic.html,fiche véhicule,Bravado Gauntlet Classic — GTA VI | Leonidakit,https://www.leonidakit.com/vehicules/bravado-gauntlet-classic.html,,../search-index.js ; ../vehicules-data.js ; ../assets-manifest.js ; ../common.js ; ../app.js ; ../fiches.js,../search-index.js ; ../vehicules-data.js ; ../assets-manifest.js,https://fonts.googleapis.com/css2?family=Archivo:wght@400;500;600;700;900&display=swap ; ../style.css ; ../fiches.css ; https://www.leonidakit.com/img/social-card.png,recherche ; galerie ; possession,#main ; ../index.html ; ../carte.html ; ../vehicules.html ; ../armes.html ; ../collectibles.html ; ../progression.html ; ../index.html ; ../vehicules.html ; ../vehicules.html#cat=muscle ; ../comparateur.html?type=vehicules&ids=bravado-gauntlet-classic ; #modele-reel ; https://www.google.com/search?tbm=isch&q=Dodge%20Challenger ; https://fr.wikipedia.org/w/index.php?search=Dodge%20Challenger ; ../vehicules.html#slot=americain ; ../vehicules.html#cat=muscle ; ../vehicules.html#slot=americain ; ../carte.html#lieu=g-L1610 ; ../carte.html#lieu=g-L2375 ; ../carte.html#lieu=g-L590 ; ../contact.html ; albany-buccaneer.html ; albany-buccaneer-custom.html ; albany-virgo-classic.html ; bravado-buffalo-stx.html ; vapid-gauntlet-classic-custom.html ; bravado-gauntlet-hellfire.html ; bravado-buffalo-stx.html ; vapid-gauntlet-classic-custom.html ; ../carte.html ; ../vehicules.html ; ../armes.html ; ../collectibles.html ; ../progression.html ; ../calculateurs.html ; ../a-propos.html ; ../contact.html ; ../mentions-legales.html
vehicules/bravado-gauntlet-hellfire.html,/vehicules/bravado-gauntlet-hellfire.html,fiche véhicule,Bravado Gauntlet Hellfire — GTA VI | Leonidakit,https://www.leonidakit.com/vehicules/bravado-gauntlet-hellfire.html,,../search-index.js ; ../vehicules-data.js ; ../assets-manifest.js ; ../common.js ; ../app.js ; ../fiches.js,../search-index.js ; ../vehicules-data.js ; ../assets-manifest.js,https://fonts.googleapis.com/css2?family=Archivo:wght@400;500;600;700;900&display=swap ; ../style.css ; ../fiches.css ; https://www.leonidakit.com/img/social-card.png,recherche ; galerie ; possession,#main ; ../index.html ; ../carte.html ; ../vehicules.html ; ../armes.html ; ../collectibles.html ; ../progression.html ; ../index.html ; ../vehicules.html ; ../vehicules.html#cat=muscle ; ../comparateur.html?type=vehicules&ids=bravado-gauntlet-hellfire ; #modele-reel ; https://www.google.com/search?tbm=isch&q=Dodge%20Challenger%20Demon%202018 ; https://fr.wikipedia.org/w/index.php?search=Dodge%20Challenger%20Demon%202018 ; ../vehicules.html#slot=americain ; ../vehicules.html#cat=muscle ; ../vehicules.html#slot=americain ; ../carte.html#lieu=g-L1610 ; ../carte.html#lieu=g-L2375 ; ../carte.html#lieu=g-L590 ; ../contact.html ; albany-buccaneer.html ; albany-buccaneer-custom.html ; albany-virgo-classic.html ; bravado-buffalo-stx.html ; bravado-gauntlet-classic.html ; vapid-gauntlet-classic-custom.html ; vapid-gauntlet-classic-custom.html ; declasse-impaler-lx.html ; ../carte.html ; ../vehicules.html ; ../armes.html ; ../collectibles.html ; ../progression.html ; ../calculateurs.html ; ../a-propos.html ; ../contact.html ; ../mentions-legales.html
vehicules/bravado-gauntlet-interceptor.html,/vehicules/bravado-gauntlet-interceptor.html,fiche véhicule,Bravado Gauntlet Interceptor — GTA VI | Leonidakit,https://www.leonidakit.com/vehicules/bravado-gauntlet-interceptor.html,,../search-index.js ; ../vehicules-data.js ; ../assets-manifest.js ; ../common.js ; ../app.js ; ../fiches.js,../search-index.js ; ../vehicules-data.js ; ../assets-manifest.js,https://fonts.googleapis.com/css2?family=Archivo:wght@400;500;600;700;900&display=swap ; ../style.css ; ../fiches.css ; https://www.leonidakit.com/img/social-card.png,recherche ; galerie ; possession,#main ; ../index.html ; ../carte.html ; ../vehicules.html ; ../armes.html ; ../collectibles.html ; ../progression.html ; ../index.html ; ../vehicules.html ; ../vehicules.html#cat=service ; ../comparateur.html?type=vehicules&ids=bravado-gauntlet-interceptor ; #modele-reel ; https://www.google.com/search?tbm=isch&q=Dodge%20Challenger%20en%20configuration%20de%20police ; https://fr.wikipedia.org/w/index.php?search=Dodge%20Challenger%20en%20configuration%20de%20police ; ../vehicules.html#slot=americain ; ../vehicules.html#cat=service ; ../vehicules.html#slot=americain ; ../carte.html#lieu=g-L1610 ; ../carte.html#lieu=g-L2375 ; ../carte.html#lieu=g-L590 ; ../contact.html ; bravado-bison-1800-police.html ; bravado-buffalo-stx-pursuit.html ; bravado-police-cruiser-buffalo.html ; brute-ambulance.html ; brute-bus.html ; brute-police-riot.html ; bravado-buffalo-stx-pursuit.html ; bravado-police-cruiser-buffalo.html ; ../carte.html ; ../vehicules.html ; ../armes.html ; ../collectibles.html ; ../progression.html ; ../calculateurs.html ; ../a-propos.html ; ../contact.html ; ../mentions-legales.html
vehicules/bravado-police-cruiser-buffalo.html,/vehicules/bravado-police-cruiser-buffalo.html,fiche véhicule,Bravado Police Cruiser (Buffalo) — GTA VI | Leonidakit,https://www.leonidakit.com/vehicules/bravado-police-cruiser-buffalo.html,,../search-index.js ; ../vehicules-data.js ; ../assets-manifest.js ; ../common.js ; ../app.js ; ../fiches.js,../search-index.js ; ../vehicules-data.js ; ../assets-manifest.js,https://fonts.googleapis.com/css2?family=Archivo:wght@400;500;600;700;900&display=swap ; ../style.css ; ../fiches.css ; https://www.leonidakit.com/img/social-card.png,recherche ; galerie ; possession,#main ; ../index.html ; ../carte.html ; ../vehicules.html ; ../armes.html ; ../collectibles.html ; ../progression.html ; ../index.html ; ../vehicules.html ; ../vehicules.html#cat=service ; ../comparateur.html?type=vehicules&ids=bravado-police-cruiser-buffalo ; #modele-reel ; https://www.google.com/search?tbm=isch&q=Dodge%20Charger ; https://fr.wikipedia.org/w/index.php?search=Dodge%20Charger ; ../vehicules.html#slot=americain ; ../vehicules.html#cat=service ; ../vehicules.html#slot=americain ; ../carte.html#lieu=g-L1610 ; ../carte.html#lieu=g-L2375 ; ../carte.html#lieu=g-L590 ; ../contact.html ; bravado-bison-1800-police.html ; bravado-buffalo-stx-pursuit.html ; bravado-gauntlet-interceptor.html ; brute-ambulance.html ; brute-bus.html ; brute-police-riot.html ; bravado-gauntlet-interceptor.html ; brute-ambulance.html ; ../carte.html ; ../vehicules.html ; ../armes.html ; ../collectibles.html ; ../progression.html ; ../calculateurs.html ; ../a-propos.html ; ../contact.html ; ../mentions-legales.html
vehicules/bravado-rebel.html,/vehicules/bravado-rebel.html,fiche véhicule,Karin Rebel — GTA VI | Leonidakit,https://www.leonidakit.com/vehicules/bravado-rebel.html,,../search-index.js ; ../vehicules-data.js ; ../assets-manifest.js ; ../common.js ; ../app.js ; ../fiches.js,../search-index.js ; ../vehicules-data.js ; ../assets-manifest.js,https://fonts.googleapis.com/css2?family=Archivo:wght@400;500;600;700;900&display=swap ; ../style.css ; ../fiches.css ; https://www.leonidakit.com/img/social-card.png,recherche ; galerie ; possession,#main ; ../index.html ; ../carte.html ; ../vehicules.html ; ../armes.html ; ../collectibles.html ; ../progression.html ; ../index.html ; ../vehicules.html ; ../vehicules.html#cat=pickup ; ../comparateur.html?type=vehicules&ids=bravado-rebel ; #modele-reel ; https://www.google.com/search?tbm=isch&q=Toyota%20Hilux ; https://fr.wikipedia.org/w/index.php?search=Toyota%20Hilux ; ../vehicules.html#slot=japonais ; ../vehicules.html#cat=pickup ; ../vehicules.html#slot=japonais ; ../carte.html#lieu=g-L1610 ; ../carte.html#lieu=g-L2375 ; ../carte.html#lieu=g-L590 ; ../contact.html ; annis-hellion.html ; bravado-bison-900-95-monster-truck.html ; canis-kamacho.html ; declasse-rancher.html ; declasse-walton-l35-stock.html ; declasse-yosemite.html ; dinka-verus.html ; dodge-dakota-convertible.html ; ../carte.html ; ../vehicules.html ; ../armes.html ; ../collectibles.html ; ../progression.html ; ../calculateurs.html ; ../a-propos.html ; ../contact.html ; ../mentions-legales.html
vehicules/bravado-rumpo.html,/vehicules/bravado-rumpo.html,fiche véhicule,Bravado Rumpo — GTA VI | Leonidakit,https://www.leonidakit.com/vehicules/bravado-rumpo.html,,../search-index.js ; ../vehicules-data.js ; ../assets-manifest.js ; ../common.js ; ../app.js ; ../fiches.js,../search-index.js ; ../vehicules-data.js ; ../assets-manifest.js,https://fonts.googleapis.com/css2?family=Archivo:wght@400;500;600;700;900&display=swap ; ../style.css ; ../fiches.css ; https://www.leonidakit.com/img/social-card.png,recherche ; galerie ; possession,#main ; ../index.html ; ../carte.html ; ../vehicules.html ; ../armes.html ; ../collectibles.html ; ../progression.html ; ../index.html ; ../vehicules.html ; ../vehicules.html#cat=van ; ../comparateur.html?type=vehicules&ids=bravado-rumpo ; #modele-reel ; https://www.google.com/search?tbm=isch&q=Ford%20E-Series ; https://fr.wikipedia.org/w/index.php?search=Ford%20E-Series ; ../vehicules.html#slot=americain ; ../vehicules.html#cat=van ; ../vehicules.html#slot=americain ; ../carte.html#lieu=g-L1610 ; ../carte.html#lieu=g-L2375 ; ../carte.html#lieu=g-L590 ; ../contact.html ; bravado-bison.html ; bravado-bison-1800.html ; bravado-bison-900-95.html ; bravado-youga-classic.html ; brute-boxville.html ; vapid-bobcat-xl.html ; bravado-bison-900-95.html ; bravado-youga-classic.html ; ../carte.html ; ../vehicules.html ; ../armes.html ; ../collectibles.html ; ../progression.html ; ../calculateurs.html ; ../a-propos.html ; ../contact.html ; ../mentions-legales.html
vehicules/bravado-youga-classic.html,/vehicules/bravado-youga-classic.html,fiche véhicule,Bravado Youga Classic — GTA VI | Leonidakit,https://www.leonidakit.com/vehicules/bravado-youga-classic.html,,../search-index.js ; ../vehicules-data.js ; ../assets-manifest.js ; ../common.js ; ../app.js ; ../fiches.js,../search-index.js ; ../vehicules-data.js ; ../assets-manifest.js,https://fonts.googleapis.com/css2?family=Archivo:wght@400;500;600;700;900&display=swap ; ../style.css ; ../fiches.css ; https://www.leonidakit.com/img/social-card.png,recherche ; galerie ; possession,#main ; ../index.html ; ../carte.html ; ../vehicules.html ; ../armes.html ; ../collectibles.html ; ../progression.html ; ../index.html ; ../vehicules.html ; ../vehicules.html#cat=van ; ../comparateur.html?type=vehicules&ids=bravado-youga-classic ; #modele-reel ; https://www.google.com/search?tbm=isch&q=Ford%20Econoline ; https://fr.wikipedia.org/w/index.php?search=Ford%20Econoline ; ../vehicules.html#slot=americain ; ../vehicules.html#cat=van ; ../vehicules.html#slot=americain ; ../carte.html#lieu=g-L1610 ; ../carte.html#lieu=g-L2375 ; ../carte.html#lieu=g-L590 ; ../contact.html ; bravado-bison.html ; bravado-bison-1800.html ; bravado-bison-900-95.html ; bravado-rumpo.html ; brute-boxville.html ; vapid-bobcat-xl.html ; bravado-rumpo.html ; brute-boxville.html ; ../carte.html ; ../vehicules.html ; ../armes.html ; ../collectibles.html ; ../progression.html ; ../calculateurs.html ; ../a-propos.html ; ../contact.html ; ../mentions-legales.html
vehicules/bravado-youga.html,/vehicules/bravado-youga.html,fiche véhicule / noindex,Bravado Youga — GTA VI | Leonidakit,https://www.leonidakit.com/vehicules/bravado-youga.html,"noindex, follow",../search-index.js ; ../vehicules-data.js ; ../assets-manifest.js ; ../common.js ; ../app.js ; ../fiches.js,../search-index.js ; ../vehicules-data.js ; ../assets-manifest.js,https://fonts.googleapis.com/css2?family=Archivo:wght@400;500;600;700;900&display=swap ; ../style.css ; ../fiches.css,recherche ; galerie ; possession,#main ; ../index.html ; ../carte.html ; ../vehicules.html ; ../armes.html ; ../collectibles.html ; ../progression.html ; /vehicules.html ; ../index.html ; ../vehicules.html ; ../vehicules.html#cat=van ; ../comparateur.html?type=vehicules&ids=bravado-youga ; #modele-reel ; https://www.google.com/search?tbm=isch&q=Dodge%20Ram%20Van%20(Dodge%20B-Series) ; https://fr.wikipedia.org/w/index.php?search=Dodge%20Ram%20Van%20(Dodge%20B-Series) ; ../vehicules.html#slot=americain ; ../vehicules.html#cat=van ; ../vehicules.html#slot=americain ; ../carte.html#lieu=g-L1610 ; ../carte.html#lieu=g-L1594 ; ../carte.html#lieu=g-L2375 ; ../contact.html ; coach.html ; bravado-bison.html ; bravado-rumpo.html ; bravado-youga-classic.html ; brute-boxville.html ; brute-camper.html ; bravado-rumpo.html ; bravado-youga-classic.html ; ../carte.html ; ../vehicules.html ; ../armes.html ; ../collectibles.html ; ../progression.html ; ../calculateurs.html ; ../a-propos.html ; ../contact.html ; ../mentions-legales.html
vehicules/brute-ambulance.html,/vehicules/brute-ambulance.html,fiche véhicule,Brute Ambulance — GTA VI | Leonidakit,https://www.leonidakit.com/vehicules/brute-ambulance.html,,../search-index.js ; ../vehicules-data.js ; ../assets-manifest.js ; ../common.js ; ../app.js ; ../fiches.js,../search-index.js ; ../vehicules-data.js ; ../assets-manifest.js,https://fonts.googleapis.com/css2?family=Archivo:wght@400;500;600;700;900&display=swap ; ../style.css ; ../fiches.css ; https://www.leonidakit.com/img/social-card.png,recherche ; galerie ; possession,#main ; ../index.html ; ../carte.html ; ../vehicules.html ; ../armes.html ; ../collectibles.html ; ../progression.html ; ../index.html ; ../vehicules.html ; ../vehicules.html#cat=service ; ../comparateur.html?type=vehicules&ids=brute-ambulance ; #modele-reel ; https://www.google.com/search?tbm=isch&q=Chevrolet%20Express%203500%20ch%C3%A2ssis-cabine ; https://fr.wikipedia.org/w/index.php?search=Chevrolet%20Express%203500%20ch%C3%A2ssis-cabine ; ../vehicules.html#slot=americain ; ../vehicules.html#cat=service ; ../vehicules.html#slot=americain ; ../carte.html#lieu=g-L1610 ; ../carte.html#lieu=g-L2375 ; ../carte.html#lieu=g-L590 ; ../contact.html ; bravado-bison-1800-police.html ; bravado-buffalo-stx-pursuit.html ; bravado-gauntlet-interceptor.html ; bravado-police-cruiser-buffalo.html ; brute-bus.html ; brute-police-riot.html ; bravado-police-cruiser-buffalo.html ; brute-bus.html ; ../carte.html ; ../vehicules.html ; ../armes.html ; ../collectibles.html ; ../progression.html ; ../calculateurs.html ; ../a-propos.html ; ../contact.html ; ../mentions-legales.html
vehicules/brute-boxville.html,/vehicules/brute-boxville.html,fiche véhicule,Brute Boxville — GTA VI | Leonidakit,https://www.leonidakit.com/vehicules/brute-boxville.html,,../search-index.js ; ../vehicules-data.js ; ../assets-manifest.js ; ../common.js ; ../app.js ; ../fiches.js,../search-index.js ; ../vehicules-data.js ; ../assets-manifest.js,https://fonts.googleapis.com/css2?family=Archivo:wght@400;500;600;700;900&display=swap ; ../style.css ; ../fiches.css ; https://www.leonidakit.com/img/social-card.png,recherche ; galerie ; possession,#main ; ../index.html ; ../carte.html ; ../vehicules.html ; ../armes.html ; ../collectibles.html ; ../progression.html ; ../index.html ; ../vehicules.html ; ../vehicules.html#cat=van ; ../comparateur.html?type=vehicules&ids=brute-boxville ; #modele-reel ; https://www.google.com/search?tbm=isch&q=GMC%20Step%20Van ; https://fr.wikipedia.org/w/index.php?search=GMC%20Step%20Van ; ../vehicules.html#slot=americain ; ../vehicules.html#cat=van ; ../vehicules.html#slot=americain ; ../carte.html#lieu=g-L1610 ; ../carte.html#lieu=g-L2375 ; ../carte.html#lieu=g-L590 ; ../contact.html ; bravado-bison.html ; bravado-bison-1800.html ; bravado-bison-900-95.html ; bravado-rumpo.html ; bravado-youga-classic.html ; vapid-bobcat-xl.html ; bravado-youga-classic.html ; vapid-bobcat-xl.html ; ../carte.html ; ../vehicules.html ; ../armes.html ; ../collectibles.html ; ../progression.html ; ../calculateurs.html ; ../a-propos.html ; ../contact.html ; ../mentions-legales.html
vehicules/brute-bus.html,/vehicules/brute-bus.html,fiche véhicule,Brute Bus — GTA VI | Leonidakit,https://www.leonidakit.com/vehicules/brute-bus.html,,../search-index.js ; ../vehicules-data.js ; ../assets-manifest.js ; ../common.js ; ../app.js ; ../fiches.js,../search-index.js ; ../vehicules-data.js ; ../assets-manifest.js,https://fonts.googleapis.com/css2?family=Archivo:wght@400;500;600;700;900&display=swap ; ../style.css ; ../fiches.css ; https://www.leonidakit.com/img/social-card.png,recherche ; galerie ; possession,#main ; ../index.html ; ../carte.html ; ../vehicules.html ; ../armes.html ; ../collectibles.html ; ../progression.html ; ../index.html ; ../vehicules.html ; ../vehicules.html#cat=service ; ../comparateur.html?type=vehicules&ids=brute-bus ; #modele-reel ; https://www.google.com/search?tbm=isch&q=New%20Flyer%20Xcelsior ; https://fr.wikipedia.org/w/index.php?search=New%20Flyer%20Xcelsior ; ../vehicules.html#cat=service ; ../carte.html#lieu=g-L1610 ; ../carte.html#lieu=g-L2375 ; ../carte.html#lieu=g-L590 ; ../contact.html ; bravado-bison-1800-police.html ; bravado-buffalo-stx-pursuit.html ; bravado-gauntlet-interceptor.html ; bravado-police-cruiser-buffalo.html ; brute-ambulance.html ; brute-police-riot.html ; brute-ambulance.html ; brute-police-riot.html ; ../carte.html ; ../vehicules.html ; ../armes.html ; ../collectibles.html ; ../progression.html ; ../calculateurs.html ; ../a-propos.html ; ../contact.html ; ../mentions-legales.html
vehicules/brute-camper.html,/vehicules/brute-camper.html,fiche véhicule / noindex,Brute Camper — GTA VI | Leonidakit,https://www.leonidakit.com/vehicules/brute-camper.html,"noindex, follow",../search-index.js ; ../vehicules-data.js ; ../assets-manifest.js ; ../common.js ; ../app.js ; ../fiches.js,../search-index.js ; ../vehicules-data.js ; ../assets-manifest.js,https://fonts.googleapis.com/css2?family=Archivo:wght@400;500;600;700;900&display=swap ; ../style.css ; ../fiches.css,recherche ; galerie ; possession,#main ; ../index.html ; ../carte.html ; ../vehicules.html ; ../armes.html ; ../collectibles.html ; ../progression.html ; /vehicules.html ; ../index.html ; ../vehicules.html ; ../vehicules.html#cat=van ; ../comparateur.html?type=vehicules&ids=brute-camper ; #modele-reel ; https://www.google.com/search?tbm=isch&q=1996-2002%20Chevrolet%20Express ; https://fr.wikipedia.org/w/index.php?search=1996-2002%20Chevrolet%20Express ; ../vehicules.html#slot=americain ; ../vehicules.html#cat=van ; ../vehicules.html#slot=americain ; ../carte.html#lieu=g-L1610 ; ../carte.html#lieu=g-L1594 ; ../carte.html#lieu=g-L2375 ; ../contact.html ; coach.html ; bravado-bison.html ; bravado-rumpo.html ; bravado-youga.html ; bravado-youga-classic.html ; brute-boxville.html ; brute-boxville.html ; vapid-bobcat-xl.html ; ../carte.html ; ../vehicules.html ; ../armes.html ; ../collectibles.html ; ../progression.html ; ../calculateurs.html ; ../a-propos.html ; ../contact.html ; ../mentions-legales.html
vehicules/brute-police-riot.html,/vehicules/brute-police-riot.html,fiche véhicule,Brute Police Riot — GTA VI | Leonidakit,https://www.leonidakit.com/vehicules/brute-police-riot.html,,../search-index.js ; ../vehicules-data.js ; ../assets-manifest.js ; ../common.js ; ../app.js ; ../fiches.js,../search-index.js ; ../vehicules-data.js ; ../assets-manifest.js,https://fonts.googleapis.com/css2?family=Archivo:wght@400;500;600;700;900&display=swap ; ../style.css ; ../fiches.css ; https://www.leonidakit.com/img/social-card.png,recherche ; galerie ; possession,#main ; ../index.html ; ../carte.html ; ../vehicules.html ; ../armes.html ; ../collectibles.html ; ../progression.html ; ../index.html ; ../vehicules.html ; ../vehicules.html#cat=service ; ../comparateur.html?type=vehicules&ids=brute-police-riot ; #modele-reel ; https://www.google.com/search?tbm=isch&q=Lenco%20BEAR ; https://fr.wikipedia.org/w/index.php?search=Lenco%20BEAR ; ../vehicules.html#slot=americain ; ../vehicules.html#cat=service ; ../vehicules.html#slot=americain ; ../carte.html#lieu=g-L1610 ; ../carte.html#lieu=g-L2375 ; ../carte.html#lieu=g-L590 ; ../contact.html ; bravado-bison-1800-police.html ; bravado-buffalo-stx-pursuit.html ; bravado-gauntlet-interceptor.html ; bravado-police-cruiser-buffalo.html ; brute-ambulance.html ; brute-bus.html ; brute-bus.html ; brute-rental-shuttle-bus.html ; ../carte.html ; ../vehicules.html ; ../armes.html ; ../collectibles.html ; ../progression.html ; ../calculateurs.html ; ../a-propos.html ; ../contact.html ; ../mentions-legales.html
vehicules/brute-rental-shuttle-bus.html,/vehicules/brute-rental-shuttle-bus.html,fiche véhicule,Brute Rental Shuttle Bus — GTA VI | Leonidakit,https://www.leonidakit.com/vehicules/brute-rental-shuttle-bus.html,,../search-index.js ; ../vehicules-data.js ; ../assets-manifest.js ; ../common.js ; ../app.js ; ../fiches.js,../search-index.js ; ../vehicules-data.js ; ../assets-manifest.js,https://fonts.googleapis.com/css2?family=Archivo:wght@400;500;600;700;900&display=swap ; ../style.css ; ../fiches.css ; https://www.leonidakit.com/img/social-card.png,recherche ; galerie ; possession,#main ; ../index.html ; ../carte.html ; ../vehicules.html ; ../armes.html ; ../collectibles.html ; ../progression.html ; ../index.html ; ../vehicules.html ; ../vehicules.html#cat=service ; ../comparateur.html?type=vehicules&ids=brute-rental-shuttle-bus ; #modele-reel ; https://www.google.com/search?tbm=isch&q=Chevrolet%20Express ; https://fr.wikipedia.org/w/index.php?search=Chevrolet%20Express ; ../vehicules.html#slot=americain ; ../vehicules.html#cat=service ; ../vehicules.html#slot=americain ; ../carte.html#lieu=g-L1610 ; ../carte.html#lieu=g-L2375 ; ../carte.html#lieu=g-L590 ; ../contact.html ; bravado-bison-1800-police.html ; bravado-buffalo-stx-pursuit.html ; bravado-gauntlet-interceptor.html ; bravado-police-cruiser-buffalo.html ; brute-ambulance.html ; brute-bus.html ; brute-police-riot.html ; brute-stockade.html ; ../carte.html ; ../vehicules.html ; ../armes.html ; ../collectibles.html ; ../progression.html ; ../calculateurs.html ; ../a-propos.html ; ../contact.html ; ../mentions-legales.html
vehicules/brute-stockade.html,/vehicules/brute-stockade.html,fiche véhicule,Brute Stockade — GTA VI | Leonidakit,https://www.leonidakit.com/vehicules/brute-stockade.html,,../search-index.js ; ../vehicules-data.js ; ../assets-manifest.js ; ../common.js ; ../app.js ; ../fiches.js,../search-index.js ; ../vehicules-data.js ; ../assets-manifest.js,https://fonts.googleapis.com/css2?family=Archivo:wght@400;500;600;700;900&display=swap ; ../style.css ; ../fiches.css ; https://www.leonidakit.com/img/social-card.png,recherche ; galerie ; possession,#main ; ../index.html ; ../carte.html ; ../vehicules.html ; ../armes.html ; ../collectibles.html ; ../progression.html ; ../index.html ; ../vehicules.html ; ../vehicules.html#cat=service ; ../comparateur.html?type=vehicules&ids=brute-stockade ; #modele-reel ; https://www.google.com/search?tbm=isch&q=International%204700%20Series ; https://fr.wikipedia.org/w/index.php?search=International%204700%20Series ; ../vehicules.html#cat=service ; ../carte.html#lieu=g-L1610 ; ../carte.html#lieu=g-L2375 ; ../carte.html#lieu=g-L590 ; ../contact.html ; bravado-bison-1800-police.html ; bravado-buffalo-stx-pursuit.html ; bravado-gauntlet-interceptor.html ; bravado-police-cruiser-buffalo.html ; brute-ambulance.html ; brute-bus.html ; brute-rental-shuttle-bus.html ; brute-tipper-6-wheels.html ; ../carte.html ; ../vehicules.html ; ../armes.html ; ../collectibles.html ; ../progression.html ; ../calculateurs.html ; ../a-propos.html ; ../contact.html ; ../mentions-legales.html
vehicules/brute-tipper-6-wheels.html,/vehicules/brute-tipper-6-wheels.html,fiche véhicule,Brute Tipper (6 roues) — GTA VI | Leonidakit,https://www.leonidakit.com/vehicules/brute-tipper-6-wheels.html,,../search-index.js ; ../vehicules-data.js ; ../assets-manifest.js ; ../common.js ; ../app.js ; ../fiches.js,../search-index.js ; ../vehicules-data.js ; ../assets-manifest.js,https://fonts.googleapis.com/css2?family=Archivo:wght@400;500;600;700;900&display=swap ; ../style.css ; ../fiches.css ; https://www.leonidakit.com/img/social-card.png,recherche ; galerie ; possession,#main ; ../index.html ; ../carte.html ; ../vehicules.html ; ../armes.html ; ../collectibles.html ; ../progression.html ; ../index.html ; ../vehicules.html ; ../vehicules.html#cat=service ; ../comparateur.html?type=vehicules&ids=brute-tipper-6-wheels ; #modele-reel ; https://www.google.com/search?tbm=isch&q=Chevrolet%20Kodiak ; https://fr.wikipedia.org/w/index.php?search=Chevrolet%20Kodiak ; ../vehicules.html#slot=americain ; ../vehicules.html#cat=service ; ../vehicules.html#slot=americain ; ../carte.html#lieu=g-L1610 ; ../carte.html#lieu=g-L2375 ; ../carte.html#lieu=g-L590 ; ../contact.html ; bravado-bison-1800-police.html ; bravado-buffalo-stx-pursuit.html ; bravado-gauntlet-interceptor.html ; bravado-police-cruiser-buffalo.html ; brute-ambulance.html ; brute-bus.html ; brute-stockade.html ; brute-utility-truck.html ; ../carte.html ; ../vehicules.html ; ../armes.html ; ../collectibles.html ; ../progression.html ; ../calculateurs.html ; ../a-propos.html ; ../contact.html ; ../mentions-legales.html
vehicules/brute-utility-truck.html,/vehicules/brute-utility-truck.html,fiche véhicule,Brute Utility Truck — GTA VI | Leonidakit,https://www.leonidakit.com/vehicules/brute-utility-truck.html,,../search-index.js ; ../vehicules-data.js ; ../assets-manifest.js ; ../common.js ; ../app.js ; ../fiches.js,../search-index.js ; ../vehicules-data.js ; ../assets-manifest.js,https://fonts.googleapis.com/css2?family=Archivo:wght@400;500;600;700;900&display=swap ; ../style.css ; ../fiches.css ; https://www.leonidakit.com/img/social-card.png,recherche ; galerie ; possession,#main ; ../index.html ; ../carte.html ; ../vehicules.html ; ../armes.html ; ../collectibles.html ; ../progression.html ; ../index.html ; ../vehicules.html ; ../vehicules.html#cat=service ; ../comparateur.html?type=vehicules&ids=brute-utility-truck ; #modele-reel ; https://www.google.com/search?tbm=isch&q=International%204700%20Series ; https://fr.wikipedia.org/w/index.php?search=International%204700%20Series ; ../vehicules.html#cat=service ; ../carte.html#lieu=g-L1610 ; ../carte.html#lieu=g-L2375 ; ../carte.html#lieu=g-L590 ; ../contact.html ; bravado-bison-1800-police.html ; bravado-buffalo-stx-pursuit.html ; bravado-gauntlet-interceptor.html ; bravado-police-cruiser-buffalo.html ; brute-ambulance.html ; brute-bus.html ; brute-tipper-6-wheels.html ; declasse-granger-taxi.html ; ../carte.html ; ../vehicules.html ; ../armes.html ; ../collectibles.html ; ../progression.html ; ../calculateurs.html ; ../a-propos.html ; ../contact.html ; ../mentions-legales.html
vehicules/btn-delmar.html,/vehicules/btn-delmar.html,fiche véhicule,BTN Delmar — GTA VI | Leonidakit,https://www.leonidakit.com/vehicules/btn-delmar.html,,../search-index.js ; ../vehicules-data.js ; ../assets-manifest.js ; ../common.js ; ../app.js ; ../fiches.js,../search-index.js ; ../vehicules-data.js ; ../assets-manifest.js,https://fonts.googleapis.com/css2?family=Archivo:wght@400;500;600;700;900&display=swap ; ../style.css ; ../fiches.css ; https://www.leonidakit.com/img/social-card.png,recherche ; galerie ; possession,#main ; ../index.html ; ../carte.html ; ../vehicules.html ; ../armes.html ; ../collectibles.html ; ../progression.html ; ../index.html ; ../vehicules.html ; ../vehicules.html#cat=bateau ; ../comparateur.html?type=vehicules&ids=btn-delmar ; #modele-reel ; https://www.google.com/search?tbm=isch&q=BTN%20Delmar ; https://fr.wikipedia.org/w/index.php?search=BTN%20Delmar ; ../vehicules.html#cat=bateau ; ../carte.html#lieu=g-L1610 ; ../carte.html#lieu=g-L2375 ; ../carte.html#lieu=g-L590 ; ../contact.html ; airboat-09.html ; crest-kayak.html ; dinka-jetmax.html ; nagasaki-marquis.html ; lure-predator-l35p.html ; lure-predator-l35p-police.html ; airboat-09.html ; crest-kayak.html ; ../carte.html ; ../vehicules.html ; ../armes.html ; ../collectibles.html ; ../progression.html ; ../calculateurs.html ; ../a-propos.html ; ../contact.html ; ../mentions-legales.html
vehicules/buckingham-buzzard.html,/vehicules/buckingham-buzzard.html,fiche véhicule,Nagasaki Buzzard — GTA VI | Leonidakit,https://www.leonidakit.com/vehicules/buckingham-buzzard.html,,../search-index.js ; ../vehicules-data.js ; ../assets-manifest.js ; ../common.js ; ../app.js ; ../fiches.js,../search-index.js ; ../vehicules-data.js ; ../assets-manifest.js,https://fonts.googleapis.com/css2?family=Archivo:wght@400;500;600;700;900&display=swap ; ../style.css ; ../fiches.css ; https://www.leonidakit.com/img/social-card.png,recherche ; galerie ; possession,#main ; ../index.html ; ../carte.html ; ../vehicules.html ; ../armes.html ; ../collectibles.html ; ../progression.html ; ../index.html ; ../vehicules.html ; ../vehicules.html#cat=helicoptere ; ../comparateur.html?type=vehicules&ids=buckingham-buzzard ; #modele-reel ; https://www.google.com/search?tbm=isch&q=AH-6%20Little%20Bird ; https://fr.wikipedia.org/w/index.php?search=AH-6%20Little%20Bird ; ../vehicules.html#cat=helicoptere ; ../carte.html#lieu=g-L1610 ; ../carte.html#lieu=g-L2375 ; ../carte.html#lieu=g-L590 ; ../contact.html ; buckingham-maverick.html ; buckingham-police-maverick.html ; buckingham-supervolito.html ; buckingham-swift.html ; buckingham-valkyrie.html ; nagasaki-police-buzzard.html ; buckingham-valkyrie.html ; nagasaki-police-buzzard.html ; ../carte.html ; ../vehicules.html ; ../armes.html ; ../collectibles.html ; ../progression.html ; ../calculateurs.html ; ../a-propos.html ; ../contact.html ; ../mentions-legales.html
vehicules/buckingham-luxor.html,/vehicules/buckingham-luxor.html,fiche véhicule,Buckingham Luxor — GTA VI | Leonidakit,https://www.leonidakit.com/vehicules/buckingham-luxor.html,,../search-index.js ; ../vehicules-data.js ; ../assets-manifest.js ; ../common.js ; ../app.js ; ../fiches.js,../search-index.js ; ../vehicules-data.js ; ../assets-manifest.js,https://fonts.googleapis.com/css2?family=Archivo:wght@400;500;600;700;900&display=swap ; ../style.css ; ../fiches.css ; https://www.leonidakit.com/img/social-card.png,recherche ; galerie ; possession,#main ; ../index.html ; ../carte.html ; ../vehicules.html ; ../armes.html ; ../collectibles.html ; ../progression.html ; ../index.html ; ../vehicules.html ; ../vehicules.html#cat=avion ; ../comparateur.html?type=vehicules&ids=buckingham-luxor ; #modele-reel ; https://www.google.com/search?tbm=isch&q=Learjet%2045 ; https://fr.wikipedia.org/w/index.php?search=Learjet%2045 ; ../vehicules.html#slot=americain ; ../vehicules.html#cat=avion ; ../vehicules.html#slot=americain ; ../carte.html#lieu=g-L1610 ; ../carte.html#lieu=g-L2375 ; ../carte.html#lieu=g-L590 ; ../contact.html ; buckingham-nimbus.html ; buckingham-shamal.html ; jobuilt-mammatus.html ; mammoth-dodo.html ; mammoth-streamer216.html ; jet.html ; western-sea-sparrow.html ; buckingham-nimbus.html ; ../carte.html ; ../vehicules.html ; ../armes.html ; ../collectibles.html ; ../progression.html ; ../calculateurs.html ; ../a-propos.html ; ../contact.html ; ../mentions-legales.html
vehicules/buckingham-maverick.html,/vehicules/buckingham-maverick.html,fiche véhicule,Buckingham Maverick — GTA VI | Leonidakit,https://www.leonidakit.com/vehicules/buckingham-maverick.html,,../search-index.js ; ../vehicules-data.js ; ../assets-manifest.js ; ../common.js ; ../app.js ; ../fiches.js,../search-index.js ; ../vehicules-data.js ; ../assets-manifest.js,https://fonts.googleapis.com/css2?family=Archivo:wght@400;500;600;700;900&display=swap ; ../style.css ; ../fiches.css ; https://www.leonidakit.com/img/social-card.png,recherche ; galerie ; possession,#main ; ../index.html ; ../carte.html ; ../vehicules.html ; ../armes.html ; ../collectibles.html ; ../progression.html ; ../index.html ; ../vehicules.html ; ../vehicules.html#cat=helicoptere ; ../comparateur.html?type=vehicules&ids=buckingham-maverick ; #modele-reel ; https://www.google.com/search?tbm=isch&q=Bell%20206L%20Longranger ; https://fr.wikipedia.org/w/index.php?search=Bell%20206L%20Longranger ; ../vehicules.html#slot=americain ; ../vehicules.html#cat=helicoptere ; ../vehicules.html#slot=americain ; ../carte.html#lieu=g-L1610 ; ../carte.html#lieu=g-L2375 ; ../carte.html#lieu=g-L590 ; ../contact.html ; buckingham-police-maverick.html ; buckingham-supervolito.html ; buckingham-swift.html ; buckingham-valkyrie.html ; buckingham-buzzard.html ; nagasaki-police-buzzard.html ; western-zombie-chopper.html ; buckingham-police-maverick.html ; ../carte.html ; ../vehicules.html ; ../armes.html ; ../collectibles.html ; ../progression.html ; ../calculateurs.html ; ../a-propos.html ; ../contact.html ; ../mentions-legales.html
vehicules/buckingham-nimbus.html,/vehicules/buckingham-nimbus.html,fiche véhicule,Buckingham Nimbus — GTA VI | Leonidakit,https://www.leonidakit.com/vehicules/buckingham-nimbus.html,,../search-index.js ; ../vehicules-data.js ; ../assets-manifest.js ; ../common.js ; ../app.js ; ../fiches.js,../search-index.js ; ../vehicules-data.js ; ../assets-manifest.js,https://fonts.googleapis.com/css2?family=Archivo:wght@400;500;600;700;900&display=swap ; ../style.css ; ../fiches.css ; https://www.leonidakit.com/img/social-card.png,recherche ; galerie ; possession,#main ; ../index.html ; ../carte.html ; ../vehicules.html ; ../armes.html ; ../collectibles.html ; ../progression.html ; ../index.html ; ../vehicules.html ; ../vehicules.html#cat=avion ; ../comparateur.html?type=vehicules&ids=buckingham-nimbus ; #modele-reel ; https://www.google.com/search?tbm=isch&q=Cessna%20Citation%20X ; https://fr.wikipedia.org/w/index.php?search=Cessna%20Citation%20X ; ../vehicules.html#slot=americain ; ../vehicules.html#cat=avion ; ../vehicules.html#slot=americain ; ../carte.html#lieu=g-L1610 ; ../carte.html#lieu=g-L2375 ; ../carte.html#lieu=g-L590 ; ../contact.html ; buckingham-luxor.html ; buckingham-shamal.html ; jobuilt-mammatus.html ; mammoth-dodo.html ; mammoth-streamer216.html ; jet.html ; buckingham-luxor.html ; buckingham-shamal.html ; ../carte.html ; ../vehicules.html ; ../armes.html ; ../collectibles.html ; ../progression.html ; ../calculateurs.html ; ../a-propos.html ; ../contact.html ; ../mentions-legales.html
vehicules/buckingham-police-maverick.html,/vehicules/buckingham-police-maverick.html,fiche véhicule,Buckingham Police Maverick — GTA VI | Leonidakit,https://www.leonidakit.com/vehicules/buckingham-police-maverick.html,,../search-index.js ; ../vehicules-data.js ; ../assets-manifest.js ; ../common.js ; ../app.js ; ../fiches.js,../search-index.js ; ../vehicules-data.js ; ../assets-manifest.js,https://fonts.googleapis.com/css2?family=Archivo:wght@400;500;600;700;900&display=swap ; ../style.css ; ../fiches.css ; https://www.leonidakit.com/img/social-card.png,recherche ; galerie ; possession,#main ; ../index.html ; ../carte.html ; ../vehicules.html ; ../armes.html ; ../collectibles.html ; ../progression.html ; ../index.html ; ../vehicules.html ; ../vehicules.html#cat=helicoptere ; ../comparateur.html?type=vehicules&ids=buckingham-police-maverick ; #modele-reel ; https://www.google.com/search?tbm=isch&q=Eurocopter%20AS350B ; https://fr.wikipedia.org/w/index.php?search=Eurocopter%20AS350B ; ../vehicules.html#cat=helicoptere ; ../carte.html#lieu=g-L1610 ; ../carte.html#lieu=g-L2375 ; ../carte.html#lieu=g-L590 ; ../contact.html ; buckingham-maverick.html ; buckingham-supervolito.html ; buckingham-swift.html ; buckingham-valkyrie.html ; buckingham-buzzard.html ; nagasaki-police-buzzard.html ; buckingham-maverick.html ; buckingham-supervolito.html ; ../carte.html ; ../vehicules.html ; ../armes.html ; ../collectibles.html ; ../progression.html ; ../calculateurs.html ; ../a-propos.html ; ../contact.html ; ../mentions-legales.html
vehicules/buckingham-shamal.html,/vehicules/buckingham-shamal.html,fiche véhicule,Buckingham Shamal — GTA VI | Leonidakit,https://www.leonidakit.com/vehicules/buckingham-shamal.html,,../search-index.js ; ../vehicules-data.js ; ../assets-manifest.js ; ../common.js ; ../app.js ; ../fiches.js,../search-index.js ; ../vehicules-data.js ; ../assets-manifest.js,https://fonts.googleapis.com/css2?family=Archivo:wght@400;500;600;700;900&display=swap ; ../style.css ; ../fiches.css ; https://www.leonidakit.com/img/social-card.png,recherche ; galerie ; possession,#main ; ../index.html ; ../carte.html ; ../vehicules.html ; ../armes.html ; ../collectibles.html ; ../progression.html ; ../index.html ; ../vehicules.html ; ../vehicules.html#cat=avion ; ../comparateur.html?type=vehicules&ids=buckingham-shamal ; #modele-reel ; https://www.google.com/search?tbm=isch&q=Learjet%2045 ; https://fr.wikipedia.org/w/index.php?search=Learjet%2045 ; ../vehicules.html#slot=americain ; ../vehicules.html#cat=avion ; ../vehicules.html#slot=americain ; ../carte.html#lieu=g-L1610 ; ../carte.html#lieu=g-L2375 ; ../carte.html#lieu=g-L590 ; ../contact.html ; buckingham-luxor.html ; buckingham-nimbus.html ; jobuilt-mammatus.html ; mammoth-dodo.html ; mammoth-streamer216.html ; jet.html ; buckingham-nimbus.html ; jobuilt-mammatus.html ; ../carte.html ; ../vehicules.html ; ../armes.html ; ../collectibles.html ; ../progression.html ; ../calculateurs.html ; ../a-propos.html ; ../contact.html ; ../mentions-legales.html
vehicules/buckingham-supervolito.html,/vehicules/buckingham-supervolito.html,fiche véhicule,Buckingham SuperVolito — GTA VI | Leonidakit,https://www.leonidakit.com/vehicules/buckingham-supervolito.html,,../search-index.js ; ../vehicules-data.js ; ../assets-manifest.js ; ../common.js ; ../app.js ; ../fiches.js,../search-index.js ; ../vehicules-data.js ; ../assets-manifest.js,https://fonts.googleapis.com/css2?family=Archivo:wght@400;500;600;700;900&display=swap ; ../style.css ; ../fiches.css ; https://www.leonidakit.com/img/social-card.png,recherche ; galerie ; possession,#main ; ../index.html ; ../carte.html ; ../vehicules.html ; ../armes.html ; ../collectibles.html ; ../progression.html ; ../index.html ; ../vehicules.html ; ../vehicules.html#cat=helicoptere ; ../comparateur.html?type=vehicules&ids=buckingham-supervolito ; #modele-reel ; https://www.google.com/search?tbm=isch&q=Eurocopter%20EC145 ; https://fr.wikipedia.org/w/index.php?search=Eurocopter%20EC145 ; ../vehicules.html#cat=helicoptere ; ../carte.html#lieu=g-L1610 ; ../carte.html#lieu=g-L2375 ; ../carte.html#lieu=g-L590 ; ../contact.html ; buckingham-maverick.html ; buckingham-police-maverick.html ; buckingham-swift.html ; buckingham-valkyrie.html ; buckingham-buzzard.html ; nagasaki-police-buzzard.html ; buckingham-police-maverick.html ; buckingham-swift.html ; ../carte.html ; ../vehicules.html ; ../armes.html ; ../collectibles.html ; ../progression.html ; ../calculateurs.html ; ../a-propos.html ; ../contact.html ; ../mentions-legales.html
vehicules/buckingham-swift.html,/vehicules/buckingham-swift.html,fiche véhicule,Buckingham Swift — GTA VI | Leonidakit,https://www.leonidakit.com/vehicules/buckingham-swift.html,,../search-index.js ; ../vehicules-data.js ; ../assets-manifest.js ; ../common.js ; ../app.js ; ../fiches.js,../search-index.js ; ../vehicules-data.js ; ../assets-manifest.js,https://fonts.googleapis.com/css2?family=Archivo:wght@400;500;600;700;900&display=swap ; ../style.css ; ../fiches.css ; https://www.leonidakit.com/img/social-card.png,recherche ; galerie ; possession,#main ; ../index.html ; ../carte.html ; ../vehicules.html ; ../armes.html ; ../collectibles.html ; ../progression.html ; ../index.html ; ../vehicules.html ; ../vehicules.html#cat=helicoptere ; ../comparateur.html?type=vehicules&ids=buckingham-swift ; #modele-reel ; https://www.google.com/search?tbm=isch&q=AgustaWestland%20AW109 ; https://fr.wikipedia.org/w/index.php?search=AgustaWestland%20AW109 ; ../vehicules.html#slot=europeen ; ../vehicules.html#cat=helicoptere ; ../vehicules.html#slot=europeen ; ../carte.html#lieu=g-L1610 ; ../carte.html#lieu=g-L2375 ; ../carte.html#lieu=g-L590 ; ../contact.html ; buckingham-maverick.html ; buckingham-police-maverick.html ; buckingham-supervolito.html ; buckingham-valkyrie.html ; buckingham-buzzard.html ; nagasaki-police-buzzard.html ; buckingham-supervolito.html ; buckingham-valkyrie.html ; ../carte.html ; ../vehicules.html ; ../armes.html ; ../collectibles.html ; ../progression.html ; ../calculateurs.html ; ../a-propos.html ; ../contact.html ; ../mentions-legales.html
vehicules/buckingham-valkyrie.html,/vehicules/buckingham-valkyrie.html,fiche véhicule,Buckingham Valkyrie — GTA VI | Leonidakit,https://www.leonidakit.com/vehicules/buckingham-valkyrie.html,,../search-index.js ; ../vehicules-data.js ; ../assets-manifest.js ; ../common.js ; ../app.js ; ../fiches.js,../search-index.js ; ../vehicules-data.js ; ../assets-manifest.js,https://fonts.googleapis.com/css2?family=Archivo:wght@400;500;600;700;900&display=swap ; ../style.css ; ../fiches.css ; https://www.leonidakit.com/img/social-card.png,recherche ; galerie ; possession,#main ; ../index.html ; ../carte.html ; ../vehicules.html ; ../armes.html ; ../collectibles.html ; ../progression.html ; ../index.html ; ../vehicules.html ; ../vehicules.html#cat=helicoptere ; ../comparateur.html?type=vehicules&ids=buckingham-valkyrie ; #modele-reel ; https://www.google.com/search?tbm=isch&q=Bell%20UH-1Y%20Venom ; https://fr.wikipedia.org/w/index.php?search=Bell%20UH-1Y%20Venom ; ../vehicules.html#slot=americain ; ../vehicules.html#cat=helicoptere ; ../vehicules.html#slot=americain ; ../carte.html#lieu=g-L1610 ; ../carte.html#lieu=g-L2375 ; ../carte.html#lieu=g-L590 ; ../contact.html ; buckingham-maverick.html ; buckingham-police-maverick.html ; buckingham-supervolito.html ; buckingham-swift.html ; buckingham-buzzard.html ; nagasaki-police-buzzard.html ; buckingham-swift.html ; buckingham-buzzard.html ; ../carte.html ; ../vehicules.html ; ../armes.html ; ../collectibles.html ; ../progression.html ; ../calculateurs.html ; ../a-propos.html ; ../contact.html ; ../mentions-legales.html
vehicules/buick-reatta-convertible.html,/vehicules/buick-reatta-convertible.html,fiche véhicule,Reatta décapotable — GTA VI | Leonidakit,https://www.leonidakit.com/vehicules/buick-reatta-convertible.html,,../search-index.js ; ../vehicules-data.js ; ../assets-manifest.js ; ../common.js ; ../app.js ; ../fiches.js,../search-index.js ; ../vehicules-data.js ; ../assets-manifest.js,https://fonts.googleapis.com/css2?family=Archivo:wght@400;500;600;700;900&display=swap ; ../style.css ; ../fiches.css ; https://www.leonidakit.com/img/social-card.png,recherche ; galerie ; possession,#main ; ../index.html ; ../carte.html ; ../vehicules.html ; ../armes.html ; ../collectibles.html ; ../progression.html ; ../index.html ; ../vehicules.html ; ../vehicules.html#cat=sport ; ../comparateur.html?type=vehicules&ids=buick-reatta-convertible ; #modele-reel ; https://www.google.com/search?tbm=isch&q=Buick%20Reatta%20Convertible ; https://fr.wikipedia.org/w/index.php?search=Buick%20Reatta%20Convertible ; ../vehicules.html#slot=americain ; ../vehicules.html#cat=sport ; ../vehicules.html#slot=americain ; ../carte.html#lieu=g-L1610 ; ../carte.html#lieu=g-L2375 ; ../carte.html#lieu=g-L590 ; ../contact.html ; albany-manana.html ; albany-v-str.html ; annis-elegy-retro-custom.html ; benefactor-schafter-lwb.html ; bravado-banshee.html ; bravado-buffalo.html ; lincoln-mark-viii.html ; obey-8f-drafter.html ; ../carte.html ; ../vehicules.html ; ../armes.html ; ../collectibles.html ; ../progression.html ; ../calculateurs.html ; ../a-propos.html ; ../contact.html ; ../mentions-legales.html
vehicules/buick-regal-6.html,/vehicules/buick-regal-6.html,fiche véhicule,Regal — GTA VI | Leonidakit,https://www.leonidakit.com/vehicules/buick-regal-6.html,,../search-index.js ; ../vehicules-data.js ; ../assets-manifest.js ; ../common.js ; ../app.js ; ../fiches.js,../search-index.js ; ../vehicules-data.js ; ../assets-manifest.js,https://fonts.googleapis.com/css2?family=Archivo:wght@400;500;600;700;900&display=swap ; ../style.css ; ../fiches.css ; https://www.leonidakit.com/img/social-card.png,recherche ; galerie ; possession,#main ; ../index.html ; ../carte.html ; ../vehicules.html ; ../armes.html ; ../collectibles.html ; ../progression.html ; ../index.html ; ../vehicules.html ; ../vehicules.html#cat=berline ; ../comparateur.html?type=vehicules&ids=buick-regal-6 ; #modele-reel ; https://www.google.com/search?tbm=isch&q=Buick%20Regal ; https://fr.wikipedia.org/w/index.php?search=Buick%20Regal ; ../vehicules.html#slot=americain ; ../vehicules.html#cat=berline ; ../vehicules.html#slot=americain ; ../carte.html#lieu=g-L1610 ; ../carte.html#lieu=g-L2375 ; ../carte.html#lieu=g-L590 ; ../contact.html ; albany-emperor.html ; albany-primo.html ; albany-primo-custom.html ; benefactor-schafter-v12.html ; karin-asterope.html ; karin-asterope-gz.html ; oceanic.html ; chrysler-sebring-dodge-stratus.html ; ../carte.html ; ../vehicules.html ; ../armes.html ; ../collectibles.html ; ../progression.html ; ../calculateurs.html ; ../a-propos.html ; ../contact.html ; ../mentions-legales.html
vehicules/buick-skylark-6.html,/vehicules/buick-skylark-6.html,fiche véhicule,Skylark — GTA VI | Leonidakit,https://www.leonidakit.com/vehicules/buick-skylark-6.html,,../search-index.js ; ../vehicules-data.js ; ../assets-manifest.js ; ../common.js ; ../app.js ; ../fiches.js,../search-index.js ; ../vehicules-data.js ; ../assets-manifest.js,https://fonts.googleapis.com/css2?family=Archivo:wght@400;500;600;700;900&display=swap ; ../style.css ; ../fiches.css ; https://www.leonidakit.com/img/social-card.png,recherche ; galerie ; possession,#main ; ../index.html ; ../carte.html ; ../vehicules.html ; ../armes.html ; ../collectibles.html ; ../progression.html ; ../index.html ; ../vehicules.html ; ../vehicules.html#cat=berline ; ../comparateur.html?type=vehicules&ids=buick-skylark-6 ; #modele-reel ; https://www.google.com/search?tbm=isch&q=Buick%20Skylark ; https://fr.wikipedia.org/w/index.php?search=Buick%20Skylark ; ../vehicules.html#slot=americain ; ../vehicules.html#cat=berline ; ../vehicules.html#slot=americain ; ../carte.html#lieu=g-L1610 ; ../carte.html#lieu=g-L2375 ; ../carte.html#lieu=g-L590 ; ../contact.html ; albany-emperor.html ; albany-primo.html ; albany-primo-custom.html ; benefactor-schafter-v12.html ; karin-asterope.html ; karin-asterope-gz.html ; chrysler-sebring-dodge-stratus.html ; chevrolet-sonic.html ; ../carte.html ; ../vehicules.html ; ../armes.html ; ../collectibles.html ; ../progression.html ; ../calculateurs.html ; ../a-propos.html ; ../contact.html ; ../mentions-legales.html
vehicules/cadillac-eldorado-1959.html,/vehicules/cadillac-eldorado-1959.html,fiche véhicule,Eldorado 1959 — GTA VI | Leonidakit,https://www.leonidakit.com/vehicules/cadillac-eldorado-1959.html,,../search-index.js ; ../vehicules-data.js ; ../assets-manifest.js ; ../common.js ; ../app.js ; ../fiches.js,../search-index.js ; ../vehicules-data.js ; ../assets-manifest.js,https://fonts.googleapis.com/css2?family=Archivo:wght@400;500;600;700;900&display=swap ; ../style.css ; ../fiches.css ; https://www.leonidakit.com/img/social-card.png,recherche ; galerie ; possession,#main ; ../index.html ; ../carte.html ; ../vehicules.html ; ../armes.html ; ../collectibles.html ; ../progression.html ; ../index.html ; ../vehicules.html ; ../vehicules.html#cat=sport ; ../comparateur.html?type=vehicules&ids=cadillac-eldorado-1959 ; #modele-reel ; https://www.google.com/search?tbm=isch&q=Cadillac%20Eldorado%201959 ; https://fr.wikipedia.org/w/index.php?search=Cadillac%20Eldorado%201959 ; ../vehicules.html#slot=americain ; ../vehicules.html#cat=sport ; ../vehicules.html#slot=americain ; ../carte.html#lieu=g-L1610 ; ../carte.html#lieu=g-L2375 ; ../carte.html#lieu=g-L590 ; ../contact.html ; albany-manana.html ; albany-v-str.html ; annis-elegy-retro-custom.html ; benefactor-schafter-lwb.html ; bravado-banshee.html ; bravado-buffalo.html ; mercedes-cle-a236.html ; kellison-j4.html ; ../carte.html ; ../vehicules.html ; ../armes.html ; ../collectibles.html ; ../progression.html ; ../calculateurs.html ; ../a-propos.html ; ../contact.html ; ../mentions-legales.html
vehicules/canis-kamacho.html,/vehicules/canis-kamacho.html,fiche véhicule,Canis Kamacho — GTA VI | Leonidakit,https://www.leonidakit.com/vehicules/canis-kamacho.html,,../search-index.js ; ../vehicules-data.js ; ../assets-manifest.js ; ../common.js ; ../app.js ; ../fiches.js,../search-index.js ; ../vehicules-data.js ; ../assets-manifest.js,https://fonts.googleapis.com/css2?family=Archivo:wght@400;500;600;700;900&display=swap ; ../style.css ; ../fiches.css ; https://www.leonidakit.com/img/social-card.png,recherche ; galerie ; possession,#main ; ../index.html ; ../carte.html ; ../vehicules.html ; ../armes.html ; ../collectibles.html ; ../progression.html ; ../index.html ; ../vehicules.html ; ../vehicules.html#cat=pickup ; ../comparateur.html?type=vehicules&ids=canis-kamacho ; #modele-reel ; https://www.google.com/search?tbm=isch&q=Jeep%20Crew%20Chief%20715%20concept ; https://fr.wikipedia.org/w/index.php?search=Jeep%20Crew%20Chief%20715%20concept ; ../vehicules.html#slot=americain ; ../vehicules.html#cat=pickup ; ../vehicules.html#slot=americain ; ../carte.html#lieu=g-L1610 ; ../carte.html#lieu=g-L2375 ; ../carte.html#lieu=g-L590 ; ../contact.html ; annis-hellion.html ; bravado-bison-900-95-monster-truck.html ; declasse-rancher.html ; declasse-walton-l35-stock.html ; declasse-yosemite.html ; declasse-yosemite-1500.html ; bravado-bison-900-95-monster-truck.html ; declasse-rancher.html ; ../carte.html ; ../vehicules.html ; ../armes.html ; ../collectibles.html ; ../progression.html ; ../calculateurs.html ; ../a-propos.html ; ../contact.html ; ../mentions-legales.html
vehicules/canis-mesa.html,/vehicules/canis-mesa.html,fiche véhicule,Canis Mesa — GTA VI | Leonidakit,https://www.leonidakit.com/vehicules/canis-mesa.html,,../search-index.js ; ../vehicules-data.js ; ../assets-manifest.js ; ../common.js ; ../app.js ; ../fiches.js,../search-index.js ; ../vehicules-data.js ; ../assets-manifest.js,https://fonts.googleapis.com/css2?family=Archivo:wght@400;500;600;700;900&display=swap ; ../style.css ; ../fiches.css ; https://www.leonidakit.com/img/social-card.png,recherche ; galerie ; possession,#main ; ../index.html ; ../carte.html ; ../vehicules.html ; ../armes.html ; ../collectibles.html ; ../progression.html ; ../index.html ; ../vehicules.html ; ../vehicules.html#cat=suv ; ../comparateur.html?type=vehicules&ids=canis-mesa ; #modele-reel ; https://www.google.com/search?tbm=isch&q=Jeep%20Wrangler ; https://fr.wikipedia.org/w/index.php?search=Jeep%20Wrangler ; ../vehicules.html#slot=americain ; ../vehicules.html#cat=suv ; ../vehicules.html#slot=americain ; ../carte.html#lieu=g-L1610 ; ../carte.html#lieu=g-L2375 ; ../carte.html#lieu=g-L590 ; ../contact.html ; albany-cavalcade-xl.html ; benefactor-dubsta.html ; benefactor-xls.html ; bravado-dorado.html ; enus-jubilee.html ; declasse-seminole-frontier.html ; enus-jubilee.html ; declasse-seminole-frontier.html ; ../carte.html ; ../vehicules.html ; ../armes.html ; ../collectibles.html ; ../progression.html ; ../calculateurs.html ; ../a-propos.html ; ../contact.html ; ../mentions-legales.html
vehicules/canis-terminus.html,/vehicules/canis-terminus.html,fiche véhicule,Canis Terminus — GTA VI | Leonidakit,https://www.leonidakit.com/vehicules/canis-terminus.html,,../search-index.js ; ../vehicules-data.js ; ../assets-manifest.js ; ../common.js ; ../app.js ; ../fiches.js,../search-index.js ; ../vehicules-data.js ; ../assets-manifest.js,https://fonts.googleapis.com/css2?family=Archivo:wght@400;500;600;700;900&display=swap ; ../style.css ; ../fiches.css ; https://www.leonidakit.com/img/social-card.png,recherche ; galerie ; possession,#main ; ../index.html ; ../carte.html ; ../vehicules.html ; ../armes.html ; ../collectibles.html ; ../progression.html ; ../index.html ; ../vehicules.html ; ../vehicules.html#cat=suv ; ../comparateur.html?type=vehicules&ids=canis-terminus ; #modele-reel ; https://www.google.com/search?tbm=isch&q=Jeep%20Wrangler%20Rubicon ; https://fr.wikipedia.org/w/index.php?search=Jeep%20Wrangler%20Rubicon ; ../vehicules.html#slot=americain ; ../vehicules.html#cat=suv ; ../vehicules.html#slot=americain ; ../carte.html#lieu=g-L1610 ; ../carte.html#lieu=g-L2375 ; ../carte.html#lieu=g-L590 ; ../contact.html ; albany-cavalcade-xl.html ; benefactor-dubsta.html ; benefactor-xls.html ; bravado-dorado.html ; enus-jubilee.html ; canis-mesa.html ; declasse-seminole-frontier.html ; declasse-granger.html ; ../carte.html ; ../vehicules.html ; ../armes.html ; ../collectibles.html ; ../progression.html ; ../calculateurs.html ; ../a-propos.html ; ../contact.html ; ../mentions-legales.html
vehicules/cheval-vectre.html,/vehicules/cheval-vectre.html,fiche véhicule,Emperor Vectre — GTA VI | Leonidakit,https://www.leonidakit.com/vehicules/cheval-vectre.html,,../search-index.js ; ../vehicules-data.js ; ../assets-manifest.js ; ../common.js ; ../app.js ; ../fiches.js,../search-index.js ; ../vehicules-data.js ; ../assets-manifest.js,https://fonts.googleapis.com/css2?family=Archivo:wght@400;500;600;700;900&display=swap ; ../style.css ; ../fiches.css ; https://www.leonidakit.com/img/social-card.png,recherche ; galerie ; possession,#main ; ../index.html ; ../carte.html ; ../vehicules.html ; ../armes.html ; ../collectibles.html ; ../progression.html ; ../index.html ; ../vehicules.html ; ../vehicules.html#cat=sport ; ../comparateur.html?type=vehicules&ids=cheval-vectre ; #modele-reel ; https://www.google.com/search?tbm=isch&q=Lexus%20RC%20F ; https://fr.wikipedia.org/w/index.php?search=Lexus%20RC%20F ; ../vehicules.html#slot=japonais ; ../vehicules.html#cat=sport ; ../vehicules.html#slot=japonais ; ../carte.html#lieu=g-L1610 ; ../carte.html#lieu=g-L2375 ; ../carte.html#lieu=g-L590 ; ../contact.html ; albany-manana.html ; albany-v-str.html ; annis-elegy-retro-custom.html ; benefactor-schafter-lwb.html ; bravado-banshee.html ; bravado-buffalo.html ; dinka-sugoi.html ; enus-paragon-r.html ; ../carte.html ; ../vehicules.html ; ../armes.html ; ../collectibles.html ; ../progression.html ; ../calculateurs.html ; ../a-propos.html ; ../contact.html ; ../mentions-legales.html
vehicules/chevrolet-impala-10.html,/vehicules/chevrolet-impala-10.html,fiche véhicule,Impala — GTA VI | Leonidakit,https://www.leonidakit.com/vehicules/chevrolet-impala-10.html,,../search-index.js ; ../vehicules-data.js ; ../assets-manifest.js ; ../common.js ; ../app.js ; ../fiches.js,../search-index.js ; ../vehicules-data.js ; ../assets-manifest.js,https://fonts.googleapis.com/css2?family=Archivo:wght@400;500;600;700;900&display=swap ; ../style.css ; ../fiches.css ; https://www.leonidakit.com/img/social-card.png,recherche ; galerie ; possession,#main ; ../index.html ; ../carte.html ; ../vehicules.html ; ../armes.html ; ../collectibles.html ; ../progression.html ; ../index.html ; ../vehicules.html ; ../vehicules.html#cat=berline ; ../comparateur.html?type=vehicules&ids=chevrolet-impala-10 ; #modele-reel ; https://www.google.com/search?tbm=isch&q=Chevrolet%20Impala%20dixi%C3%A8me ; https://fr.wikipedia.org/w/index.php?search=Chevrolet%20Impala%20dixi%C3%A8me ; ../vehicules.html#slot=americain ; ../vehicules.html#cat=berline ; ../vehicules.html#slot=americain ; ../carte.html#lieu=g-L1610 ; ../carte.html#lieu=g-L2375 ; ../carte.html#lieu=g-L590 ; ../contact.html ; albany-emperor.html ; albany-primo.html ; albany-primo-custom.html ; benefactor-schafter-v12.html ; karin-asterope.html ; karin-asterope-gz.html ; mercedes-c-w205.html ; volkswagen-jetta.html ; ../carte.html ; ../vehicules.html ; ../armes.html ; ../collectibles.html ; ../progression.html ; ../calculateurs.html ; ../a-propos.html ; ../contact.html ; ../mentions-legales.html
vehicules/chevrolet-kodiak-gmc-topkick.html,/vehicules/chevrolet-kodiak-gmc-topkick.html,fiche véhicule,Kodiak / Topkick — GTA VI | Leonidakit,https://www.leonidakit.com/vehicules/chevrolet-kodiak-gmc-topkick.html,,../search-index.js ; ../vehicules-data.js ; ../assets-manifest.js ; ../common.js ; ../app.js ; ../fiches.js,../search-index.js ; ../vehicules-data.js ; ../assets-manifest.js,https://fonts.googleapis.com/css2?family=Archivo:wght@400;500;600;700;900&display=swap ; ../style.css ; ../fiches.css ; https://www.leonidakit.com/img/social-card.png,recherche ; galerie ; possession,#main ; ../index.html ; ../carte.html ; ../vehicules.html ; ../armes.html ; ../collectibles.html ; ../progression.html ; ../index.html ; ../vehicules.html ; ../vehicules.html#cat=service ; ../comparateur.html?type=vehicules&ids=chevrolet-kodiak-gmc-topkick ; #modele-reel ; https://www.google.com/search?tbm=isch&q=Chevrolet%20Kodiak ; https://fr.wikipedia.org/w/index.php?search=Chevrolet%20Kodiak ; ../vehicules.html#slot=americain ; ../vehicules.html#cat=service ; ../vehicules.html#slot=americain ; ../carte.html#lieu=g-L1610 ; ../carte.html#lieu=g-L2375 ; ../carte.html#lieu=g-L590 ; ../contact.html ; bravado-bison-1800-police.html ; bravado-buffalo-stx-pursuit.html ; bravado-gauntlet-interceptor.html ; bravado-police-cruiser-buffalo.html ; brute-ambulance.html ; brute-bus.html ; freight-train.html ; international-s-series-semi-truck.html ; ../carte.html ; ../vehicules.html ; ../armes.html ; ../collectibles.html ; ../progression.html ; ../calculateurs.html ; ../a-propos.html ; ../contact.html ; ../mentions-legales.html
vehicules/chevrolet-silverado-6500-hd.html,/vehicules/chevrolet-silverado-6500-hd.html,fiche véhicule,Silverado 6500 HD — GTA VI | Leonidakit,https://www.leonidakit.com/vehicules/chevrolet-silverado-6500-hd.html,,../search-index.js ; ../vehicules-data.js ; ../assets-manifest.js ; ../common.js ; ../app.js ; ../fiches.js,../search-index.js ; ../vehicules-data.js ; ../assets-manifest.js,https://fonts.googleapis.com/css2?family=Archivo:wght@400;500;600;700;900&display=swap ; ../style.css ; ../fiches.css ; https://www.leonidakit.com/img/social-card.png,recherche ; galerie ; possession,#main ; ../index.html ; ../carte.html ; ../vehicules.html ; ../armes.html ; ../collectibles.html ; ../progression.html ; ../index.html ; ../vehicules.html ; ../vehicules.html#cat=service ; ../comparateur.html?type=vehicules&ids=chevrolet-silverado-6500-hd ; #modele-reel ; https://www.google.com/search?tbm=isch&q=Chevrolet%20Silverado%206500%20HD ; https://fr.wikipedia.org/w/index.php?search=Chevrolet%20Silverado%206500%20HD ; ../vehicules.html#slot=americain ; ../vehicules.html#cat=service ; ../vehicules.html#slot=americain ; ../carte.html#lieu=g-L1610 ; ../carte.html#lieu=g-L2375 ; ../carte.html#lieu=g-L590 ; ../contact.html ; bravado-bison-1800-police.html ; bravado-buffalo-stx-pursuit.html ; bravado-gauntlet-interceptor.html ; bravado-police-cruiser-buffalo.html ; brute-ambulance.html ; brute-bus.html ; international-s-series-semi-truck.html ; dodge-grand-caravan-taxi.html ; ../carte.html ; ../vehicules.html ; ../armes.html ; ../collectibles.html ; ../progression.html ; ../calculateurs.html ; ../a-propos.html ; ../contact.html ; ../mentions-legales.html
vehicules/chevrolet-sonic.html,/vehicules/chevrolet-sonic.html,fiche véhicule,Sonic — GTA VI | Leonidakit,https://www.leonidakit.com/vehicules/chevrolet-sonic.html,,../search-index.js ; ../vehicules-data.js ; ../assets-manifest.js ; ../common.js ; ../app.js ; ../fiches.js,../search-index.js ; ../vehicules-data.js ; ../assets-manifest.js,https://fonts.googleapis.com/css2?family=Archivo:wght@400;500;600;700;900&display=swap ; ../style.css ; ../fiches.css ; https://www.leonidakit.com/img/social-card.png,recherche ; galerie ; possession,#main ; ../index.html ; ../carte.html ; ../vehicules.html ; ../armes.html ; ../collectibles.html ; ../progression.html ; ../index.html ; ../vehicules.html ; ../vehicules.html#cat=berline ; ../comparateur.html?type=vehicules&ids=chevrolet-sonic ; #modele-reel ; https://www.google.com/search?tbm=isch&q=Chevrolet%20Sonic ; https://fr.wikipedia.org/w/index.php?search=Chevrolet%20Sonic ; ../vehicules.html#slot=americain ; ../vehicules.html#cat=berline ; ../vehicules.html#slot=americain ; ../carte.html#lieu=g-L1610 ; ../carte.html#lieu=g-L2375 ; ../carte.html#lieu=g-L590 ; ../contact.html ; albany-emperor.html ; albany-primo.html ; albany-primo-custom.html ; benefactor-schafter-v12.html ; karin-asterope.html ; karin-asterope-gz.html ; buick-skylark-6.html ; ford-taurus.html ; ../carte.html ; ../vehicules.html ; ../armes.html ; ../collectibles.html ; ../progression.html ; ../calculateurs.html ; ../a-propos.html ; ../contact.html ; ../mentions-legales.html
vehicules/chrysler-lebaron-town-country.html,/vehicules/chrysler-lebaron-town-country.html,fiche véhicule,LeBaron Town & Country — GTA VI | Leonidakit,https://www.leonidakit.com/vehicules/chrysler-lebaron-town-country.html,,../search-index.js ; ../vehicules-data.js ; ../assets-manifest.js ; ../common.js ; ../app.js ; ../fiches.js,../search-index.js ; ../vehicules-data.js ; ../assets-manifest.js,https://fonts.googleapis.com/css2?family=Archivo:wght@400;500;600;700;900&display=swap ; ../style.css ; ../fiches.css ; https://www.leonidakit.com/img/social-card.png,recherche ; galerie ; possession,#main ; ../index.html ; ../carte.html ; ../vehicules.html ; ../armes.html ; ../collectibles.html ; ../progression.html ; ../index.html ; ../vehicules.html ; ../vehicules.html#cat=berline ; ../comparateur.html?type=vehicules&ids=chrysler-lebaron-town-country ; #modele-reel ; https://www.google.com/search?tbm=isch&q=Chrysler%20LeBaron%20Town%20%26%20Country ; https://fr.wikipedia.org/w/index.php?search=Chrysler%20LeBaron%20Town%20%26%20Country ; ../vehicules.html#slot=americain ; ../vehicules.html#cat=berline ; ../vehicules.html#slot=americain ; ../carte.html#lieu=g-L1610 ; ../carte.html#lieu=g-L2375 ; ../carte.html#lieu=g-L590 ; ../contact.html ; albany-emperor.html ; albany-primo.html ; albany-primo-custom.html ; benefactor-schafter-v12.html ; karin-asterope.html ; karin-asterope-gz.html ; volkswagen-jetta.html ; oceanic.html ; ../carte.html ; ../vehicules.html ; ../armes.html ; ../collectibles.html ; ../progression.html ; ../calculateurs.html ; ../a-propos.html ; ../contact.html ; ../mentions-legales.html
vehicules/chrysler-sebring-dodge-stratus.html,/vehicules/chrysler-sebring-dodge-stratus.html,fiche véhicule,Sebring — GTA VI | Leonidakit,https://www.leonidakit.com/vehicules/chrysler-sebring-dodge-stratus.html,,../search-index.js ; ../vehicules-data.js ; ../assets-manifest.js ; ../common.js ; ../app.js ; ../fiches.js,../search-index.js ; ../vehicules-data.js ; ../assets-manifest.js,https://fonts.googleapis.com/css2?family=Archivo:wght@400;500;600;700;900&display=swap ; ../style.css ; ../fiches.css ; https://www.leonidakit.com/img/social-card.png,recherche ; galerie ; possession,#main ; ../index.html ; ../carte.html ; ../vehicules.html ; ../armes.html ; ../collectibles.html ; ../progression.html ; ../index.html ; ../vehicules.html ; ../vehicules.html#cat=berline ; ../comparateur.html?type=vehicules&ids=chrysler-sebring-dodge-stratus ; #modele-reel ; https://www.google.com/search?tbm=isch&q=Chrysler%20Sebring ; https://fr.wikipedia.org/w/index.php?search=Chrysler%20Sebring ; ../vehicules.html#slot=americain ; ../vehicules.html#cat=berline ; ../vehicules.html#slot=americain ; ../carte.html#lieu=g-L1610 ; ../carte.html#lieu=g-L2375 ; ../carte.html#lieu=g-L590 ; ../contact.html ; albany-emperor.html ; albany-primo.html ; albany-primo-custom.html ; benefactor-schafter-v12.html ; karin-asterope.html ; karin-asterope-gz.html ; buick-regal-6.html ; buick-skylark-6.html ; ../carte.html ; ../vehicules.html ; ../armes.html ; ../collectibles.html ; ../progression.html ; ../calculateurs.html ; ../a-propos.html ; ../contact.html ; ../mentions-legales.html
vehicules/chrysler-town-country.html,/vehicules/chrysler-town-country.html,fiche véhicule,Town & Country — GTA VI | Leonidakit,https://www.leonidakit.com/vehicules/chrysler-town-country.html,,../search-index.js ; ../vehicules-data.js ; ../assets-manifest.js ; ../common.js ; ../app.js ; ../fiches.js,../search-index.js ; ../vehicules-data.js ; ../assets-manifest.js,https://fonts.googleapis.com/css2?family=Archivo:wght@400;500;600;700;900&display=swap ; ../style.css ; ../fiches.css ; https://www.leonidakit.com/img/social-card.png,recherche ; galerie ; possession,#main ; ../index.html ; ../carte.html ; ../vehicules.html ; ../armes.html ; ../collectibles.html ; ../progression.html ; ../index.html ; ../vehicules.html ; ../vehicules.html#cat=van ; ../comparateur.html?type=vehicules&ids=chrysler-town-country ; #modele-reel ; https://www.google.com/search?tbm=isch&q=Chrysler%20Town%20%26%20Country ; https://fr.wikipedia.org/w/index.php?search=Chrysler%20Town%20%26%20Country ; ../vehicules.html#slot=americain ; ../vehicules.html#cat=van ; ../vehicules.html#slot=americain ; ../carte.html#lieu=g-L1610 ; ../carte.html#lieu=g-L2375 ; ../carte.html#lieu=g-L590 ; ../contact.html ; bravado-bison.html ; bravado-bison-1800.html ; bravado-bison-900-95.html ; bravado-rumpo.html ; bravado-youga-classic.html ; brute-boxville.html ; mercedes-sprinter-2.html ; ford-transit-4.html ; ../carte.html ; ../vehicules.html ; ../armes.html ; ../collectibles.html ; ../progression.html ; ../calculateurs.html ; ../a-propos.html ; ../contact.html ; ../mentions-legales.html
vehicules/clarion.html,/vehicules/clarion.html,fiche véhicule,Clarion — GTA VI | Leonidakit,https://www.leonidakit.com/vehicules/clarion.html,,../search-index.js ; ../vehicules-data.js ; ../assets-manifest.js ; ../common.js ; ../app.js ; ../fiches.js,../search-index.js ; ../vehicules-data.js ; ../assets-manifest.js,https://fonts.googleapis.com/css2?family=Archivo:wght@400;500;600;700;900&display=swap ; ../style.css ; ../fiches.css ; https://www.leonidakit.com/img/social-card.png,recherche ; galerie ; possession,#main ; ../index.html ; ../carte.html ; ../vehicules.html ; ../armes.html ; ../collectibles.html ; ../progression.html ; ../index.html ; ../vehicules.html ; ../vehicules.html#cat=bateau ; ../comparateur.html?type=vehicules&ids=clarion ; #modele-reel ; https://www.google.com/search?tbm=isch&q=Cigarette%2038%20Top%20Gun ; https://fr.wikipedia.org/w/index.php?search=Cigarette%2038%20Top%20Gun ; ../vehicules.html#slot=americain ; ../vehicules.html#cat=bateau ; ../vehicules.html#slot=americain ; ../carte.html#lieu=g-L1610 ; ../carte.html#lieu=g-L2375 ; ../carte.html#lieu=g-L590 ; ../contact.html ; airboat-09.html ; btn-delmar.html ; crest-kayak.html ; dinka-jetmax.html ; nagasaki-marquis.html ; lure-predator-l35p.html ; bavaria-sr33.html ; contender-39st.html ; ../carte.html ; ../vehicules.html ; ../armes.html ; ../collectibles.html ; ../progression.html ; ../calculateurs.html ; ../a-propos.html ; ../contact.html ; ../mentions-legales.html
vehicules/coach.html,/vehicules/coach.html,fiche véhicule,Coach — GTA VI | Leonidakit,https://www.leonidakit.com/vehicules/coach.html,,../search-index.js ; ../vehicules-data.js ; ../assets-manifest.js ; ../common.js ; ../app.js ; ../fiches.js,../search-index.js ; ../vehicules-data.js ; ../assets-manifest.js,https://fonts.googleapis.com/css2?family=Archivo:wght@400;500;600;700;900&display=swap ; ../style.css ; ../fiches.css ; https://www.leonidakit.com/img/social-card.png,recherche ; galerie ; possession,#main ; ../index.html ; ../carte.html ; ../vehicules.html ; ../armes.html ; ../collectibles.html ; ../progression.html ; ../index.html ; ../vehicules.html ; ../vehicules.html#cat=van ; ../comparateur.html?type=vehicules&ids=coach ; #modele-reel ; https://www.google.com/search?tbm=isch&q=Autocar%20longue%20distance%20am%C3%A9ricain ; https://fr.wikipedia.org/w/index.php?search=Autocar%20longue%20distance%20am%C3%A9ricain ; ../vehicules.html#cat=van ; ../carte.html#lieu=g-L1610 ; ../carte.html#lieu=g-L2375 ; ../carte.html#lieu=g-L590 ; ../contact.html ; bravado-bison.html ; bravado-bison-1800.html ; bravado-bison-900-95.html ; bravado-rumpo.html ; bravado-youga-classic.html ; brute-boxville.html ; declasse-burrito.html ; ford-econoline-4.html ; ../carte.html ; ../vehicules.html ; ../armes.html ; ../collectibles.html ; ../progression.html ; ../calculateurs.html ; ../a-propos.html ; ../contact.html ; ../mentions-legales.html
vehicules/coil-raiden.html,/vehicules/coil-raiden.html,fiche véhicule,Coil Raiden — GTA VI | Leonidakit,https://www.leonidakit.com/vehicules/coil-raiden.html,,../search-index.js ; ../vehicules-data.js ; ../assets-manifest.js ; ../common.js ; ../app.js ; ../fiches.js,../search-index.js ; ../vehicules-data.js ; ../assets-manifest.js,https://fonts.googleapis.com/css2?family=Archivo:wght@400;500;600;700;900&display=swap ; ../style.css ; ../fiches.css ; https://www.leonidakit.com/img/social-card.png,recherche ; galerie ; possession,#main ; ../index.html ; ../carte.html ; ../vehicules.html ; ../armes.html ; ../collectibles.html ; ../progression.html ; ../index.html ; ../vehicules.html ; ../vehicules.html#cat=sport ; ../comparateur.html?type=vehicules&ids=coil-raiden ; #modele-reel ; https://www.google.com/search?tbm=isch&q=Tesla%20Model%20S ; https://fr.wikipedia.org/w/index.php?search=Tesla%20Model%20S ; ../vehicules.html#slot=americain ; ../vehicules.html#cat=sport ; ../vehicules.html#slot=americain ; ../carte.html#lieu=g-L1610 ; ../carte.html#lieu=g-L2375 ; ../carte.html#lieu=g-L590 ; ../contact.html ; albany-manana.html ; albany-v-str.html ; annis-elegy-retro-custom.html ; benefactor-schafter-lwb.html ; bravado-banshee.html ; bravado-buffalo.html ; bravado-buffalo-s.html ; declasse-mamba-gt.html ; ../carte.html ; ../vehicules.html ; ../armes.html ; ../collectibles.html ; ../progression.html ; ../calculateurs.html ; ../a-propos.html ; ../contact.html ; ../mentions-legales.html
vehicules/contender-39st.html,/vehicules/contender-39st.html,fiche véhicule,Contender 39ST — GTA VI | Leonidakit,https://www.leonidakit.com/vehicules/contender-39st.html,,../search-index.js ; ../vehicules-data.js ; ../assets-manifest.js ; ../common.js ; ../app.js ; ../fiches.js,../search-index.js ; ../vehicules-data.js ; ../assets-manifest.js,https://fonts.googleapis.com/css2?family=Archivo:wght@400;500;600;700;900&display=swap ; ../style.css ; ../fiches.css ; https://www.leonidakit.com/img/social-card.png,recherche ; galerie ; possession,#main ; ../index.html ; ../carte.html ; ../vehicules.html ; ../armes.html ; ../collectibles.html ; ../progression.html ; ../index.html ; ../vehicules.html ; ../vehicules.html#cat=bateau ; ../comparateur.html?type=vehicules&ids=contender-39st ; #modele-reel ; https://www.google.com/search?tbm=isch&q=Contender%2039ST ; https://fr.wikipedia.org/w/index.php?search=Contender%2039ST ; ../vehicules.html#slot=americain ; ../vehicules.html#cat=bateau ; ../vehicules.html#slot=americain ; ../carte.html#lieu=g-L1610 ; ../carte.html#lieu=g-L2375 ; ../carte.html#lieu=g-L590 ; ../contact.html ; airboat-09.html ; btn-delmar.html ; crest-kayak.html ; dinka-jetmax.html ; nagasaki-marquis.html ; lure-predator-l35p.html ; clarion.html ; crownline-275-ss.html ; ../carte.html ; ../vehicules.html ; ../armes.html ; ../collectibles.html ; ../progression.html ; ../calculateurs.html ; ../a-propos.html ; ../contact.html ; ../mentions-legales.html
vehicules/crest-kayak.html,/vehicules/crest-kayak.html,fiche véhicule,Crest Kayak — GTA VI | Leonidakit,https://www.leonidakit.com/vehicules/crest-kayak.html,,../search-index.js ; ../vehicules-data.js ; ../assets-manifest.js ; ../common.js ; ../app.js ; ../fiches.js,../search-index.js ; ../vehicules-data.js ; ../assets-manifest.js,https://fonts.googleapis.com/css2?family=Archivo:wght@400;500;600;700;900&display=swap ; ../style.css ; ../fiches.css ; https://www.leonidakit.com/img/social-card.png,recherche ; galerie ; possession,#main ; ../index.html ; ../carte.html ; ../vehicules.html ; ../armes.html ; ../collectibles.html ; ../progression.html ; ../index.html ; ../vehicules.html ; ../vehicules.html#cat=bateau ; ../comparateur.html?type=vehicules&ids=crest-kayak ; #modele-reel ; https://www.google.com/search?tbm=isch&q=Kayak%20Crescent ; https://fr.wikipedia.org/w/index.php?search=Kayak%20Crescent ; ../vehicules.html#slot=americain ; ../vehicules.html#cat=bateau ; ../vehicules.html#slot=americain ; ../vehicules-rares.html ; ../carte.html#lieu=g-L1610 ; ../carte.html#lieu=g-L2375 ; ../carte.html#lieu=g-L590 ; ../contact.html ; airboat-09.html ; btn-delmar.html ; dinka-jetmax.html ; nagasaki-marquis.html ; lure-predator-l35p.html ; lure-predator-l35p-police.html ; btn-delmar.html ; dinka-jetmax.html ; ../carte.html ; ../vehicules.html ; ../armes.html ; ../collectibles.html ; ../progression.html ; ../calculateurs.html ; ../a-propos.html ; ../contact.html ; ../mentions-legales.html
vehicules/crownline-275-ss.html,/vehicules/crownline-275-ss.html,fiche véhicule,Crownline 275 SS — GTA VI | Leonidakit,https://www.leonidakit.com/vehicules/crownline-275-ss.html,,../search-index.js ; ../vehicules-data.js ; ../assets-manifest.js ; ../common.js ; ../app.js ; ../fiches.js,../search-index.js ; ../vehicules-data.js ; ../assets-manifest.js,https://fonts.googleapis.com/css2?family=Archivo:wght@400;500;600;700;900&display=swap ; ../style.css ; ../fiches.css ; https://www.leonidakit.com/img/social-card.png,recherche ; galerie ; possession,#main ; ../index.html ; ../carte.html ; ../vehicules.html ; ../armes.html ; ../collectibles.html ; ../progression.html ; ../index.html ; ../vehicules.html ; ../vehicules.html#cat=bateau ; ../comparateur.html?type=vehicules&ids=crownline-275-ss ; #modele-reel ; https://www.google.com/search?tbm=isch&q=Crownline%20275%20SS ; https://fr.wikipedia.org/w/index.php?search=Crownline%20275%20SS ; ../vehicules.html#slot=americain ; ../vehicules.html#cat=bateau ; ../vehicules.html#slot=americain ; ../carte.html#lieu=g-L1610 ; ../carte.html#lieu=g-L2375 ; ../carte.html#lieu=g-L590 ; ../contact.html ; airboat-09.html ; btn-delmar.html ; crest-kayak.html ; dinka-jetmax.html ; nagasaki-marquis.html ; lure-predator-l35p.html ; contender-39st.html ; crusader-boats-gfy.html ; ../carte.html ; ../vehicules.html ; ../armes.html ; ../collectibles.html ; ../progression.html ; ../calculateurs.html ; ../a-propos.html ; ../contact.html ; ../mentions-legales.html
vehicules/cruise-ship.html,/vehicules/cruise-ship.html,fiche véhicule,Paquebot de croisière — GTA VI | Leonidakit,https://www.leonidakit.com/vehicules/cruise-ship.html,,../search-index.js ; ../vehicules-data.js ; ../assets-manifest.js ; ../common.js ; ../app.js ; ../fiches.js,../search-index.js ; ../vehicules-data.js ; ../assets-manifest.js,https://fonts.googleapis.com/css2?family=Archivo:wght@400;500;600;700;900&display=swap ; ../style.css ; ../fiches.css ; https://www.leonidakit.com/img/social-card.png,recherche ; galerie ; possession,#main ; ../index.html ; ../carte.html ; ../vehicules.html ; ../armes.html ; ../collectibles.html ; ../progression.html ; ../index.html ; ../vehicules.html ; ../vehicules.html#cat=bateau ; ../comparateur.html?type=vehicules&ids=cruise-ship ; #modele-reel ; https://www.google.com/search?tbm=isch&q=Royal%20Caribbean%20Voyager ; https://fr.wikipedia.org/w/index.php?search=Royal%20Caribbean%20Voyager ; ../vehicules.html#cat=bateau ; ../carte.html#lieu=g-L1610 ; ../carte.html#lieu=g-L2375 ; ../carte.html#lieu=g-L590 ; ../contact.html ; airboat-09.html ; btn-delmar.html ; crest-kayak.html ; dinka-jetmax.html ; nagasaki-marquis.html ; lure-predator-l35p.html ; lurssen-73m-coral-ocean.html ; rb-s.html ; ../carte.html ; ../vehicules.html ; ../armes.html ; ../collectibles.html ; ../progression.html ; ../calculateurs.html ; ../a-propos.html ; ../contact.html ; ../mentions-legales.html
vehicules/cruiser.html,/vehicules/cruiser.html,fiche véhicule,Cruiser — GTA VI | Leonidakit,https://www.leonidakit.com/vehicules/cruiser.html,,../search-index.js ; ../vehicules-data.js ; ../assets-manifest.js ; ../common.js ; ../app.js ; ../fiches.js,../search-index.js ; ../vehicules-data.js ; ../assets-manifest.js,https://fonts.googleapis.com/css2?family=Archivo:wght@400;500;600;700;900&display=swap ; ../style.css ; ../fiches.css ; https://www.leonidakit.com/img/social-card.png,recherche ; galerie ; possession,#main ; ../index.html ; ../carte.html ; ../vehicules.html ; ../armes.html ; ../collectibles.html ; ../progression.html ; ../index.html ; ../vehicules.html ; ../vehicules.html#cat=divers ; ../comparateur.html?type=vehicules&ids=cruiser ; #modele-reel ; https://www.google.com/search?tbm=isch&q=Beach%20cruiser ; https://fr.wikipedia.org/w/index.php?search=Beach%20cruiser ; ../vehicules.html#cat=divers ; ../carte.html#lieu=g-L1610 ; ../carte.html#lieu=g-L2375 ; ../carte.html#lieu=g-L590 ; ../contact.html ; endurex-race-bike.html ; bmx.html ; lombike.html ; monorail-de-vice-city.html ; scorcher.html ; electric-scooter.html ; bmx.html ; lombike.html ; ../carte.html ; ../vehicules.html ; ../armes.html ; ../collectibles.html ; ../progression.html ; ../calculateurs.html ; ../a-propos.html ; ../contact.html ; ../mentions-legales.html
vehicules/crusader-boats-gfy.html,/vehicules/crusader-boats-gfy.html,fiche véhicule,Crusader Boats GFY — GTA VI | Leonidakit,https://www.leonidakit.com/vehicules/crusader-boats-gfy.html,,../search-index.js ; ../vehicules-data.js ; ../assets-manifest.js ; ../common.js ; ../app.js ; ../fiches.js,../search-index.js ; ../vehicules-data.js ; ../assets-manifest.js,https://fonts.googleapis.com/css2?family=Archivo:wght@400;500;600;700;900&display=swap ; ../style.css ; ../fiches.css ; https://www.leonidakit.com/img/social-card.png,recherche ; galerie ; possession,#main ; ../index.html ; ../carte.html ; ../vehicules.html ; ../armes.html ; ../collectibles.html ; ../progression.html ; ../index.html ; ../vehicules.html ; ../vehicules.html#cat=bateau ; ../comparateur.html?type=vehicules&ids=crusader-boats-gfy ; #modele-reel ; https://www.google.com/search?tbm=isch&q=Crusader%20Boats%20GFY ; https://fr.wikipedia.org/w/index.php?search=Crusader%20Boats%20GFY ; ../vehicules.html#cat=bateau ; ../carte.html#lieu=g-L1610 ; ../carte.html#lieu=g-L2375 ; ../carte.html#lieu=g-L590 ; ../contact.html ; airboat-09.html ; btn-delmar.html ; crest-kayak.html ; dinka-jetmax.html ; nagasaki-marquis.html ; lure-predator-l35p.html ; crownline-275-ss.html ; shipyard-de-hoop-brion.html ; ../carte.html ; ../vehicules.html ; ../armes.html ; ../collectibles.html ; ../progression.html ; ../calculateurs.html ; ../a-propos.html ; ../contact.html ; ../mentions-legales.html
vehicules/dashound.html,/vehicules/dashound.html,fiche véhicule,Dashound — GTA VI | Leonidakit,https://www.leonidakit.com/vehicules/dashound.html,,../search-index.js ; ../vehicules-data.js ; ../assets-manifest.js ; ../common.js ; ../app.js ; ../fiches.js,../search-index.js ; ../vehicules-data.js ; ../assets-manifest.js,https://fonts.googleapis.com/css2?family=Archivo:wght@400;500;600;700;900&display=swap ; ../style.css ; ../fiches.css ; https://www.leonidakit.com/img/social-card.png,recherche ; galerie ; possession,#main ; ../index.html ; ../carte.html ; ../vehicules.html ; ../armes.html ; ../collectibles.html ; ../progression.html ; ../index.html ; ../vehicules.html ; ../vehicules.html#cat=service ; ../comparateur.html?type=vehicules&ids=dashound ; #modele-reel ; https://www.google.com/search?tbm=isch&q=Autocar%20MCI%20Renaissance%20E ; https://fr.wikipedia.org/w/index.php?search=Autocar%20MCI%20Renaissance%20E ; ../vehicules.html#cat=service ; ../carte.html#lieu=g-L1610 ; ../carte.html#lieu=g-L2375 ; ../carte.html#lieu=g-L590 ; ../contact.html ; bravado-bison-1800-police.html ; bravado-buffalo-stx-pursuit.html ; bravado-gauntlet-interceptor.html ; bravado-police-cruiser-buffalo.html ; brute-ambulance.html ; brute-bus.html ; amloco-ge-genesis.html ; isuzu-elf-250.html ; ../carte.html ; ../vehicules.html ; ../armes.html ; ../collectibles.html ; ../progression.html ; ../calculateurs.html ; ../a-propos.html ; ../contact.html ; ../mentions-legales.html
vehicules/declasse-burrito.html,/vehicules/declasse-burrito.html,fiche véhicule,Declasse Burrito — GTA VI | Leonidakit,https://www.leonidakit.com/vehicules/declasse-burrito.html,,../search-index.js ; ../vehicules-data.js ; ../assets-manifest.js ; ../common.js ; ../app.js ; ../fiches.js,../search-index.js ; ../vehicules-data.js ; ../assets-manifest.js,https://fonts.googleapis.com/css2?family=Archivo:wght@400;500;600;700;900&display=swap ; ../style.css ; ../fiches.css ; https://www.leonidakit.com/img/social-card.png,recherche ; galerie ; possession,#main ; ../index.html ; ../carte.html ; ../vehicules.html ; ../armes.html ; ../collectibles.html ; ../progression.html ; ../index.html ; ../vehicules.html ; ../vehicules.html#cat=van ; ../comparateur.html?type=vehicules&ids=declasse-burrito ; #modele-reel ; https://www.google.com/search?tbm=isch&q=Chevrolet%20Express ; https://fr.wikipedia.org/w/index.php?search=Chevrolet%20Express ; ../vehicules.html#slot=americain ; ../vehicules.html#cat=van ; ../vehicules.html#slot=americain ; ../carte.html#lieu=g-L1610 ; ../carte.html#lieu=g-L2375 ; ../carte.html#lieu=g-L590 ; ../contact.html ; bravado-bison.html ; bravado-bison-1800.html ; bravado-bison-900-95.html ; bravado-rumpo.html ; bravado-youga-classic.html ; brute-boxville.html ; vapid-bobcat-xl.html ; coach.html ; ../carte.html ; ../vehicules.html ; ../armes.html ; ../collectibles.html ; ../progression.html ; ../calculateurs.html ; ../a-propos.html ; ../contact.html ; ../mentions-legales.html
vehicules/declasse-granger-3600lx.html,/vehicules/declasse-granger-3600lx.html,fiche véhicule,Declasse Granger 3600LX — GTA VI | Leonidakit,https://www.leonidakit.com/vehicules/declasse-granger-3600lx.html,,../search-index.js ; ../vehicules-data.js ; ../assets-manifest.js ; ../common.js ; ../app.js ; ../fiches.js,../search-index.js ; ../vehicules-data.js ; ../assets-manifest.js,https://fonts.googleapis.com/css2?family=Archivo:wght@400;500;600;700;900&display=swap ; ../style.css ; ../fiches.css ; https://www.leonidakit.com/img/social-card.png,recherche ; galerie ; possession,#main ; ../index.html ; ../carte.html ; ../vehicules.html ; ../armes.html ; ../collectibles.html ; ../progression.html ; ../index.html ; ../vehicules.html ; ../vehicules.html#cat=suv ; ../comparateur.html?type=vehicules&ids=declasse-granger-3600lx ; #modele-reel ; https://www.google.com/search?tbm=isch&q=Chevrolet%20Suburban ; https://fr.wikipedia.org/w/index.php?search=Chevrolet%20Suburban ; ../vehicules.html#slot=americain ; ../vehicules.html#cat=suv ; ../vehicules.html#slot=americain ; ../carte.html#lieu=g-L1610 ; ../carte.html#lieu=g-L2375 ; ../carte.html#lieu=g-L590 ; ../contact.html ; albany-cavalcade-xl.html ; benefactor-dubsta.html ; benefactor-xls.html ; bravado-dorado.html ; enus-jubilee.html ; canis-mesa.html ; declasse-granger.html ; dundreary-landstalker-xl.html ; ../carte.html ; ../vehicules.html ; ../armes.html ; ../collectibles.html ; ../progression.html ; ../calculateurs.html ; ../a-propos.html ; ../contact.html ; ../mentions-legales.html
vehicules/declasse-granger-taxi.html,/vehicules/declasse-granger-taxi.html,fiche véhicule,Declasse Granger Taxi — GTA VI | Leonidakit,https://www.leonidakit.com/vehicules/declasse-granger-taxi.html,,../search-index.js ; ../vehicules-data.js ; ../assets-manifest.js ; ../common.js ; ../app.js ; ../fiches.js,../search-index.js ; ../vehicules-data.js ; ../assets-manifest.js,https://fonts.googleapis.com/css2?family=Archivo:wght@400;500;600;700;900&display=swap ; ../style.css ; ../fiches.css ; https://www.leonidakit.com/img/social-card.png,recherche ; galerie ; possession,#main ; ../index.html ; ../carte.html ; ../vehicules.html ; ../armes.html ; ../collectibles.html ; ../progression.html ; ../index.html ; ../vehicules.html ; ../vehicules.html#cat=service ; ../comparateur.html?type=vehicules&ids=declasse-granger-taxi ; #modele-reel ; https://www.google.com/search?tbm=isch&q=Chevrolet%20Suburban ; https://fr.wikipedia.org/w/index.php?search=Chevrolet%20Suburban ; ../vehicules.html#slot=americain ; ../vehicules.html#cat=service ; ../vehicules.html#slot=americain ; ../carte.html#lieu=g-L1610 ; ../carte.html#lieu=g-L2375 ; ../carte.html#lieu=g-L590 ; ../contact.html ; bravado-bison-1800-police.html ; bravado-buffalo-stx-pursuit.html ; bravado-gauntlet-interceptor.html ; bravado-police-cruiser-buffalo.html ; brute-ambulance.html ; brute-bus.html ; brute-utility-truck.html ; declasse-sheriff-suv.html ; ../carte.html ; ../vehicules.html ; ../armes.html ; ../collectibles.html ; ../progression.html ; ../calculateurs.html ; ../a-propos.html ; ../contact.html ; ../mentions-legales.html
vehicules/declasse-granger.html,/vehicules/declasse-granger.html,fiche véhicule,Declasse Granger — GTA VI | Leonidakit,https://www.leonidakit.com/vehicules/declasse-granger.html,,../search-index.js ; ../vehicules-data.js ; ../assets-manifest.js ; ../common.js ; ../app.js ; ../fiches.js,../search-index.js ; ../vehicules-data.js ; ../assets-manifest.js,https://fonts.googleapis.com/css2?family=Archivo:wght@400;500;600;700;900&display=swap ; ../style.css ; ../fiches.css ; https://www.leonidakit.com/img/social-card.png,recherche ; galerie ; possession,#main ; ../index.html ; ../carte.html ; ../vehicules.html ; ../armes.html ; ../collectibles.html ; ../progression.html ; ../index.html ; ../vehicules.html ; ../vehicules.html#cat=suv ; ../comparateur.html?type=vehicules&ids=declasse-granger ; #modele-reel ; https://www.google.com/search?tbm=isch&q=Chevrolet%20Suburban ; https://fr.wikipedia.org/w/index.php?search=Chevrolet%20Suburban ; ../vehicules.html#slot=americain ; ../vehicules.html#cat=suv ; ../vehicules.html#slot=americain ; ../carte.html#lieu=g-L1610 ; ../carte.html#lieu=g-L2375 ; ../carte.html#lieu=g-L590 ; ../contact.html ; albany-cavalcade-xl.html ; benefactor-dubsta.html ; benefactor-xls.html ; bravado-dorado.html ; enus-jubilee.html ; canis-mesa.html ; canis-terminus.html ; declasse-granger-3600lx.html ; ../carte.html ; ../vehicules.html ; ../armes.html ; ../collectibles.html ; ../progression.html ; ../calculateurs.html ; ../a-propos.html ; ../contact.html ; ../mentions-legales.html
vehicules/declasse-impaler-lx.html,/vehicules/declasse-impaler-lx.html,fiche véhicule,Declasse Impaler '80 — GTA VI | Leonidakit,https://www.leonidakit.com/vehicules/declasse-impaler-lx.html,,../search-index.js ; ../vehicules-data.js ; ../assets-manifest.js ; ../common.js ; ../app.js ; ../fiches.js,../search-index.js ; ../vehicules-data.js ; ../assets-manifest.js,https://fonts.googleapis.com/css2?family=Archivo:wght@400;500;600;700;900&display=swap ; ../style.css ; ../fiches.css ; https://www.leonidakit.com/img/social-card.png,recherche ; galerie ; possession,#main ; ../index.html ; ../carte.html ; ../vehicules.html ; ../armes.html ; ../collectibles.html ; ../progression.html ; ../index.html ; ../vehicules.html ; ../vehicules.html#cat=muscle ; ../comparateur.html?type=vehicules&ids=declasse-impaler-lx ; #modele-reel ; https://www.google.com/search?tbm=isch&q=Chevrolet%20Impala ; https://fr.wikipedia.org/w/index.php?search=Chevrolet%20Impala ; ../vehicules.html#slot=americain ; ../vehicules.html#cat=muscle ; ../vehicules.html#slot=americain ; ../carte.html#lieu=g-L1610 ; ../carte.html#lieu=g-L2375 ; ../carte.html#lieu=g-L590 ; ../contact.html ; albany-buccaneer.html ; albany-buccaneer-custom.html ; albany-virgo-classic.html ; bravado-buffalo-stx.html ; bravado-gauntlet-classic.html ; vapid-gauntlet-classic-custom.html ; bravado-gauntlet-hellfire.html ; declasse-impaler-sz.html ; ../carte.html ; ../vehicules.html ; ../armes.html ; ../collectibles.html ; ../progression.html ; ../calculateurs.html ; ../a-propos.html ; ../contact.html ; ../mentions-legales.html
vehicules/declasse-impaler-sz.html,/vehicules/declasse-impaler-sz.html,fiche véhicule,Declasse Impaler SZ — GTA VI | Leonidakit,https://www.leonidakit.com/vehicules/declasse-impaler-sz.html,,../search-index.js ; ../vehicules-data.js ; ../assets-manifest.js ; ../common.js ; ../app.js ; ../fiches.js,../search-index.js ; ../vehicules-data.js ; ../assets-manifest.js,https://fonts.googleapis.com/css2?family=Archivo:wght@400;500;600;700;900&display=swap ; ../style.css ; ../fiches.css ; https://www.leonidakit.com/img/social-card.png,recherche ; galerie ; possession,#main ; ../index.html ; ../carte.html ; ../vehicules.html ; ../armes.html ; ../collectibles.html ; ../progression.html ; ../index.html ; ../vehicules.html ; ../vehicules.html#cat=muscle ; ../comparateur.html?type=vehicules&ids=declasse-impaler-sz ; #modele-reel ; https://www.google.com/search?tbm=isch&q=Chevrolet%20Impala%20SS ; https://fr.wikipedia.org/w/index.php?search=Chevrolet%20Impala%20SS ; ../vehicules.html#slot=americain ; ../vehicules.html#cat=muscle ; ../vehicules.html#slot=americain ; ../carte.html#lieu=g-L1610 ; ../carte.html#lieu=g-L2375 ; ../carte.html#lieu=g-L590 ; ../contact.html ; albany-buccaneer.html ; albany-buccaneer-custom.html ; albany-virgo-classic.html ; bravado-buffalo-stx.html ; bravado-gauntlet-classic.html ; vapid-gauntlet-classic-custom.html ; declasse-impaler-lx.html ; declasse-sabre-turbo.html ; ../carte.html ; ../vehicules.html ; ../armes.html ; ../collectibles.html ; ../progression.html ; ../calculateurs.html ; ../a-propos.html ; ../contact.html ; ../mentions-legales.html
vehicules/declasse-mamba-gt.html,/vehicules/declasse-mamba-gt.html,fiche véhicule,Declasse Mamba GT — GTA VI | Leonidakit,https://www.leonidakit.com/vehicules/declasse-mamba-gt.html,,../search-index.js ; ../vehicules-data.js ; ../assets-manifest.js ; ../common.js ; ../app.js ; ../fiches.js,../search-index.js ; ../vehicules-data.js ; ../assets-manifest.js,https://fonts.googleapis.com/css2?family=Archivo:wght@400;500;600;700;900&display=swap ; ../style.css ; ../fiches.css ; https://www.leonidakit.com/img/social-card.png,recherche ; galerie ; possession,#main ; ../index.html ; ../carte.html ; ../vehicules.html ; ../armes.html ; ../collectibles.html ; ../progression.html ; ../index.html ; ../vehicules.html ; ../vehicules.html#cat=sport ; ../comparateur.html?type=vehicules&ids=declasse-mamba-gt ; #modele-reel ; https://www.google.com/search?tbm=isch&q=Shelby%20Daytona%20Coup%C3%A9 ; https://fr.wikipedia.org/w/index.php?search=Shelby%20Daytona%20Coup%C3%A9 ; ../vehicules.html#slot=americain ; ../vehicules.html#cat=sport ; ../vehicules.html#slot=americain ; ../vehicules-rares.html ; ../carte.html#lieu=g-L1610 ; ../carte.html#lieu=g-L2375 ; ../carte.html#lieu=g-L590 ; ../contact.html ; albany-manana.html ; albany-v-str.html ; annis-elegy-retro-custom.html ; benefactor-schafter-lwb.html ; bravado-banshee.html ; bravado-buffalo.html ; coil-raiden.html ; dinka-blista-compact.html ; ../carte.html ; ../vehicules.html ; ../armes.html ; ../collectibles.html ; ../progression.html ; ../calculateurs.html ; ../a-propos.html ; ../contact.html ; ../mentions-legales.html
vehicules/declasse-moonbeam.html,/vehicules/declasse-moonbeam.html,fiche véhicule / noindex,Fiche retiree | Leonidakit,https://www.leonidakit.com/vehicules.html,"noindex, follow",,,,,/vehicules.html
vehicules/declasse-rancher.html,/vehicules/declasse-rancher.html,fiche véhicule,Declasse Rancher — GTA VI | Leonidakit,https://www.leonidakit.com/vehicules/declasse-rancher.html,,../search-index.js ; ../vehicules-data.js ; ../assets-manifest.js ; ../common.js ; ../app.js ; ../fiches.js,../search-index.js ; ../vehicules-data.js ; ../assets-manifest.js,https://fonts.googleapis.com/css2?family=Archivo:wght@400;500;600;700;900&display=swap ; ../style.css ; ../fiches.css ; https://www.leonidakit.com/img/social-card.png,recherche ; galerie ; possession,#main ; ../index.html ; ../carte.html ; ../vehicules.html ; ../armes.html ; ../collectibles.html ; ../progression.html ; ../index.html ; ../vehicules.html ; ../vehicules.html#cat=pickup ; ../comparateur.html?type=vehicules&ids=declasse-rancher ; #modele-reel ; https://www.google.com/search?tbm=isch&q=Chevy%20Suburban ; https://fr.wikipedia.org/w/index.php?search=Chevy%20Suburban ; ../vehicules.html#cat=pickup ; ../carte.html#lieu=g-L1610 ; ../carte.html#lieu=g-L2375 ; ../carte.html#lieu=g-L590 ; ../contact.html ; annis-hellion.html ; bravado-bison-900-95-monster-truck.html ; canis-kamacho.html ; declasse-walton-l35-stock.html ; declasse-yosemite.html ; declasse-yosemite-1500.html ; canis-kamacho.html ; declasse-walton-l35-stock.html ; ../carte.html ; ../vehicules.html ; ../armes.html ; ../collectibles.html ; ../progression.html ; ../calculateurs.html ; ../a-propos.html ; ../contact.html ; ../mentions-legales.html
vehicules/declasse-sabre-turbo.html,/vehicules/declasse-sabre-turbo.html,fiche véhicule,Declasse Sabre Turbo — GTA VI | Leonidakit,https://www.leonidakit.com/vehicules/declasse-sabre-turbo.html,,../search-index.js ; ../vehicules-data.js ; ../assets-manifest.js ; ../common.js ; ../app.js ; ../fiches.js,../search-index.js ; ../vehicules-data.js ; ../assets-manifest.js,https://fonts.googleapis.com/css2?family=Archivo:wght@400;500;600;700;900&display=swap ; ../style.css ; ../fiches.css ; https://www.leonidakit.com/img/social-card.png,recherche ; galerie ; possession,#main ; ../index.html ; ../carte.html ; ../vehicules.html ; ../armes.html ; ../collectibles.html ; ../progression.html ; ../index.html ; ../vehicules.html ; ../vehicules.html#cat=muscle ; ../comparateur.html?type=vehicules&ids=declasse-sabre-turbo ; #modele-reel ; https://www.google.com/search?tbm=isch&q=Chevrolet%20Chevelle ; https://fr.wikipedia.org/w/index.php?search=Chevrolet%20Chevelle ; ../vehicules.html#slot=americain ; ../vehicules.html#cat=muscle ; ../vehicules.html#slot=americain ; ../carte.html#lieu=g-L1610 ; ../carte.html#lieu=g-L2375 ; ../carte.html#lieu=g-L590 ; ../contact.html ; albany-buccaneer.html ; albany-buccaneer-custom.html ; albany-virgo-classic.html ; bravado-buffalo-stx.html ; bravado-gauntlet-classic.html ; vapid-gauntlet-classic-custom.html ; declasse-impaler-sz.html ; declasse-tulip.html ; ../carte.html ; ../vehicules.html ; ../armes.html ; ../collectibles.html ; ../progression.html ; ../calculateurs.html ; ../a-propos.html ; ../contact.html ; ../mentions-legales.html
vehicules/declasse-seminole-frontier.html,/vehicules/declasse-seminole-frontier.html,fiche véhicule,Canis Seminole Frontier — GTA VI | Leonidakit,https://www.leonidakit.com/vehicules/declasse-seminole-frontier.html,,../search-index.js ; ../vehicules-data.js ; ../assets-manifest.js ; ../common.js ; ../app.js ; ../fiches.js,../search-index.js ; ../vehicules-data.js ; ../assets-manifest.js,https://fonts.googleapis.com/css2?family=Archivo:wght@400;500;600;700;900&display=swap ; ../style.css ; ../fiches.css ; https://www.leonidakit.com/img/social-card.png,recherche ; galerie ; possession,#main ; ../index.html ; ../carte.html ; ../vehicules.html ; ../armes.html ; ../collectibles.html ; ../progression.html ; ../index.html ; ../vehicules.html ; ../vehicules.html#cat=suv ; ../comparateur.html?type=vehicules&ids=declasse-seminole-frontier ; #modele-reel ; https://www.google.com/search?tbm=isch&q=Jeep%20Cherokee%20XJ ; https://fr.wikipedia.org/w/index.php?search=Jeep%20Cherokee%20XJ ; ../vehicules.html#slot=americain ; ../vehicules.html#cat=suv ; ../vehicules.html#slot=americain ; ../carte.html#lieu=g-L1610 ; ../carte.html#lieu=g-L2375 ; ../carte.html#lieu=g-L590 ; ../contact.html ; albany-cavalcade-xl.html ; benefactor-dubsta.html ; benefactor-xls.html ; bravado-dorado.html ; enus-jubilee.html ; canis-mesa.html ; canis-mesa.html ; canis-terminus.html ; ../carte.html ; ../vehicules.html ; ../armes.html ; ../collectibles.html ; ../progression.html ; ../calculateurs.html ; ../a-propos.html ; ../contact.html ; ../mentions-legales.html
vehicules/declasse-sheriff-suv.html,/vehicules/declasse-sheriff-suv.html,fiche véhicule,Declasse Sheriff SUV — GTA VI | Leonidakit,https://www.leonidakit.com/vehicules/declasse-sheriff-suv.html,,../search-index.js ; ../vehicules-data.js ; ../assets-manifest.js ; ../common.js ; ../app.js ; ../fiches.js,../search-index.js ; ../vehicules-data.js ; ../assets-manifest.js,https://fonts.googleapis.com/css2?family=Archivo:wght@400;500;600;700;900&display=swap ; ../style.css ; ../fiches.css ; https://www.leonidakit.com/img/social-card.png,recherche ; galerie ; possession,#main ; ../index.html ; ../carte.html ; ../vehicules.html ; ../armes.html ; ../collectibles.html ; ../progression.html ; ../index.html ; ../vehicules.html ; ../vehicules.html#cat=service ; ../comparateur.html?type=vehicules&ids=declasse-sheriff-suv ; #modele-reel ; https://www.google.com/search?tbm=isch&q=Chevrolet%20Tahoe%20de%20sh%C3%A9rif ; https://fr.wikipedia.org/w/index.php?search=Chevrolet%20Tahoe%20de%20sh%C3%A9rif ; ../vehicules.html#slot=americain ; ../vehicules.html#cat=service ; ../vehicules.html#slot=americain ; ../carte.html#lieu=g-L1610 ; ../carte.html#lieu=g-L2375 ; ../carte.html#lieu=g-L590 ; ../contact.html ; bravado-bison-1800-police.html ; bravado-buffalo-stx-pursuit.html ; bravado-gauntlet-interceptor.html ; bravado-police-cruiser-buffalo.html ; brute-ambulance.html ; brute-bus.html ; declasse-granger-taxi.html ; dundreary-police-landstalker-xl.html ; ../carte.html ; ../vehicules.html ; ../armes.html ; ../collectibles.html ; ../progression.html ; ../calculateurs.html ; ../a-propos.html ; ../contact.html ; ../mentions-legales.html
vehicules/declasse-stratum.html,/vehicules/declasse-stratum.html,fiche véhicule,Zirconium Stratum — GTA VI | Leonidakit,https://www.leonidakit.com/vehicules/declasse-stratum.html,,../search-index.js ; ../vehicules-data.js ; ../assets-manifest.js ; ../common.js ; ../app.js ; ../fiches.js,../search-index.js ; ../vehicules-data.js ; ../assets-manifest.js,https://fonts.googleapis.com/css2?family=Archivo:wght@400;500;600;700;900&display=swap ; ../style.css ; ../fiches.css ; https://www.leonidakit.com/img/social-card.png,recherche ; galerie ; possession,#main ; ../index.html ; ../carte.html ; ../vehicules.html ; ../armes.html ; ../collectibles.html ; ../progression.html ; ../index.html ; ../vehicules.html ; ../vehicules.html#cat=berline ; ../comparateur.html?type=vehicules&ids=declasse-stratum ; #modele-reel ; https://www.google.com/search?tbm=isch&q=Honda%20Accord%20station%20wagon ; https://fr.wikipedia.org/w/index.php?search=Honda%20Accord%20station%20wagon ; ../vehicules.html#slot=japonais ; ../vehicules.html#cat=berline ; ../vehicules.html#slot=japonais ; ../carte.html#lieu=g-L1610 ; ../carte.html#lieu=g-L2375 ; ../carte.html#lieu=g-L590 ; ../contact.html ; albany-emperor.html ; albany-primo.html ; albany-primo-custom.html ; benefactor-schafter-v12.html ; karin-asterope.html ; karin-asterope-gz.html ; vapid-stanier.html ; albany-manana.html ; ../carte.html ; ../vehicules.html ; ../armes.html ; ../collectibles.html ; ../progression.html ; ../calculateurs.html ; ../a-propos.html ; ../contact.html ; ../mentions-legales.html
vehicules/declasse-tornado.html,/vehicules/declasse-tornado.html,fiche véhicule / noindex,Fiche retiree | Leonidakit,https://www.leonidakit.com/vehicules.html,"noindex, follow",,,,,/vehicules.html
vehicules/declasse-tulip-m100.html,/vehicules/declasse-tulip-m100.html,fiche véhicule,Declasse Tulip M100 — GTA VI | Leonidakit,https://www.leonidakit.com/vehicules/declasse-tulip-m100.html,,../search-index.js ; ../vehicules-data.js ; ../assets-manifest.js ; ../common.js ; ../app.js ; ../fiches.js,../search-index.js ; ../vehicules-data.js ; ../assets-manifest.js,https://fonts.googleapis.com/css2?family=Archivo:wght@400;500;600;700;900&display=swap ; ../style.css ; ../fiches.css ; https://www.leonidakit.com/img/social-card.png,recherche ; galerie ; possession,#main ; ../index.html ; ../carte.html ; ../vehicules.html ; ../armes.html ; ../collectibles.html ; ../progression.html ; ../index.html ; ../vehicules.html ; ../vehicules.html#cat=muscle ; ../comparateur.html?type=vehicules&ids=declasse-tulip-m100 ; #modele-reel ; https://www.google.com/search?tbm=isch&q=Chevrolet%20Malibu ; https://fr.wikipedia.org/w/index.php?search=Chevrolet%20Malibu ; ../vehicules.html#slot=americain ; ../vehicules.html#cat=muscle ; ../vehicules.html#slot=americain ; ../carte.html#lieu=g-L1610 ; ../carte.html#lieu=g-L2375 ; ../carte.html#lieu=g-L590 ; ../contact.html ; albany-buccaneer.html ; albany-buccaneer-custom.html ; albany-virgo-classic.html ; bravado-buffalo-stx.html ; bravado-gauntlet-classic.html ; vapid-gauntlet-classic-custom.html ; declasse-tulip.html ; declasse-vigero-zx-convertible.html ; ../carte.html ; ../vehicules.html ; ../armes.html ; ../collectibles.html ; ../progression.html ; ../calculateurs.html ; ../a-propos.html ; ../contact.html ; ../mentions-legales.html
vehicules/declasse-tulip.html,/vehicules/declasse-tulip.html,fiche véhicule,Declasse Tulip — GTA VI | Leonidakit,https://www.leonidakit.com/vehicules/declasse-tulip.html,,../search-index.js ; ../vehicules-data.js ; ../assets-manifest.js ; ../common.js ; ../app.js ; ../fiches.js,../search-index.js ; ../vehicules-data.js ; ../assets-manifest.js,https://fonts.googleapis.com/css2?family=Archivo:wght@400;500;600;700;900&display=swap ; ../style.css ; ../fiches.css ; https://www.leonidakit.com/img/social-card.png,recherche ; galerie ; possession,#main ; ../index.html ; ../carte.html ; ../vehicules.html ; ../armes.html ; ../collectibles.html ; ../progression.html ; ../index.html ; ../vehicules.html ; ../vehicules.html#cat=muscle ; ../comparateur.html?type=vehicules&ids=declasse-tulip ; #modele-reel ; https://www.google.com/search?tbm=isch&q=1972%20Chevelle%20Malibu ; https://fr.wikipedia.org/w/index.php?search=1972%20Chevelle%20Malibu ; ../vehicules.html#slot=americain ; ../vehicules.html#cat=muscle ; ../vehicules.html#slot=americain ; ../carte.html#lieu=g-L1610 ; ../carte.html#lieu=g-L2375 ; ../carte.html#lieu=g-L590 ; ../contact.html ; albany-buccaneer.html ; albany-buccaneer-custom.html ; albany-virgo-classic.html ; bravado-buffalo-stx.html ; bravado-gauntlet-classic.html ; vapid-gauntlet-classic-custom.html ; declasse-sabre-turbo.html ; declasse-tulip-m100.html ; ../carte.html ; ../vehicules.html ; ../armes.html ; ../collectibles.html ; ../progression.html ; ../calculateurs.html ; ../a-propos.html ; ../contact.html ; ../mentions-legales.html
vehicules/declasse-vamos.html,/vehicules/declasse-vamos.html,fiche véhicule / noindex,Fiche retiree | Leonidakit,https://www.leonidakit.com/vehicules.html,"noindex, follow",,,,,/vehicules.html
vehicules/declasse-vigero-zx-convertible.html,/vehicules/declasse-vigero-zx-convertible.html,fiche véhicule,Declasse Vigero ZX Convertible — GTA VI | Leonidakit,https://www.leonidakit.com/vehicules/declasse-vigero-zx-convertible.html,,../search-index.js ; ../vehicules-data.js ; ../assets-manifest.js ; ../common.js ; ../app.js ; ../fiches.js,../search-index.js ; ../vehicules-data.js ; ../assets-manifest.js,https://fonts.googleapis.com/css2?family=Archivo:wght@400;500;600;700;900&display=swap ; ../style.css ; ../fiches.css ; https://www.leonidakit.com/img/social-card.png,recherche ; galerie ; possession,#main ; ../index.html ; ../carte.html ; ../vehicules.html ; ../armes.html ; ../collectibles.html ; ../progression.html ; ../index.html ; ../vehicules.html ; ../vehicules.html#cat=muscle ; ../comparateur.html?type=vehicules&ids=declasse-vigero-zx-convertible ; #modele-reel ; https://www.google.com/search?tbm=isch&q=Chevrolet%20Camaro ; https://fr.wikipedia.org/w/index.php?search=Chevrolet%20Camaro ; ../vehicules.html#slot=americain ; ../vehicules.html#cat=muscle ; ../vehicules.html#slot=americain ; ../carte.html#lieu=g-L1610 ; ../carte.html#lieu=g-L2375 ; ../carte.html#lieu=g-L590 ; ../contact.html ; albany-buccaneer.html ; albany-buccaneer-custom.html ; albany-virgo-classic.html ; bravado-buffalo-stx.html ; bravado-gauntlet-classic.html ; vapid-gauntlet-classic-custom.html ; declasse-tulip-m100.html ; declasse-voodoo.html ; ../carte.html ; ../vehicules.html ; ../armes.html ; ../collectibles.html ; ../progression.html ; ../calculateurs.html ; ../a-propos.html ; ../contact.html ; ../mentions-legales.html
vehicules/declasse-voodoo.html,/vehicules/declasse-voodoo.html,fiche véhicule,Declasse Voodoo — GTA VI | Leonidakit,https://www.leonidakit.com/vehicules/declasse-voodoo.html,,../search-index.js ; ../vehicules-data.js ; ../assets-manifest.js ; ../common.js ; ../app.js ; ../fiches.js,../search-index.js ; ../vehicules-data.js ; ../assets-manifest.js,https://fonts.googleapis.com/css2?family=Archivo:wght@400;500;600;700;900&display=swap ; ../style.css ; ../fiches.css ; https://www.leonidakit.com/img/social-card.png,recherche ; galerie ; possession,#main ; ../index.html ; ../carte.html ; ../vehicules.html ; ../armes.html ; ../collectibles.html ; ../progression.html ; ../index.html ; ../vehicules.html ; ../vehicules.html#cat=muscle ; ../comparateur.html?type=vehicules&ids=declasse-voodoo ; #modele-reel ; https://www.google.com/search?tbm=isch&q=Chevrolet%20Impala%201960 ; https://fr.wikipedia.org/w/index.php?search=Chevrolet%20Impala%201960 ; ../vehicules.html#slot=americain ; ../vehicules.html#cat=muscle ; ../vehicules.html#slot=americain ; ../carte.html#lieu=g-L1610 ; ../carte.html#lieu=g-L2375 ; ../carte.html#lieu=g-L590 ; ../contact.html ; albany-buccaneer.html ; albany-buccaneer-custom.html ; albany-virgo-classic.html ; bravado-buffalo-stx.html ; bravado-gauntlet-classic.html ; vapid-gauntlet-classic-custom.html ; declasse-vigero-zx-convertible.html ; imponte-phoenix.html ; ../carte.html ; ../vehicules.html ; ../armes.html ; ../collectibles.html ; ../progression.html ; ../calculateurs.html ; ../a-propos.html ; ../contact.html ; ../mentions-legales.html
vehicules/declasse-walton-l35-stock.html,/vehicules/declasse-walton-l35-stock.html,fiche véhicule,Declasse Walton L35 — GTA VI | Leonidakit,https://www.leonidakit.com/vehicules/declasse-walton-l35-stock.html,,../search-index.js ; ../vehicules-data.js ; ../assets-manifest.js ; ../common.js ; ../app.js ; ../fiches.js,../search-index.js ; ../vehicules-data.js ; ../assets-manifest.js,https://fonts.googleapis.com/css2?family=Archivo:wght@400;500;600;700;900&display=swap ; ../style.css ; ../fiches.css ; https://www.leonidakit.com/img/social-card.png,recherche ; galerie ; possession,#main ; ../index.html ; ../carte.html ; ../vehicules.html ; ../armes.html ; ../collectibles.html ; ../progression.html ; ../index.html ; ../vehicules.html ; ../vehicules.html#cat=pickup ; ../comparateur.html?type=vehicules&ids=declasse-walton-l35-stock ; #modele-reel ; https://www.google.com/search?tbm=isch&q=Chevrolet%20S-10 ; https://fr.wikipedia.org/w/index.php?search=Chevrolet%20S-10 ; ../vehicules.html#slot=americain ; ../vehicules.html#cat=pickup ; ../vehicules.html#slot=americain ; ../carte.html#lieu=g-L1610 ; ../carte.html#lieu=g-L2375 ; ../carte.html#lieu=g-L590 ; ../contact.html ; annis-hellion.html ; bravado-bison-900-95-monster-truck.html ; canis-kamacho.html ; declasse-rancher.html ; declasse-yosemite.html ; declasse-yosemite-1500.html ; declasse-rancher.html ; declasse-yosemite.html ; ../carte.html ; ../vehicules.html ; ../armes.html ; ../collectibles.html ; ../progression.html ; ../calculateurs.html ; ../a-propos.html ; ../contact.html ; ../mentions-legales.html
vehicules/declasse-yosemite-1500.html,/vehicules/declasse-yosemite-1500.html,fiche véhicule,Declasse Yosemite 1500 — GTA VI | Leonidakit,https://www.leonidakit.com/vehicules/declasse-yosemite-1500.html,,../search-index.js ; ../vehicules-data.js ; ../assets-manifest.js ; ../common.js ; ../app.js ; ../fiches.js,../search-index.js ; ../vehicules-data.js ; ../assets-manifest.js,https://fonts.googleapis.com/css2?family=Archivo:wght@400;500;600;700;900&display=swap ; ../style.css ; ../fiches.css ; https://www.leonidakit.com/img/social-card.png,recherche ; galerie ; possession,#main ; ../index.html ; ../carte.html ; ../vehicules.html ; ../armes.html ; ../collectibles.html ; ../progression.html ; ../index.html ; ../vehicules.html ; ../vehicules.html#cat=pickup ; ../comparateur.html?type=vehicules&ids=declasse-yosemite-1500 ; #modele-reel ; https://www.google.com/search?tbm=isch&q=Chevrolet%20Silverado ; https://fr.wikipedia.org/w/index.php?search=Chevrolet%20Silverado ; ../vehicules.html#slot=americain ; ../vehicules.html#cat=pickup ; ../vehicules.html#slot=americain ; ../carte.html#lieu=g-L1610 ; ../carte.html#lieu=g-L2375 ; ../carte.html#lieu=g-L590 ; ../contact.html ; annis-hellion.html ; bravado-bison-900-95-monster-truck.html ; canis-kamacho.html ; declasse-rancher.html ; declasse-walton-l35-stock.html ; declasse-yosemite.html ; declasse-yosemite.html ; dinka-verus.html ; ../carte.html ; ../vehicules.html ; ../armes.html ; ../collectibles.html ; ../progression.html ; ../calculateurs.html ; ../a-propos.html ; ../contact.html ; ../mentions-legales.html
vehicules/declasse-yosemite.html,/vehicules/declasse-yosemite.html,fiche véhicule,Declasse Yosemite — GTA VI | Leonidakit,https://www.leonidakit.com/vehicules/declasse-yosemite.html,,../search-index.js ; ../vehicules-data.js ; ../assets-manifest.js ; ../common.js ; ../app.js ; ../fiches.js,../search-index.js ; ../vehicules-data.js ; ../assets-manifest.js,https://fonts.googleapis.com/css2?family=Archivo:wght@400;500;600;700;900&display=swap ; ../style.css ; ../fiches.css ; https://www.leonidakit.com/img/social-card.png,recherche ; galerie ; possession,#main ; ../index.html ; ../carte.html ; ../vehicules.html ; ../armes.html ; ../collectibles.html ; ../progression.html ; ../index.html ; ../vehicules.html ; ../vehicules.html#cat=pickup ; ../comparateur.html?type=vehicules&ids=declasse-yosemite ; #modele-reel ; https://www.google.com/search?tbm=isch&q=Chevrolet%20C10%20des%20ann%C3%A9es%2060 ; https://fr.wikipedia.org/w/index.php?search=Chevrolet%20C10%20des%20ann%C3%A9es%2060 ; ../vehicules.html#slot=americain ; ../vehicules.html#cat=pickup ; ../vehicules.html#slot=americain ; ../carte.html#lieu=g-L1610 ; ../carte.html#lieu=g-L2375 ; ../carte.html#lieu=g-L590 ; ../contact.html ; annis-hellion.html ; bravado-bison-900-95-monster-truck.html ; canis-kamacho.html ; declasse-rancher.html ; declasse-walton-l35-stock.html ; declasse-yosemite-1500.html ; declasse-walton-l35-stock.html ; declasse-yosemite-1500.html ; ../carte.html ; ../vehicules.html ; ../armes.html ; ../collectibles.html ; ../progression.html ; ../calculateurs.html ; ../a-propos.html ; ../contact.html ; ../mentions-legales.html
vehicules/dinka-blista-compact.html,/vehicules/dinka-blista-compact.html,fiche véhicule,Dinka Blista Compact — GTA VI | Leonidakit,https://www.leonidakit.com/vehicules/dinka-blista-compact.html,,../search-index.js ; ../vehicules-data.js ; ../assets-manifest.js ; ../common.js ; ../app.js ; ../fiches.js,../search-index.js ; ../vehicules-data.js ; ../assets-manifest.js,https://fonts.googleapis.com/css2?family=Archivo:wght@400;500;600;700;900&display=swap ; ../style.css ; ../fiches.css ; https://www.leonidakit.com/img/social-card.png,recherche ; galerie ; possession,#main ; ../index.html ; ../carte.html ; ../vehicules.html ; ../armes.html ; ../collectibles.html ; ../progression.html ; ../index.html ; ../vehicules.html ; ../vehicules.html#cat=sport ; ../comparateur.html?type=vehicules&ids=dinka-blista-compact ; #modele-reel ; https://www.google.com/search?tbm=isch&q=Honda%20CR-X ; https://fr.wikipedia.org/w/index.php?search=Honda%20CR-X ; ../vehicules.html#slot=japonais ; ../vehicules.html#cat=sport ; ../vehicules.html#slot=japonais ; ../carte.html#lieu=g-L1610 ; ../carte.html#lieu=g-L2375 ; ../carte.html#lieu=g-L590 ; ../contact.html ; albany-manana.html ; albany-v-str.html ; annis-elegy-retro-custom.html ; benefactor-schafter-lwb.html ; bravado-banshee.html ; bravado-buffalo.html ; declasse-mamba-gt.html ; dinka-sugoi.html ; ../carte.html ; ../vehicules.html ; ../armes.html ; ../collectibles.html ; ../progression.html ; ../calculateurs.html ; ../a-propos.html ; ../contact.html ; ../mentions-legales.html
vehicules/dinka-double-t.html,/vehicules/dinka-double-t.html,fiche véhicule,Dinka Double T — GTA VI | Leonidakit,https://www.leonidakit.com/vehicules/dinka-double-t.html,,../search-index.js ; ../vehicules-data.js ; ../assets-manifest.js ; ../common.js ; ../app.js ; ../fiches.js,../search-index.js ; ../vehicules-data.js ; ../assets-manifest.js,https://fonts.googleapis.com/css2?family=Archivo:wght@400;500;600;700;900&display=swap ; ../style.css ; ../fiches.css ; https://www.leonidakit.com/img/social-card.png,recherche ; galerie ; possession,#main ; ../index.html ; ../carte.html ; ../vehicules.html ; ../armes.html ; ../collectibles.html ; ../progression.html ; ../index.html ; ../vehicules.html ; ../vehicules.html#cat=moto ; ../comparateur.html?type=vehicules&ids=dinka-double-t ; #modele-reel ; https://www.google.com/search?tbm=isch&q=Honda%20CBR ; https://fr.wikipedia.org/w/index.php?search=Honda%20CBR ; ../vehicules.html#slot=japonais ; ../vehicules.html#cat=moto ; ../vehicules.html#slot=japonais ; ../carte.html#lieu=g-L1610 ; ../carte.html#lieu=g-L2375 ; ../carte.html#lieu=g-L590 ; ../contact.html ; dinka-enduro.html ; lcc-avarus.html ; maibatsu-manchez.html ; maibatsu-sanchez.html ; yamaha-bws-125.html ; suzuki-gsx-r1000.html ; zirconium-journey-ii.html ; dinka-enduro.html ; ../carte.html ; ../vehicules.html ; ../armes.html ; ../collectibles.html ; ../progression.html ; ../calculateurs.html ; ../a-propos.html ; ../contact.html ; ../mentions-legales.html
vehicules/dinka-enduro.html,/vehicules/dinka-enduro.html,fiche véhicule,Dinka Enduro — GTA VI | Leonidakit,https://www.leonidakit.com/vehicules/dinka-enduro.html,,../search-index.js ; ../vehicules-data.js ; ../assets-manifest.js ; ../common.js ; ../app.js ; ../fiches.js,../search-index.js ; ../vehicules-data.js ; ../assets-manifest.js,https://fonts.googleapis.com/css2?family=Archivo:wght@400;500;600;700;900&display=swap ; ../style.css ; ../fiches.css ; https://www.leonidakit.com/img/social-card.png,recherche ; galerie ; possession,#main ; ../index.html ; ../carte.html ; ../vehicules.html ; ../armes.html ; ../collectibles.html ; ../progression.html ; ../index.html ; ../vehicules.html ; ../vehicules.html#cat=moto ; ../comparateur.html?type=vehicules&ids=dinka-enduro ; #modele-reel ; https://www.google.com/search?tbm=isch&q=Honda%20XL%20350 ; https://fr.wikipedia.org/w/index.php?search=Honda%20XL%20350 ; ../vehicules.html#slot=japonais ; ../vehicules.html#cat=moto ; ../vehicules.html#slot=japonais ; ../vehicules-rares.html ; ../carte.html#lieu=g-L1610 ; ../carte.html#lieu=g-L2375 ; ../carte.html#lieu=g-L590 ; ../contact.html ; dinka-double-t.html ; lcc-avarus.html ; maibatsu-manchez.html ; maibatsu-sanchez.html ; yamaha-bws-125.html ; suzuki-gsx-r1000.html ; dinka-double-t.html ; lcc-avarus.html ; ../carte.html ; ../vehicules.html ; ../armes.html ; ../collectibles.html ; ../progression.html ; ../calculateurs.html ; ../a-propos.html ; ../contact.html ; ../mentions-legales.html
vehicules/dinka-jetmax.html,/vehicules/dinka-jetmax.html,fiche véhicule,Dinka Jetmax — GTA VI | Leonidakit,https://www.leonidakit.com/vehicules/dinka-jetmax.html,,../search-index.js ; ../vehicules-data.js ; ../assets-manifest.js ; ../common.js ; ../app.js ; ../fiches.js,../search-index.js ; ../vehicules-data.js ; ../assets-manifest.js,https://fonts.googleapis.com/css2?family=Archivo:wght@400;500;600;700;900&display=swap ; ../style.css ; ../fiches.css ; https://www.leonidakit.com/img/social-card.png,recherche ; galerie ; possession,#main ; ../index.html ; ../carte.html ; ../vehicules.html ; ../armes.html ; ../collectibles.html ; ../progression.html ; ../index.html ; ../vehicules.html ; ../vehicules.html#cat=bateau ; ../comparateur.html?type=vehicules&ids=dinka-jetmax ; #modele-reel ; https://www.google.com/search?tbm=isch&q=Hors-bord%20de%20sport%20%C3%A0%20coque%20en%20V ; https://fr.wikipedia.org/w/index.php?search=Hors-bord%20de%20sport%20%C3%A0%20coque%20en%20V ; ../vehicules.html#cat=bateau ; ../carte.html#lieu=g-L1610 ; ../carte.html#lieu=g-L2375 ; ../carte.html#lieu=g-L590 ; ../contact.html ; airboat-09.html ; btn-delmar.html ; crest-kayak.html ; nagasaki-marquis.html ; lure-predator-l35p.html ; lure-predator-l35p-police.html ; crest-kayak.html ; nagasaki-marquis.html ; ../carte.html ; ../vehicules.html ; ../armes.html ; ../collectibles.html ; ../progression.html ; ../calculateurs.html ; ../a-propos.html ; ../contact.html ; ../mentions-legales.html
vehicules/dinka-sugoi.html,/vehicules/dinka-sugoi.html,fiche véhicule,Dinka Sugoi — GTA VI | Leonidakit,https://www.leonidakit.com/vehicules/dinka-sugoi.html,,../search-index.js ; ../vehicules-data.js ; ../assets-manifest.js ; ../common.js ; ../app.js ; ../fiches.js,../search-index.js ; ../vehicules-data.js ; ../assets-manifest.js,https://fonts.googleapis.com/css2?family=Archivo:wght@400;500;600;700;900&display=swap ; ../style.css ; ../fiches.css ; https://www.leonidakit.com/img/social-card.png,recherche ; galerie ; possession,#main ; ../index.html ; ../carte.html ; ../vehicules.html ; ../armes.html ; ../collectibles.html ; ../progression.html ; ../index.html ; ../vehicules.html ; ../vehicules.html#cat=sport ; ../comparateur.html?type=vehicules&ids=dinka-sugoi ; #modele-reel ; https://www.google.com/search?tbm=isch&q=Honda%20Civic%20R%20FK8 ; https://fr.wikipedia.org/w/index.php?search=Honda%20Civic%20R%20FK8 ; ../vehicules.html#slot=japonais ; ../vehicules.html#cat=sport ; ../vehicules.html#slot=japonais ; ../carte.html#lieu=g-L1610 ; ../carte.html#lieu=g-L2375 ; ../carte.html#lieu=g-L590 ; ../contact.html ; albany-manana.html ; albany-v-str.html ; annis-elegy-retro-custom.html ; benefactor-schafter-lwb.html ; bravado-banshee.html ; bravado-buffalo.html ; dinka-blista-compact.html ; cheval-vectre.html ; ../carte.html ; ../vehicules.html ; ../armes.html ; ../collectibles.html ; ../progression.html ; ../calculateurs.html ; ../a-propos.html ; ../contact.html ; ../mentions-legales.html
vehicules/dinka-verus.html,/vehicules/dinka-verus.html,fiche véhicule,Dinka Verus — GTA VI | Leonidakit,https://www.leonidakit.com/vehicules/dinka-verus.html,,../search-index.js ; ../vehicules-data.js ; ../assets-manifest.js ; ../common.js ; ../app.js ; ../fiches.js,../search-index.js ; ../vehicules-data.js ; ../assets-manifest.js,https://fonts.googleapis.com/css2?family=Archivo:wght@400;500;600;700;900&display=swap ; ../style.css ; ../fiches.css ; https://www.leonidakit.com/img/social-card.png,recherche ; galerie ; possession,#main ; ../index.html ; ../carte.html ; ../vehicules.html ; ../armes.html ; ../collectibles.html ; ../progression.html ; ../index.html ; ../vehicules.html ; ../vehicules.html#cat=pickup ; ../comparateur.html?type=vehicules&ids=dinka-verus ; #modele-reel ; https://www.google.com/search?tbm=isch&q=Polaris%20Sportsman%20MV850 ; https://fr.wikipedia.org/w/index.php?search=Polaris%20Sportsman%20MV850 ; ../vehicules.html#cat=pickup ; ../carte.html#lieu=g-L1610 ; ../carte.html#lieu=g-L2375 ; ../carte.html#lieu=g-L590 ; ../contact.html ; annis-hellion.html ; bravado-bison-900-95-monster-truck.html ; canis-kamacho.html ; declasse-rancher.html ; declasse-walton-l35-stock.html ; declasse-yosemite.html ; declasse-yosemite-1500.html ; bravado-rebel.html ; ../carte.html ; ../vehicules.html ; ../armes.html ; ../collectibles.html ; ../progression.html ; ../calculateurs.html ; ../a-propos.html ; ../contact.html ; ../mentions-legales.html
vehicules/dodge-dakota-convertible.html,/vehicules/dodge-dakota-convertible.html,fiche véhicule,Dakota décapotable — GTA VI | Leonidakit,https://www.leonidakit.com/vehicules/dodge-dakota-convertible.html,,../search-index.js ; ../vehicules-data.js ; ../assets-manifest.js ; ../common.js ; ../app.js ; ../fiches.js,../search-index.js ; ../vehicules-data.js ; ../assets-manifest.js,https://fonts.googleapis.com/css2?family=Archivo:wght@400;500;600;700;900&display=swap ; ../style.css ; ../fiches.css ; https://www.leonidakit.com/img/social-card.png,recherche ; galerie ; possession,#main ; ../index.html ; ../carte.html ; ../vehicules.html ; ../armes.html ; ../collectibles.html ; ../progression.html ; ../index.html ; ../vehicules.html ; ../vehicules.html#cat=pickup ; ../comparateur.html?type=vehicules&ids=dodge-dakota-convertible ; #modele-reel ; https://www.google.com/search?tbm=isch&q=Dodge%20Dakota%20Convertible ; https://fr.wikipedia.org/w/index.php?search=Dodge%20Dakota%20Convertible ; ../vehicules.html#slot=americain ; ../vehicules.html#cat=pickup ; ../vehicules.html#slot=americain ; ../carte.html#lieu=g-L1610 ; ../carte.html#lieu=g-L2375 ; ../carte.html#lieu=g-L590 ; ../contact.html ; annis-hellion.html ; bravado-bison-900-95-monster-truck.html ; canis-kamacho.html ; declasse-rancher.html ; declasse-walton-l35-stock.html ; declasse-yosemite.html ; bravado-rebel.html ; ford-explorer-sport-trac.html ; ../carte.html ; ../vehicules.html ; ../armes.html ; ../collectibles.html ; ../progression.html ; ../calculateurs.html ; ../a-propos.html ; ../contact.html ; ../mentions-legales.html
vehicules/dodge-durango-3.html,/vehicules/dodge-durango-3.html,fiche véhicule,Durango — GTA VI | Leonidakit,https://www.leonidakit.com/vehicules/dodge-durango-3.html,,../search-index.js ; ../vehicules-data.js ; ../assets-manifest.js ; ../common.js ; ../app.js ; ../fiches.js,../search-index.js ; ../vehicules-data.js ; ../assets-manifest.js,https://fonts.googleapis.com/css2?family=Archivo:wght@400;500;600;700;900&display=swap ; ../style.css ; ../fiches.css ; https://www.leonidakit.com/img/social-card.png,recherche ; galerie ; possession,#main ; ../index.html ; ../carte.html ; ../vehicules.html ; ../armes.html ; ../collectibles.html ; ../progression.html ; ../index.html ; ../vehicules.html ; ../vehicules.html#cat=suv ; ../comparateur.html?type=vehicules&ids=dodge-durango-3 ; #modele-reel ; https://www.google.com/search?tbm=isch&q=Dodge%20Durango ; https://fr.wikipedia.org/w/index.php?search=Dodge%20Durango ; ../vehicules.html#slot=americain ; ../vehicules.html#cat=suv ; ../vehicules.html#slot=americain ; ../carte.html#lieu=g-L1610 ; ../carte.html#lieu=g-L2375 ; ../carte.html#lieu=g-L590 ; ../contact.html ; albany-cavalcade-xl.html ; benefactor-dubsta.html ; benefactor-xls.html ; bravado-dorado.html ; enus-jubilee.html ; canis-mesa.html ; mammoth-patriot-mil-spec.html ; ford-explorer-2.html ; ../carte.html ; ../vehicules.html ; ../armes.html ; ../collectibles.html ; ../progression.html ; ../calculateurs.html ; ../a-propos.html ; ../contact.html ; ../mentions-legales.html
vehicules/dodge-grand-caravan-taxi.html,/vehicules/dodge-grand-caravan-taxi.html,fiche véhicule,Taxi Grand Caravan — GTA VI | Leonidakit,https://www.leonidakit.com/vehicules/dodge-grand-caravan-taxi.html,,../search-index.js ; ../vehicules-data.js ; ../assets-manifest.js ; ../common.js ; ../app.js ; ../fiches.js,../search-index.js ; ../vehicules-data.js ; ../assets-manifest.js,https://fonts.googleapis.com/css2?family=Archivo:wght@400;500;600;700;900&display=swap ; ../style.css ; ../fiches.css ; https://www.leonidakit.com/img/social-card.png,recherche ; galerie ; possession,#main ; ../index.html ; ../carte.html ; ../vehicules.html ; ../armes.html ; ../collectibles.html ; ../progression.html ; ../index.html ; ../vehicules.html ; ../vehicules.html#cat=service ; ../comparateur.html?type=vehicules&ids=dodge-grand-caravan-taxi ; #modele-reel ; https://www.google.com/search?tbm=isch&q=Dodge%20Grand%20Caravan ; https://fr.wikipedia.org/w/index.php?search=Dodge%20Grand%20Caravan ; ../vehicules.html#slot=americain ; ../vehicules.html#cat=service ; ../vehicules.html#slot=americain ; ../carte.html#lieu=g-L1610 ; ../carte.html#lieu=g-L2375 ; ../carte.html#lieu=g-L590 ; ../contact.html ; bravado-bison-1800-police.html ; bravado-buffalo-stx-pursuit.html ; bravado-gauntlet-interceptor.html ; bravado-police-cruiser-buffalo.html ; brute-ambulance.html ; brute-bus.html ; chevrolet-silverado-6500-hd.html ; mtl-packer.html ; ../carte.html ; ../vehicules.html ; ../armes.html ; ../collectibles.html ; ../progression.html ; ../calculateurs.html ; ../a-propos.html ; ../contact.html ; ../mentions-legales.html
vehicules/dundreary-landstalker-xl.html,/vehicules/dundreary-landstalker-xl.html,fiche véhicule,Dundreary Landstalker XL — GTA VI | Leonidakit,https://www.leonidakit.com/vehicules/dundreary-landstalker-xl.html,,../search-index.js ; ../vehicules-data.js ; ../assets-manifest.js ; ../common.js ; ../app.js ; ../fiches.js,../search-index.js ; ../vehicules-data.js ; ../assets-manifest.js,https://fonts.googleapis.com/css2?family=Archivo:wght@400;500;600;700;900&display=swap ; ../style.css ; ../fiches.css ; https://www.leonidakit.com/img/social-card.png,recherche ; galerie ; possession,#main ; ../index.html ; ../carte.html ; ../vehicules.html ; ../armes.html ; ../collectibles.html ; ../progression.html ; ../index.html ; ../vehicules.html ; ../vehicules.html#cat=suv ; ../comparateur.html?type=vehicules&ids=dundreary-landstalker-xl ; #modele-reel ; https://www.google.com/search?tbm=isch&q=Lincoln%20Navigator ; https://fr.wikipedia.org/w/index.php?search=Lincoln%20Navigator ; ../vehicules.html#slot=americain ; ../vehicules.html#cat=suv ; ../vehicules.html#slot=americain ; ../carte.html#lieu=g-L1610 ; ../carte.html#lieu=g-L2375 ; ../carte.html#lieu=g-L590 ; ../contact.html ; albany-cavalcade-xl.html ; benefactor-dubsta.html ; benefactor-xls.html ; bravado-dorado.html ; enus-jubilee.html ; canis-mesa.html ; declasse-granger-3600lx.html ; gallivanter-baller.html ; ../carte.html ; ../vehicules.html ; ../armes.html ; ../collectibles.html ; ../progression.html ; ../calculateurs.html ; ../a-propos.html ; ../contact.html ; ../mentions-legales.html
vehicules/dundreary-police-landstalker-xl.html,/vehicules/dundreary-police-landstalker-xl.html,fiche véhicule,Dundreary Police Landstalker XL — GTA VI | Leonidakit,https://www.leonidakit.com/vehicules/dundreary-police-landstalker-xl.html,,../search-index.js ; ../vehicules-data.js ; ../assets-manifest.js ; ../common.js ; ../app.js ; ../fiches.js,../search-index.js ; ../vehicules-data.js ; ../assets-manifest.js,https://fonts.googleapis.com/css2?family=Archivo:wght@400;500;600;700;900&display=swap ; ../style.css ; ../fiches.css ; https://www.leonidakit.com/img/social-card.png,recherche ; galerie ; possession,#main ; ../index.html ; ../carte.html ; ../vehicules.html ; ../armes.html ; ../collectibles.html ; ../progression.html ; ../index.html ; ../vehicules.html ; ../vehicules.html#cat=service ; ../comparateur.html?type=vehicules&ids=dundreary-police-landstalker-xl ; #modele-reel ; https://www.google.com/search?tbm=isch&q=Lincoln%20Navigator ; https://fr.wikipedia.org/w/index.php?search=Lincoln%20Navigator ; ../vehicules.html#slot=americain ; ../vehicules.html#cat=service ; ../vehicules.html#slot=americain ; ../carte.html#lieu=g-L1610 ; ../carte.html#lieu=g-L2375 ; ../carte.html#lieu=g-L590 ; ../contact.html ; bravado-bison-1800-police.html ; bravado-buffalo-stx-pursuit.html ; bravado-gauntlet-interceptor.html ; bravado-police-cruiser-buffalo.html ; brute-ambulance.html ; brute-bus.html ; declasse-sheriff-suv.html ; hvy-airtug.html ; ../carte.html ; ../vehicules.html ; ../armes.html ; ../collectibles.html ; ../progression.html ; ../calculateurs.html ; ../a-propos.html ; ../contact.html ; ../mentions-legales.html
vehicules/electric-scooter.html,/vehicules/electric-scooter.html,fiche véhicule,Trottinette électrique — GTA VI | Leonidakit,https://www.leonidakit.com/vehicules/electric-scooter.html,,../search-index.js ; ../vehicules-data.js ; ../assets-manifest.js ; ../common.js ; ../app.js ; ../fiches.js,../search-index.js ; ../vehicules-data.js ; ../assets-manifest.js,https://fonts.googleapis.com/css2?family=Archivo:wght@400;500;600;700;900&display=swap ; ../style.css ; ../fiches.css ; https://www.leonidakit.com/img/social-card.png,recherche ; galerie ; possession,#main ; ../index.html ; ../carte.html ; ../vehicules.html ; ../armes.html ; ../collectibles.html ; ../progression.html ; ../index.html ; ../vehicules.html ; ../vehicules.html#cat=divers ; ../comparateur.html?type=vehicules&ids=electric-scooter ; #modele-reel ; https://www.google.com/search?tbm=isch&q=BIRD%20One ; https://fr.wikipedia.org/w/index.php?search=BIRD%20One ; ../vehicules.html#cat=divers ; ../carte.html#lieu=g-L1610 ; ../carte.html#lieu=g-L2375 ; ../carte.html#lieu=g-L590 ; ../contact.html ; endurex-race-bike.html ; bmx.html ; cruiser.html ; lombike.html ; monorail-de-vice-city.html ; scorcher.html ; scorcher.html ; vcia-train.html ; ../carte.html ; ../vehicules.html ; ../armes.html ; ../collectibles.html ; ../progression.html ; ../calculateurs.html ; ../a-propos.html ; ../contact.html ; ../mentions-legales.html
vehicules/endurex-race-bike.html,/vehicules/endurex-race-bike.html,fiche véhicule,Endurex Race Bike — GTA VI | Leonidakit,https://www.leonidakit.com/vehicules/endurex-race-bike.html,,../search-index.js ; ../vehicules-data.js ; ../assets-manifest.js ; ../common.js ; ../app.js ; ../fiches.js,../search-index.js ; ../vehicules-data.js ; ../assets-manifest.js,https://fonts.googleapis.com/css2?family=Archivo:wght@400;500;600;700;900&display=swap ; ../style.css ; ../fiches.css ; https://www.leonidakit.com/img/social-card.png,recherche ; galerie ; possession,#main ; ../index.html ; ../carte.html ; ../vehicules.html ; ../armes.html ; ../collectibles.html ; ../progression.html ; ../index.html ; ../vehicules.html ; ../vehicules.html#cat=divers ; ../comparateur.html?type=vehicules&ids=endurex-race-bike ; #modele-reel ; https://www.google.com/search?tbm=isch&q=Pinarello%20Dogma ; https://fr.wikipedia.org/w/index.php?search=Pinarello%20Dogma ; ../vehicules.html#cat=divers ; ../carte.html#lieu=g-L1610 ; ../carte.html#lieu=g-L2375 ; ../carte.html#lieu=g-L590 ; ../contact.html ; bmx.html ; cruiser.html ; lombike.html ; monorail-de-vice-city.html ; scorcher.html ; electric-scooter.html ; vapid-tow-truck.html ; bmx.html ; ../carte.html ; ../vehicules.html ; ../armes.html ; ../collectibles.html ; ../progression.html ; ../calculateurs.html ; ../a-propos.html ; ../contact.html ; ../mentions-legales.html
vehicules/enus-jubilee.html,/vehicules/enus-jubilee.html,fiche véhicule,Buckingham Jubilee — GTA VI | Leonidakit,https://www.leonidakit.com/vehicules/enus-jubilee.html,,../search-index.js ; ../vehicules-data.js ; ../assets-manifest.js ; ../common.js ; ../app.js ; ../fiches.js,../search-index.js ; ../vehicules-data.js ; ../assets-manifest.js,https://fonts.googleapis.com/css2?family=Archivo:wght@400;500;600;700;900&display=swap ; ../style.css ; ../fiches.css ; https://www.leonidakit.com/img/social-card.png,recherche ; galerie ; possession,#main ; ../index.html ; ../carte.html ; ../vehicules.html ; ../armes.html ; ../collectibles.html ; ../progression.html ; ../index.html ; ../vehicules.html ; ../vehicules.html#cat=suv ; ../comparateur.html?type=vehicules&ids=enus-jubilee ; #modele-reel ; https://www.google.com/search?tbm=isch&q=Rolls-Royce%20Cullinan ; https://fr.wikipedia.org/w/index.php?search=Rolls-Royce%20Cullinan ; ../vehicules.html#slot=europeen ; ../vehicules.html#cat=suv ; ../vehicules.html#slot=europeen ; ../carte.html#lieu=g-L1610 ; ../carte.html#lieu=g-L2375 ; ../carte.html#lieu=g-L590 ; ../contact.html ; albany-cavalcade-xl.html ; benefactor-dubsta.html ; benefactor-xls.html ; bravado-dorado.html ; canis-mesa.html ; declasse-seminole-frontier.html ; bravado-dorado.html ; canis-mesa.html ; ../carte.html ; ../vehicules.html ; ../armes.html ; ../collectibles.html ; ../progression.html ; ../calculateurs.html ; ../a-propos.html ; ../contact.html ; ../mentions-legales.html
vehicules/enus-paragon-r.html,/vehicules/enus-paragon-r.html,fiche véhicule,Enus Paragon R — GTA VI | Leonidakit,https://www.leonidakit.com/vehicules/enus-paragon-r.html,,../search-index.js ; ../vehicules-data.js ; ../assets-manifest.js ; ../common.js ; ../app.js ; ../fiches.js,../search-index.js ; ../vehicules-data.js ; ../assets-manifest.js,https://fonts.googleapis.com/css2?family=Archivo:wght@400;500;600;700;900&display=swap ; ../style.css ; ../fiches.css ; https://www.leonidakit.com/img/social-card.png,recherche ; galerie ; possession,#main ; ../index.html ; ../carte.html ; ../vehicules.html ; ../armes.html ; ../collectibles.html ; ../progression.html ; ../index.html ; ../vehicules.html ; ../vehicules.html#cat=sport ; ../comparateur.html?type=vehicules&ids=enus-paragon-r ; #modele-reel ; https://www.google.com/search?tbm=isch&q=2018%20Bentley%20Continental%20GT ; https://fr.wikipedia.org/w/index.php?search=2018%20Bentley%20Continental%20GT ; ../vehicules.html#slot=europeen ; ../vehicules.html#cat=sport ; ../vehicules.html#slot=europeen ; ../carte.html#lieu=g-L1610 ; ../carte.html#lieu=g-L2375 ; ../carte.html#lieu=g-L590 ; ../contact.html ; albany-manana.html ; albany-v-str.html ; annis-elegy-retro-custom.html ; benefactor-schafter-lwb.html ; bravado-banshee.html ; bravado-buffalo.html ; cheval-vectre.html ; enus-windsor.html ; ../carte.html ; ../vehicules.html ; ../armes.html ; ../collectibles.html ; ../progression.html ; ../calculateurs.html ; ../a-propos.html ; ../contact.html ; ../mentions-legales.html
vehicules/enus-windsor.html,/vehicules/enus-windsor.html,fiche véhicule,Enus Windsor — GTA VI | Leonidakit,https://www.leonidakit.com/vehicules/enus-windsor.html,,../search-index.js ; ../vehicules-data.js ; ../assets-manifest.js ; ../common.js ; ../app.js ; ../fiches.js,../search-index.js ; ../vehicules-data.js ; ../assets-manifest.js,https://fonts.googleapis.com/css2?family=Archivo:wght@400;500;600;700;900&display=swap ; ../style.css ; ../fiches.css ; https://www.leonidakit.com/img/social-card.png,recherche ; galerie ; possession,#main ; ../index.html ; ../carte.html ; ../vehicules.html ; ../armes.html ; ../collectibles.html ; ../progression.html ; ../index.html ; ../vehicules.html ; ../vehicules.html#cat=sport ; ../comparateur.html?type=vehicules&ids=enus-windsor ; #modele-reel ; https://www.google.com/search?tbm=isch&q=Rolls-Royce%20Wraith ; https://fr.wikipedia.org/w/index.php?search=Rolls-Royce%20Wraith ; ../vehicules.html#slot=europeen ; ../vehicules.html#cat=sport ; ../vehicules.html#slot=europeen ; ../carte.html#lieu=g-L1610 ; ../carte.html#lieu=g-L2375 ; ../carte.html#lieu=g-L590 ; ../contact.html ; albany-manana.html ; albany-v-str.html ; annis-elegy-retro-custom.html ; benefactor-schafter-lwb.html ; bravado-banshee.html ; bravado-buffalo.html ; enus-paragon-r.html ; fathom-fr36.html ; ../carte.html ; ../vehicules.html ; ../armes.html ; ../collectibles.html ; ../progression.html ; ../calculateurs.html ; ../a-propos.html ; ../contact.html ; ../mentions-legales.html
vehicules/fathom-fr36.html,/vehicules/fathom-fr36.html,fiche véhicule,Fathom FR36 — GTA VI | Leonidakit,https://www.leonidakit.com/vehicules/fathom-fr36.html,,../search-index.js ; ../vehicules-data.js ; ../assets-manifest.js ; ../common.js ; ../app.js ; ../fiches.js,../search-index.js ; ../vehicules-data.js ; ../assets-manifest.js,https://fonts.googleapis.com/css2?family=Archivo:wght@400;500;600;700;900&display=swap ; ../style.css ; ../fiches.css ; https://www.leonidakit.com/img/social-card.png,recherche ; galerie ; possession,#main ; ../index.html ; ../carte.html ; ../vehicules.html ; ../armes.html ; ../collectibles.html ; ../progression.html ; ../index.html ; ../vehicules.html ; ../vehicules.html#cat=sport ; ../comparateur.html?type=vehicules&ids=fathom-fr36 ; #modele-reel ; https://www.google.com/search?tbm=isch&q=Infiniti%20G35%20(V35) ; https://fr.wikipedia.org/w/index.php?search=Infiniti%20G35%20(V35) ; ../vehicules.html#slot=japonais ; ../vehicules.html#cat=sport ; ../vehicules.html#slot=japonais ; ../carte.html#lieu=g-L1610 ; ../carte.html#lieu=g-L2375 ; ../carte.html#lieu=g-L590 ; ../contact.html ; albany-manana.html ; albany-v-str.html ; annis-elegy-retro-custom.html ; benefactor-schafter-lwb.html ; bravado-banshee.html ; bravado-buffalo.html ; enus-windsor.html ; grotti-carbonizzare.html ; ../carte.html ; ../vehicules.html ; ../armes.html ; ../collectibles.html ; ../progression.html ; ../calculateurs.html ; ../a-propos.html ; ../contact.html ; ../mentions-legales.html
vehicules/ferry.html,/vehicules/ferry.html,fiche véhicule,Ferry — GTA VI | Leonidakit,https://www.leonidakit.com/vehicules/ferry.html,,../search-index.js ; ../vehicules-data.js ; ../assets-manifest.js ; ../common.js ; ../app.js ; ../fiches.js,../search-index.js ; ../vehicules-data.js ; ../assets-manifest.js,https://fonts.googleapis.com/css2?family=Archivo:wght@400;500;600;700;900&display=swap ; ../style.css ; ../fiches.css ; https://www.leonidakit.com/img/social-card.png,recherche ; galerie ; possession,#main ; ../index.html ; ../carte.html ; ../vehicules.html ; ../armes.html ; ../collectibles.html ; ../progression.html ; ../index.html ; ../vehicules.html ; ../vehicules.html#cat=bateau ; ../comparateur.html?type=vehicules&ids=ferry ; #modele-reel ; https://www.google.com/search?tbm=isch&q=Ferry%20de%20Fisher%20Island ; https://fr.wikipedia.org/w/index.php?search=Ferry%20de%20Fisher%20Island ; ../vehicules.html#cat=bateau ; ../carte.html#lieu=g-L1610 ; ../carte.html#lieu=g-L2375 ; ../carte.html#lieu=g-L590 ; ../contact.html ; airboat-09.html ; btn-delmar.html ; crest-kayak.html ; dinka-jetmax.html ; nagasaki-marquis.html ; lure-predator-l35p.html ; shipyard-de-hoop-brion.html ; frauscher-1017-gt.html ; ../carte.html ; ../vehicules.html ; ../armes.html ; ../collectibles.html ; ../progression.html ; ../calculateurs.html ; ../a-propos.html ; ../contact.html ; ../mentions-legales.html
vehicules/fishing-boat.html,/vehicules/fishing-boat.html,fiche véhicule,Bateau de pêche — GTA VI | Leonidakit,https://www.leonidakit.com/vehicules/fishing-boat.html,,../search-index.js ; ../vehicules-data.js ; ../assets-manifest.js ; ../common.js ; ../app.js ; ../fiches.js,../search-index.js ; ../vehicules-data.js ; ../assets-manifest.js,https://fonts.googleapis.com/css2?family=Archivo:wght@400;500;600;700;900&display=swap ; ../style.css ; ../fiches.css ; https://www.leonidakit.com/img/social-card.png,recherche ; galerie ; possession,#main ; ../index.html ; ../carte.html ; ../vehicules.html ; ../armes.html ; ../collectibles.html ; ../progression.html ; ../index.html ; ../vehicules.html ; ../vehicules.html#cat=bateau ; ../comparateur.html?type=vehicules&ids=fishing-boat ; #modele-reel ; https://www.google.com/search?tbm=isch&q=Steiger%20Craft%2031%20Miami ; https://fr.wikipedia.org/w/index.php?search=Steiger%20Craft%2031%20Miami ; ../vehicules.html#cat=bateau ; ../carte.html#lieu=g-L1610 ; ../carte.html#lieu=g-L2375 ; ../carte.html#lieu=g-L590 ; ../contact.html ; airboat-09.html ; btn-delmar.html ; crest-kayak.html ; dinka-jetmax.html ; nagasaki-marquis.html ; lure-predator-l35p.html ; azimut-atlantis-45.html ; water-taxi.html ; ../carte.html ; ../vehicules.html ; ../armes.html ; ../collectibles.html ; ../progression.html ; ../calculateurs.html ; ../a-propos.html ; ../contact.html ; ../mentions-legales.html
vehicules/ford-econoline-4.html,/vehicules/ford-econoline-4.html,fiche véhicule,Econoline — GTA VI | Leonidakit,https://www.leonidakit.com/vehicules/ford-econoline-4.html,,../search-index.js ; ../vehicules-data.js ; ../assets-manifest.js ; ../common.js ; ../app.js ; ../fiches.js,../search-index.js ; ../vehicules-data.js ; ../assets-manifest.js,https://fonts.googleapis.com/css2?family=Archivo:wght@400;500;600;700;900&display=swap ; ../style.css ; ../fiches.css ; https://www.leonidakit.com/img/social-card.png,recherche ; galerie ; possession,#main ; ../index.html ; ../carte.html ; ../vehicules.html ; ../armes.html ; ../collectibles.html ; ../progression.html ; ../index.html ; ../vehicules.html ; ../vehicules.html#cat=van ; ../comparateur.html?type=vehicules&ids=ford-econoline-4 ; #modele-reel ; https://www.google.com/search?tbm=isch&q=Ford%20Econoline ; https://fr.wikipedia.org/w/index.php?search=Ford%20Econoline ; ../vehicules.html#slot=americain ; ../vehicules.html#cat=van ; ../vehicules.html#slot=americain ; ../carte.html#lieu=g-L1610 ; ../carte.html#lieu=g-L2375 ; ../carte.html#lieu=g-L590 ; ../contact.html ; bravado-bison.html ; bravado-bison-1800.html ; bravado-bison-900-95.html ; bravado-rumpo.html ; bravado-youga-classic.html ; brute-boxville.html ; coach.html ; moocher.html ; ../carte.html ; ../vehicules.html ; ../armes.html ; ../collectibles.html ; ../progression.html ; ../calculateurs.html ; ../a-propos.html ; ../contact.html ; ../mentions-legales.html
vehicules/ford-explorer-2.html,/vehicules/ford-explorer-2.html,fiche véhicule,Explorer '95 — GTA VI | Leonidakit,https://www.leonidakit.com/vehicules/ford-explorer-2.html,,../search-index.js ; ../vehicules-data.js ; ../assets-manifest.js ; ../common.js ; ../app.js ; ../fiches.js,../search-index.js ; ../vehicules-data.js ; ../assets-manifest.js,https://fonts.googleapis.com/css2?family=Archivo:wght@400;500;600;700;900&display=swap ; ../style.css ; ../fiches.css ; https://www.leonidakit.com/img/social-card.png,recherche ; galerie ; possession,#main ; ../index.html ; ../carte.html ; ../vehicules.html ; ../armes.html ; ../collectibles.html ; ../progression.html ; ../index.html ; ../vehicules.html ; ../vehicules.html#cat=suv ; ../comparateur.html?type=vehicules&ids=ford-explorer-2 ; #modele-reel ; https://www.google.com/search?tbm=isch&q=Ford%20Explorer ; https://fr.wikipedia.org/w/index.php?search=Ford%20Explorer ; ../vehicules.html#slot=americain ; ../vehicules.html#cat=suv ; ../vehicules.html#slot=americain ; ../carte.html#lieu=g-L1610 ; ../carte.html#lieu=g-L2375 ; ../carte.html#lieu=g-L590 ; ../contact.html ; albany-cavalcade-xl.html ; benefactor-dubsta.html ; benefactor-xls.html ; bravado-dorado.html ; enus-jubilee.html ; canis-mesa.html ; dodge-durango-3.html ; audi-q7-2.html ; ../carte.html ; ../vehicules.html ; ../armes.html ; ../collectibles.html ; ../progression.html ; ../calculateurs.html ; ../a-propos.html ; ../contact.html ; ../mentions-legales.html
vehicules/ford-explorer-police.html,/vehicules/ford-explorer-police.html,fiche véhicule,Vapid Police Montagne — GTA VI | Leonidakit,https://www.leonidakit.com/vehicules/ford-explorer-police.html,,../search-index.js ; ../vehicules-data.js ; ../assets-manifest.js ; ../common.js ; ../app.js ; ../fiches.js,../search-index.js ; ../vehicules-data.js ; ../assets-manifest.js,https://fonts.googleapis.com/css2?family=Archivo:wght@400;500;600;700;900&display=swap ; ../style.css ; ../fiches.css ; https://www.leonidakit.com/img/social-card.png,recherche ; galerie ; possession,#main ; ../index.html ; ../carte.html ; ../vehicules.html ; ../armes.html ; ../collectibles.html ; ../progression.html ; ../index.html ; ../vehicules.html ; ../vehicules.html#cat=service ; ../comparateur.html?type=vehicules&ids=ford-explorer-police ; #modele-reel ; https://www.google.com/search?tbm=isch&q=Ford%20Explorer ; https://fr.wikipedia.org/w/index.php?search=Ford%20Explorer ; ../vehicules.html#slot=americain ; ../vehicules.html#cat=service ; ../vehicules.html#slot=americain ; ../carte.html#lieu=g-L1610 ; ../carte.html#lieu=g-L2375 ; ../carte.html#lieu=g-L590 ; ../contact.html ; bravado-bison-1800-police.html ; bravado-buffalo-stx-pursuit.html ; bravado-gauntlet-interceptor.html ; bravado-police-cruiser-buffalo.html ; brute-ambulance.html ; brute-bus.html ; vapid-police-ghost.html ; vapid-taxi.html ; ../carte.html ; ../vehicules.html ; ../armes.html ; ../collectibles.html ; ../progression.html ; ../calculateurs.html ; ../a-propos.html ; ../contact.html ; ../mentions-legales.html
vehicules/ford-explorer-sport-trac.html,/vehicules/ford-explorer-sport-trac.html,fiche véhicule,Explorer Sport Trac — GTA VI | Leonidakit,https://www.leonidakit.com/vehicules/ford-explorer-sport-trac.html,,../search-index.js ; ../vehicules-data.js ; ../assets-manifest.js ; ../common.js ; ../app.js ; ../fiches.js,../search-index.js ; ../vehicules-data.js ; ../assets-manifest.js,https://fonts.googleapis.com/css2?family=Archivo:wght@400;500;600;700;900&display=swap ; ../style.css ; ../fiches.css ; https://www.leonidakit.com/img/social-card.png,recherche ; galerie ; possession,#main ; ../index.html ; ../carte.html ; ../vehicules.html ; ../armes.html ; ../collectibles.html ; ../progression.html ; ../index.html ; ../vehicules.html ; ../vehicules.html#cat=pickup ; ../comparateur.html?type=vehicules&ids=ford-explorer-sport-trac ; #modele-reel ; https://www.google.com/search?tbm=isch&q=Ford%20Explorer%20Sport%20Trac ; https://fr.wikipedia.org/w/index.php?search=Ford%20Explorer%20Sport%20Trac ; ../vehicules.html#slot=americain ; ../vehicules.html#cat=pickup ; ../vehicules.html#slot=americain ; ../carte.html#lieu=g-L1610 ; ../carte.html#lieu=g-L2375 ; ../carte.html#lieu=g-L590 ; ../contact.html ; annis-hellion.html ; bravado-bison-900-95-monster-truck.html ; canis-kamacho.html ; declasse-rancher.html ; declasse-walton-l35-stock.html ; declasse-yosemite.html ; dodge-dakota-convertible.html ; ford-f-series-3.html ; ../carte.html ; ../vehicules.html ; ../armes.html ; ../collectibles.html ; ../progression.html ; ../calculateurs.html ; ../a-propos.html ; ../contact.html ; ../mentions-legales.html
vehicules/ford-f-series-3.html,/vehicules/ford-f-series-3.html,fiche véhicule,F-Series '50 — GTA VI | Leonidakit,https://www.leonidakit.com/vehicules/ford-f-series-3.html,,../search-index.js ; ../vehicules-data.js ; ../assets-manifest.js ; ../common.js ; ../app.js ; ../fiches.js,../search-index.js ; ../vehicules-data.js ; ../assets-manifest.js,https://fonts.googleapis.com/css2?family=Archivo:wght@400;500;600;700;900&display=swap ; ../style.css ; ../fiches.css ; https://www.leonidakit.com/img/social-card.png,recherche ; galerie ; possession,#main ; ../index.html ; ../carte.html ; ../vehicules.html ; ../armes.html ; ../collectibles.html ; ../progression.html ; ../index.html ; ../vehicules.html ; ../vehicules.html#cat=pickup ; ../comparateur.html?type=vehicules&ids=ford-f-series-3 ; #modele-reel ; https://www.google.com/search?tbm=isch&q=Ford%20F-Series ; https://fr.wikipedia.org/w/index.php?search=Ford%20F-Series ; ../vehicules.html#slot=americain ; ../vehicules.html#cat=pickup ; ../vehicules.html#slot=americain ; ../carte.html#lieu=g-L1610 ; ../carte.html#lieu=g-L2375 ; ../carte.html#lieu=g-L590 ; ../contact.html ; annis-hellion.html ; bravado-bison-900-95-monster-truck.html ; canis-kamacho.html ; declasse-rancher.html ; declasse-walton-l35-stock.html ; declasse-yosemite.html ; ford-explorer-sport-trac.html ; ram-3500.html ; ../carte.html ; ../vehicules.html ; ../armes.html ; ../collectibles.html ; ../progression.html ; ../calculateurs.html ; ../a-propos.html ; ../contact.html ; ../mentions-legales.html
vehicules/ford-f-series-flatbed.html,/vehicules/ford-f-series-flatbed.html,fiche véhicule,F-Series plateau — GTA VI | Leonidakit,https://www.leonidakit.com/vehicules/ford-f-series-flatbed.html,,../search-index.js ; ../vehicules-data.js ; ../assets-manifest.js ; ../common.js ; ../app.js ; ../fiches.js,../search-index.js ; ../vehicules-data.js ; ../assets-manifest.js,https://fonts.googleapis.com/css2?family=Archivo:wght@400;500;600;700;900&display=swap ; ../style.css ; ../fiches.css ; https://www.leonidakit.com/img/social-card.png,recherche ; galerie ; possession,#main ; ../index.html ; ../carte.html ; ../vehicules.html ; ../armes.html ; ../collectibles.html ; ../progression.html ; ../index.html ; ../vehicules.html ; ../vehicules.html#cat=service ; ../comparateur.html?type=vehicules&ids=ford-f-series-flatbed ; #modele-reel ; https://www.google.com/search?tbm=isch&q=Ford%20F-Series ; https://fr.wikipedia.org/w/index.php?search=Ford%20F-Series ; ../vehicules.html#slot=americain ; ../vehicules.html#cat=service ; ../vehicules.html#slot=americain ; ../carte.html#lieu=g-L1610 ; ../carte.html#lieu=g-L2375 ; ../carte.html#lieu=g-L590 ; ../contact.html ; bravado-bison-1800-police.html ; bravado-buffalo-stx-pursuit.html ; bravado-gauntlet-interceptor.html ; bravado-police-cruiser-buffalo.html ; brute-ambulance.html ; brute-bus.html ; ford-f-series-tow-truck.html ; freight-train.html ; ../carte.html ; ../vehicules.html ; ../armes.html ; ../collectibles.html ; ../progression.html ; ../calculateurs.html ; ../a-propos.html ; ../contact.html ; ../mentions-legales.html
vehicules/ford-f-series-tow-truck.html,/vehicules/ford-f-series-tow-truck.html,fiche véhicule,F-Series dépanneuse — GTA VI | Leonidakit,https://www.leonidakit.com/vehicules/ford-f-series-tow-truck.html,,../search-index.js ; ../vehicules-data.js ; ../assets-manifest.js ; ../common.js ; ../app.js ; ../fiches.js,../search-index.js ; ../vehicules-data.js ; ../assets-manifest.js,https://fonts.googleapis.com/css2?family=Archivo:wght@400;500;600;700;900&display=swap ; ../style.css ; ../fiches.css ; https://www.leonidakit.com/img/social-card.png,recherche ; galerie ; possession,#main ; ../index.html ; ../carte.html ; ../vehicules.html ; ../armes.html ; ../collectibles.html ; ../progression.html ; ../index.html ; ../vehicules.html ; ../vehicules.html#cat=service ; ../comparateur.html?type=vehicules&ids=ford-f-series-tow-truck ; #modele-reel ; https://www.google.com/search?tbm=isch&q=Ford%20F-Series ; https://fr.wikipedia.org/w/index.php?search=Ford%20F-Series ; ../vehicules.html#slot=americain ; ../vehicules.html#cat=service ; ../vehicules.html#slot=americain ; ../carte.html#lieu=g-L1610 ; ../carte.html#lieu=g-L2375 ; ../carte.html#lieu=g-L590 ; ../contact.html ; bravado-bison-1800-police.html ; bravado-buffalo-stx-pursuit.html ; bravado-gauntlet-interceptor.html ; bravado-police-cruiser-buffalo.html ; brute-ambulance.html ; brute-bus.html ; vapid-caracara-lifeguard.html ; ford-f-series-flatbed.html ; ../carte.html ; ../vehicules.html ; ../armes.html ; ../collectibles.html ; ../progression.html ; ../calculateurs.html ; ../a-propos.html ; ../contact.html ; ../mentions-legales.html
vehicules/ford-taurus.html,/vehicules/ford-taurus.html,fiche véhicule,Taurus — GTA VI | Leonidakit,https://www.leonidakit.com/vehicules/ford-taurus.html,,../search-index.js ; ../vehicules-data.js ; ../assets-manifest.js ; ../common.js ; ../app.js ; ../fiches.js,../search-index.js ; ../vehicules-data.js ; ../assets-manifest.js,https://fonts.googleapis.com/css2?family=Archivo:wght@400;500;600;700;900&display=swap ; ../style.css ; ../fiches.css ; https://www.leonidakit.com/img/social-card.png,recherche ; galerie ; possession,#main ; ../index.html ; ../carte.html ; ../vehicules.html ; ../armes.html ; ../collectibles.html ; ../progression.html ; ../index.html ; ../vehicules.html ; ../vehicules.html#cat=berline ; ../comparateur.html?type=vehicules&ids=ford-taurus ; #modele-reel ; https://www.google.com/search?tbm=isch&q=Ford%20Taurus ; https://fr.wikipedia.org/w/index.php?search=Ford%20Taurus ; ../vehicules.html#slot=americain ; ../vehicules.html#cat=berline ; ../vehicules.html#slot=americain ; ../carte.html#lieu=g-L1610 ; ../carte.html#lieu=g-L2375 ; ../carte.html#lieu=g-L590 ; ../contact.html ; albany-emperor.html ; albany-primo.html ; albany-primo-custom.html ; benefactor-schafter-v12.html ; karin-asterope.html ; karin-asterope-gz.html ; chevrolet-sonic.html ; obey-tailgater.html ; ../carte.html ; ../vehicules.html ; ../armes.html ; ../collectibles.html ; ../progression.html ; ../calculateurs.html ; ../a-propos.html ; ../contact.html ; ../mentions-legales.html
vehicules/ford-transit-4.html,/vehicules/ford-transit-4.html,fiche véhicule,Transit — GTA VI | Leonidakit,https://www.leonidakit.com/vehicules/ford-transit-4.html,,../search-index.js ; ../vehicules-data.js ; ../assets-manifest.js ; ../common.js ; ../app.js ; ../fiches.js,../search-index.js ; ../vehicules-data.js ; ../assets-manifest.js,https://fonts.googleapis.com/css2?family=Archivo:wght@400;500;600;700;900&display=swap ; ../style.css ; ../fiches.css ; https://www.leonidakit.com/img/social-card.png,recherche ; galerie ; possession,#main ; ../index.html ; ../carte.html ; ../vehicules.html ; ../armes.html ; ../collectibles.html ; ../progression.html ; ../index.html ; ../vehicules.html ; ../vehicules.html#cat=van ; ../comparateur.html?type=vehicules&ids=ford-transit-4 ; #modele-reel ; https://www.google.com/search?tbm=isch&q=Ford%20Transit ; https://fr.wikipedia.org/w/index.php?search=Ford%20Transit ; ../vehicules.html#slot=americain ; ../vehicules.html#cat=van ; ../vehicules.html#slot=americain ; ../carte.html#lieu=g-L1610 ; ../carte.html#lieu=g-L2375 ; ../carte.html#lieu=g-L590 ; ../contact.html ; bravado-bison.html ; bravado-bison-1800.html ; bravado-bison-900-95.html ; bravado-rumpo.html ; bravado-youga-classic.html ; brute-boxville.html ; chrysler-town-country.html ; ford-transit-cargo-4.html ; ../carte.html ; ../vehicules.html ; ../armes.html ; ../collectibles.html ; ../progression.html ; ../calculateurs.html ; ../a-propos.html ; ../contact.html ; ../mentions-legales.html
vehicules/ford-transit-cargo-4.html,/vehicules/ford-transit-cargo-4.html,fiche véhicule,Transit Cargo — GTA VI | Leonidakit,https://www.leonidakit.com/vehicules/ford-transit-cargo-4.html,,../search-index.js ; ../vehicules-data.js ; ../assets-manifest.js ; ../common.js ; ../app.js ; ../fiches.js,../search-index.js ; ../vehicules-data.js ; ../assets-manifest.js,https://fonts.googleapis.com/css2?family=Archivo:wght@400;500;600;700;900&display=swap ; ../style.css ; ../fiches.css ; https://www.leonidakit.com/img/social-card.png,recherche ; galerie ; possession,#main ; ../index.html ; ../carte.html ; ../vehicules.html ; ../armes.html ; ../collectibles.html ; ../progression.html ; ../index.html ; ../vehicules.html ; ../vehicules.html#cat=van ; ../comparateur.html?type=vehicules&ids=ford-transit-cargo-4 ; #modele-reel ; https://www.google.com/search?tbm=isch&q=Ford%20Transit%20Cargo ; https://fr.wikipedia.org/w/index.php?search=Ford%20Transit%20Cargo ; ../vehicules.html#slot=americain ; ../vehicules.html#cat=van ; ../vehicules.html#slot=americain ; ../carte.html#lieu=g-L1610 ; ../carte.html#lieu=g-L2375 ; ../carte.html#lieu=g-L590 ; ../contact.html ; bravado-bison.html ; bravado-bison-1800.html ; bravado-bison-900-95.html ; bravado-rumpo.html ; bravado-youga-classic.html ; brute-boxville.html ; ford-transit-4.html ; vapid-speedo.html ; ../carte.html ; ../vehicules.html ; ../armes.html ; ../collectibles.html ; ../progression.html ; ../calculateurs.html ; ../a-propos.html ; ../contact.html ; ../mentions-legales.html
vehicules/frauscher-1017-gt.html,/vehicules/frauscher-1017-gt.html,fiche véhicule,Frauscher 1017 GT — GTA VI | Leonidakit,https://www.leonidakit.com/vehicules/frauscher-1017-gt.html,,../search-index.js ; ../vehicules-data.js ; ../assets-manifest.js ; ../common.js ; ../app.js ; ../fiches.js,../search-index.js ; ../vehicules-data.js ; ../assets-manifest.js,https://fonts.googleapis.com/css2?family=Archivo:wght@400;500;600;700;900&display=swap ; ../style.css ; ../fiches.css ; https://www.leonidakit.com/img/social-card.png,recherche ; galerie ; possession,#main ; ../index.html ; ../carte.html ; ../vehicules.html ; ../armes.html ; ../collectibles.html ; ../progression.html ; ../index.html ; ../vehicules.html ; ../vehicules.html#cat=bateau ; ../comparateur.html?type=vehicules&ids=frauscher-1017-gt ; #modele-reel ; https://www.google.com/search?tbm=isch&q=Frauscher%201017%20GT ; https://fr.wikipedia.org/w/index.php?search=Frauscher%201017%20GT ; ../vehicules.html#slot=europeen ; ../vehicules.html#cat=bateau ; ../vehicules.html#slot=europeen ; ../carte.html#lieu=g-L1610 ; ../carte.html#lieu=g-L2375 ; ../carte.html#lieu=g-L590 ; ../contact.html ; airboat-09.html ; btn-delmar.html ; crest-kayak.html ; dinka-jetmax.html ; nagasaki-marquis.html ; lure-predator-l35p.html ; ferry.html ; highfield-sport-900.html ; ../carte.html ; ../vehicules.html ; ../armes.html ; ../collectibles.html ; ../progression.html ; ../calculateurs.html ; ../a-propos.html ; ../contact.html ; ../mentions-legales.html
vehicules/freight-train.html,/vehicules/freight-train.html,fiche véhicule,Freight Train — GTA VI | Leonidakit,https://www.leonidakit.com/vehicules/freight-train.html,,../search-index.js ; ../vehicules-data.js ; ../assets-manifest.js ; ../common.js ; ../app.js ; ../fiches.js,../search-index.js ; ../vehicules-data.js ; ../assets-manifest.js,https://fonts.googleapis.com/css2?family=Archivo:wght@400;500;600;700;900&display=swap ; ../style.css ; ../fiches.css ; https://www.leonidakit.com/img/social-card.png,recherche ; galerie ; possession,#main ; ../index.html ; ../carte.html ; ../vehicules.html ; ../armes.html ; ../collectibles.html ; ../progression.html ; ../index.html ; ../vehicules.html ; ../vehicules.html#cat=service ; ../comparateur.html?type=vehicules&ids=freight-train ; #modele-reel ; https://www.google.com/search?tbm=isch&q=Electro%20Motive%20Division ; https://fr.wikipedia.org/w/index.php?search=Electro%20Motive%20Division ; ../vehicules.html#cat=service ; ../carte.html#lieu=g-L1610 ; ../carte.html#lieu=g-L2375 ; ../carte.html#lieu=g-L590 ; ../contact.html ; bravado-bison-1800-police.html ; bravado-buffalo-stx-pursuit.html ; bravado-gauntlet-interceptor.html ; bravado-police-cruiser-buffalo.html ; brute-ambulance.html ; brute-bus.html ; ford-f-series-flatbed.html ; chevrolet-kodiak-gmc-topkick.html ; ../carte.html ; ../vehicules.html ; ../armes.html ; ../collectibles.html ; ../progression.html ; ../calculateurs.html ; ../a-propos.html ; ../contact.html ; ../mentions-legales.html
vehicules/gallivanter-baller-st.html,/vehicules/gallivanter-baller-st.html,fiche véhicule,Gallivanter Baller ST-D — GTA VI | Leonidakit,https://www.leonidakit.com/vehicules/gallivanter-baller-st.html,,../search-index.js ; ../vehicules-data.js ; ../assets-manifest.js ; ../common.js ; ../app.js ; ../fiches.js,../search-index.js ; ../vehicules-data.js ; ../assets-manifest.js,https://fonts.googleapis.com/css2?family=Archivo:wght@400;500;600;700;900&display=swap ; ../style.css ; ../fiches.css ; https://www.leonidakit.com/img/social-card.png,recherche ; galerie ; possession,#main ; ../index.html ; ../carte.html ; ../vehicules.html ; ../armes.html ; ../collectibles.html ; ../progression.html ; ../index.html ; ../vehicules.html ; ../vehicules.html#cat=suv ; ../comparateur.html?type=vehicules&ids=gallivanter-baller-st ; #modele-reel ; https://www.google.com/search?tbm=isch&q=Range%20Rover%20L460 ; https://fr.wikipedia.org/w/index.php?search=Range%20Rover%20L460 ; ../vehicules.html#slot=europeen ; ../vehicules.html#cat=suv ; ../vehicules.html#slot=europeen ; ../carte.html#lieu=g-L1610 ; ../carte.html#lieu=g-L2375 ; ../carte.html#lieu=g-L590 ; ../contact.html ; albany-cavalcade-xl.html ; benefactor-dubsta.html ; benefactor-xls.html ; bravado-dorado.html ; enus-jubilee.html ; canis-mesa.html ; gallivanter-baller.html ; vapid-contender.html ; ../carte.html ; ../vehicules.html ; ../armes.html ; ../collectibles.html ; ../progression.html ; ../calculateurs.html ; ../a-propos.html ; ../contact.html ; ../mentions-legales.html
vehicules/gallivanter-baller.html,/vehicules/gallivanter-baller.html,fiche véhicule,Gallivanter Baller II — GTA VI | Leonidakit,https://www.leonidakit.com/vehicules/gallivanter-baller.html,,../search-index.js ; ../vehicules-data.js ; ../assets-manifest.js ; ../common.js ; ../app.js ; ../fiches.js,../search-index.js ; ../vehicules-data.js ; ../assets-manifest.js,https://fonts.googleapis.com/css2?family=Archivo:wght@400;500;600;700;900&display=swap ; ../style.css ; ../fiches.css ; https://www.leonidakit.com/img/social-card.png,recherche ; galerie ; possession,#main ; ../index.html ; ../carte.html ; ../vehicules.html ; ../armes.html ; ../collectibles.html ; ../progression.html ; ../index.html ; ../vehicules.html ; ../vehicules.html#cat=suv ; ../comparateur.html?type=vehicules&ids=gallivanter-baller ; #modele-reel ; https://www.google.com/search?tbm=isch&q=Range%20Rover%20Evoque ; https://fr.wikipedia.org/w/index.php?search=Range%20Rover%20Evoque ; ../vehicules.html#slot=europeen ; ../vehicules.html#cat=suv ; ../vehicules.html#slot=europeen ; ../carte.html#lieu=g-L1610 ; ../carte.html#lieu=g-L2375 ; ../carte.html#lieu=g-L590 ; ../contact.html ; albany-cavalcade-xl.html ; benefactor-dubsta.html ; benefactor-xls.html ; bravado-dorado.html ; enus-jubilee.html ; canis-mesa.html ; dundreary-landstalker-xl.html ; gallivanter-baller-st.html ; ../carte.html ; ../vehicules.html ; ../armes.html ; ../collectibles.html ; ../progression.html ; ../calculateurs.html ; ../a-propos.html ; ../contact.html ; ../mentions-legales.html
vehicules/grotti-carbonizzare.html,/vehicules/grotti-carbonizzare.html,fiche véhicule,Grotti Carbonizzare — GTA VI | Leonidakit,https://www.leonidakit.com/vehicules/grotti-carbonizzare.html,,../search-index.js ; ../vehicules-data.js ; ../assets-manifest.js ; ../common.js ; ../app.js ; ../fiches.js,../search-index.js ; ../vehicules-data.js ; ../assets-manifest.js,https://fonts.googleapis.com/css2?family=Archivo:wght@400;500;600;700;900&display=swap ; ../style.css ; ../fiches.css ; https://www.leonidakit.com/img/social-card.png,recherche ; galerie ; possession,#main ; ../index.html ; ../carte.html ; ../vehicules.html ; ../armes.html ; ../collectibles.html ; ../progression.html ; ../index.html ; ../vehicules.html ; ../vehicules.html#cat=sport ; ../comparateur.html?type=vehicules&ids=grotti-carbonizzare ; #modele-reel ; https://www.google.com/search?tbm=isch&q=Ferrari%20458%20Italia ; https://fr.wikipedia.org/w/index.php?search=Ferrari%20458%20Italia ; ../vehicules.html#slot=europeen ; ../vehicules.html#cat=sport ; ../vehicules.html#slot=europeen ; ../carte.html#lieu=g-L1610 ; ../carte.html#lieu=g-L2375 ; ../carte.html#lieu=g-L590 ; ../contact.html ; albany-manana.html ; albany-v-str.html ; annis-elegy-retro-custom.html ; benefactor-schafter-lwb.html ; bravado-banshee.html ; bravado-buffalo.html ; fathom-fr36.html ; grotti-cheetah-classic.html ; ../carte.html ; ../vehicules.html ; ../armes.html ; ../collectibles.html ; ../progression.html ; ../calculateurs.html ; ../a-propos.html ; ../contact.html ; ../mentions-legales.html
vehicules/grotti-cheetah-classic.html,/vehicules/grotti-cheetah-classic.html,fiche véhicule,Grotti Cheetah '95 — GTA VI | Leonidakit,https://www.leonidakit.com/vehicules/grotti-cheetah-classic.html,,../search-index.js ; ../vehicules-data.js ; ../assets-manifest.js ; ../common.js ; ../app.js ; ../fiches.js,../search-index.js ; ../vehicules-data.js ; ../assets-manifest.js,https://fonts.googleapis.com/css2?family=Archivo:wght@400;500;600;700;900&display=swap ; ../style.css ; ../fiches.css ; https://www.leonidakit.com/img/social-card.png,recherche ; galerie ; possession,#main ; ../index.html ; ../carte.html ; ../vehicules.html ; ../armes.html ; ../collectibles.html ; ../progression.html ; ../index.html ; ../vehicules.html ; ../vehicules.html#cat=sport ; ../comparateur.html?type=vehicules&ids=grotti-cheetah-classic ; #modele-reel ; https://www.google.com/search?tbm=isch&q=Ferrari%20Testarossa ; https://fr.wikipedia.org/w/index.php?search=Ferrari%20Testarossa ; ../vehicules.html#slot=europeen ; ../vehicules.html#cat=sport ; ../vehicules.html#slot=europeen ; ../vehicules-rares.html ; ../carte.html#lieu=g-L1610 ; ../carte.html#lieu=g-L2375 ; ../carte.html#lieu=g-L590 ; ../contact.html ; albany-manana.html ; albany-v-str.html ; annis-elegy-retro-custom.html ; benefactor-schafter-lwb.html ; bravado-banshee.html ; bravado-buffalo.html ; grotti-carbonizzare.html ; grotti-itali-gto.html ; ../carte.html ; ../vehicules.html ; ../armes.html ; ../collectibles.html ; ../progression.html ; ../calculateurs.html ; ../a-propos.html ; ../contact.html ; ../mentions-legales.html
vehicules/grotti-furia.html,/vehicules/grotti-furia.html,fiche véhicule,Grotti Furia — GTA VI | Leonidakit,https://www.leonidakit.com/vehicules/grotti-furia.html,,../search-index.js ; ../vehicules-data.js ; ../assets-manifest.js ; ../common.js ; ../app.js ; ../fiches.js,../search-index.js ; ../vehicules-data.js ; ../assets-manifest.js,https://fonts.googleapis.com/css2?family=Archivo:wght@400;500;600;700;900&display=swap ; ../style.css ; ../fiches.css ; https://www.leonidakit.com/img/social-card.png,recherche ; galerie ; possession,#main ; ../index.html ; ../carte.html ; ../vehicules.html ; ../armes.html ; ../collectibles.html ; ../progression.html ; ../index.html ; ../vehicules.html ; ../vehicules.html#cat=supercar ; ../comparateur.html?type=vehicules&ids=grotti-furia ; #modele-reel ; https://www.google.com/search?tbm=isch&q=Ferrari%20488%20Pista ; https://fr.wikipedia.org/w/index.php?search=Ferrari%20488%20Pista ; ../vehicules.html#slot=europeen ; ../vehicules.html#cat=supercar ; ../vehicules.html#slot=europeen ; ../carte.html#lieu=g-L1610 ; ../carte.html#lieu=g-L2375 ; ../carte.html#lieu=g-L590 ; ../contact.html ; lamborghini-aventador.html ; pegassi-tempesta.html ; pegassi-zentorno.html ; pegassi-zorrusso.html ; progen-emerus.html ; ubermacht-zion-cabrio.html ; lamborghini-aventador.html ; ../carte.html ; ../vehicules.html ; ../armes.html ; ../collectibles.html ; ../progression.html ; ../calculateurs.html ; ../a-propos.html ; ../contact.html ; ../mentions-legales.html
vehicules/grotti-itali-gto.html,/vehicules/grotti-itali-gto.html,fiche véhicule,Grotti Itali GTO — GTA VI | Leonidakit,https://www.leonidakit.com/vehicules/grotti-itali-gto.html,,../search-index.js ; ../vehicules-data.js ; ../assets-manifest.js ; ../common.js ; ../app.js ; ../fiches.js,../search-index.js ; ../vehicules-data.js ; ../assets-manifest.js,https://fonts.googleapis.com/css2?family=Archivo:wght@400;500;600;700;900&display=swap ; ../style.css ; ../fiches.css ; https://www.leonidakit.com/img/social-card.png,recherche ; galerie ; possession,#main ; ../index.html ; ../carte.html ; ../vehicules.html ; ../armes.html ; ../collectibles.html ; ../progression.html ; ../index.html ; ../vehicules.html ; ../vehicules.html#cat=sport ; ../comparateur.html?type=vehicules&ids=grotti-itali-gto ; #modele-reel ; https://www.google.com/search?tbm=isch&q=Ferrari%20812%20Superfast ; https://fr.wikipedia.org/w/index.php?search=Ferrari%20812%20Superfast ; ../vehicules.html#slot=europeen ; ../vehicules.html#cat=sport ; ../vehicules.html#slot=europeen ; ../carte.html#lieu=g-L1610 ; ../carte.html#lieu=g-L2375 ; ../carte.html#lieu=g-L590 ; ../contact.html ; albany-manana.html ; albany-v-str.html ; annis-elegy-retro-custom.html ; benefactor-schafter-lwb.html ; bravado-banshee.html ; bravado-buffalo.html ; grotti-cheetah-classic.html ; grotti-itali-rsx.html ; ../carte.html ; ../vehicules.html ; ../armes.html ; ../collectibles.html ; ../progression.html ; ../calculateurs.html ; ../a-propos.html ; ../contact.html ; ../mentions-legales.html
vehicules/grotti-itali-rsx.html,/vehicules/grotti-itali-rsx.html,fiche véhicule,Grotti Itali RSX — GTA VI | Leonidakit,https://www.leonidakit.com/vehicules/grotti-itali-rsx.html,,../search-index.js ; ../vehicules-data.js ; ../assets-manifest.js ; ../common.js ; ../app.js ; ../fiches.js,../search-index.js ; ../vehicules-data.js ; ../assets-manifest.js,https://fonts.googleapis.com/css2?family=Archivo:wght@400;500;600;700;900&display=swap ; ../style.css ; ../fiches.css ; https://www.leonidakit.com/img/social-card.png,recherche ; galerie ; possession,#main ; ../index.html ; ../carte.html ; ../vehicules.html ; ../armes.html ; ../collectibles.html ; ../progression.html ; ../index.html ; ../vehicules.html ; ../vehicules.html#cat=sport ; ../comparateur.html?type=vehicules&ids=grotti-itali-rsx ; #modele-reel ; https://www.google.com/search?tbm=isch&q=Ferrari%20SF90%20Stradale ; https://fr.wikipedia.org/w/index.php?search=Ferrari%20SF90%20Stradale ; ../vehicules.html#slot=europeen ; ../vehicules.html#cat=sport ; ../vehicules.html#slot=europeen ; ../carte.html#lieu=g-L1610 ; ../carte.html#lieu=g-L2375 ; ../carte.html#lieu=g-L590 ; ../contact.html ; albany-manana.html ; albany-v-str.html ; annis-elegy-retro-custom.html ; benefactor-schafter-lwb.html ; bravado-banshee.html ; bravado-buffalo.html ; grotti-itali-gto.html ; invetero-coquette.html ; ../carte.html ; ../vehicules.html ; ../armes.html ; ../collectibles.html ; ../progression.html ; ../calculateurs.html ; ../a-propos.html ; ../contact.html ; ../mentions-legales.html
vehicules/highfield-sport-900.html,/vehicules/highfield-sport-900.html,fiche véhicule,Highfield Sport 900 — GTA VI | Leonidakit,https://www.leonidakit.com/vehicules/highfield-sport-900.html,,../search-index.js ; ../vehicules-data.js ; ../assets-manifest.js ; ../common.js ; ../app.js ; ../fiches.js,../search-index.js ; ../vehicules-data.js ; ../assets-manifest.js,https://fonts.googleapis.com/css2?family=Archivo:wght@400;500;600;700;900&display=swap ; ../style.css ; ../fiches.css ; https://www.leonidakit.com/img/social-card.png,recherche ; galerie ; possession,#main ; ../index.html ; ../carte.html ; ../vehicules.html ; ../armes.html ; ../collectibles.html ; ../progression.html ; ../index.html ; ../vehicules.html ; ../vehicules.html#cat=bateau ; ../comparateur.html?type=vehicules&ids=highfield-sport-900 ; #modele-reel ; https://www.google.com/search?tbm=isch&q=Highfield%20Sport%20900 ; https://fr.wikipedia.org/w/index.php?search=Highfield%20Sport%20900 ; ../vehicules.html#cat=bateau ; ../carte.html#lieu=g-L1610 ; ../carte.html#lieu=g-L2375 ; ../carte.html#lieu=g-L590 ; ../contact.html ; airboat-09.html ; btn-delmar.html ; crest-kayak.html ; dinka-jetmax.html ; nagasaki-marquis.html ; lure-predator-l35p.html ; frauscher-1017-gt.html ; horizon-power-catamarans-pc60.html ; ../carte.html ; ../vehicules.html ; ../armes.html ; ../collectibles.html ; ../progression.html ; ../calculateurs.html ; ../a-propos.html ; ../contact.html ; ../mentions-legales.html
vehicules/honda-accord-10.html,/vehicules/honda-accord-10.html,fiche véhicule,Accord — GTA VI | Leonidakit,https://www.leonidakit.com/vehicules/honda-accord-10.html,,../search-index.js ; ../vehicules-data.js ; ../assets-manifest.js ; ../common.js ; ../app.js ; ../fiches.js,../search-index.js ; ../vehicules-data.js ; ../assets-manifest.js,https://fonts.googleapis.com/css2?family=Archivo:wght@400;500;600;700;900&display=swap ; ../style.css ; ../fiches.css ; https://www.leonidakit.com/img/social-card.png,recherche ; galerie ; possession,#main ; ../index.html ; ../carte.html ; ../vehicules.html ; ../armes.html ; ../collectibles.html ; ../progression.html ; ../index.html ; ../vehicules.html ; ../vehicules.html#cat=berline ; ../comparateur.html?type=vehicules&ids=honda-accord-10 ; #modele-reel ; https://www.google.com/search?tbm=isch&q=Honda%20Accord%20dixi%C3%A8me ; https://fr.wikipedia.org/w/index.php?search=Honda%20Accord%20dixi%C3%A8me ; ../vehicules.html#slot=japonais ; ../vehicules.html#cat=berline ; ../vehicules.html#slot=japonais ; ../carte.html#lieu=g-L1610 ; ../carte.html#lieu=g-L2375 ; ../carte.html#lieu=g-L590 ; ../contact.html ; albany-emperor.html ; albany-primo.html ; albany-primo-custom.html ; benefactor-schafter-v12.html ; karin-asterope.html ; karin-asterope-gz.html ; audi-a7-rs7.html ; mercedes-c-w205.html ; ../carte.html ; ../vehicules.html ; ../armes.html ; ../collectibles.html ; ../progression.html ; ../calculateurs.html ; ../a-propos.html ; ../contact.html ; ../mentions-legales.html
vehicules/horizon-power-catamarans-pc60.html,/vehicules/horizon-power-catamarans-pc60.html,fiche véhicule,Horizon PC60 — GTA VI | Leonidakit,https://www.leonidakit.com/vehicules/horizon-power-catamarans-pc60.html,,../search-index.js ; ../vehicules-data.js ; ../assets-manifest.js ; ../common.js ; ../app.js ; ../fiches.js,../search-index.js ; ../vehicules-data.js ; ../assets-manifest.js,https://fonts.googleapis.com/css2?family=Archivo:wght@400;500;600;700;900&display=swap ; ../style.css ; ../fiches.css ; https://www.leonidakit.com/img/social-card.png,recherche ; galerie ; possession,#main ; ../index.html ; ../carte.html ; ../vehicules.html ; ../armes.html ; ../collectibles.html ; ../progression.html ; ../index.html ; ../vehicules.html ; ../vehicules.html#cat=bateau ; ../comparateur.html?type=vehicules&ids=horizon-power-catamarans-pc60 ; #modele-reel ; https://www.google.com/search?tbm=isch&q=Horizon%20Power%20Catamarans%20PC60 ; https://fr.wikipedia.org/w/index.php?search=Horizon%20Power%20Catamarans%20PC60 ; ../vehicules.html#cat=bateau ; ../carte.html#lieu=g-L1610 ; ../carte.html#lieu=g-L2375 ; ../carte.html#lieu=g-L590 ; ../contact.html ; airboat-09.html ; btn-delmar.html ; crest-kayak.html ; dinka-jetmax.html ; nagasaki-marquis.html ; lure-predator-l35p.html ; highfield-sport-900.html ; lurssen-73m-coral-ocean.html ; ../carte.html ; ../vehicules.html ; ../armes.html ; ../collectibles.html ; ../progression.html ; ../calculateurs.html ; ../a-propos.html ; ../contact.html ; ../mentions-legales.html
vehicules/hvy-airtug.html,/vehicules/hvy-airtug.html,fiche véhicule,HVY Airtug — GTA VI | Leonidakit,https://www.leonidakit.com/vehicules/hvy-airtug.html,,../search-index.js ; ../vehicules-data.js ; ../assets-manifest.js ; ../common.js ; ../app.js ; ../fiches.js,../search-index.js ; ../vehicules-data.js ; ../assets-manifest.js,https://fonts.googleapis.com/css2?family=Archivo:wght@400;500;600;700;900&display=swap ; ../style.css ; ../fiches.css ; https://www.leonidakit.com/img/social-card.png,recherche ; galerie ; possession,#main ; ../index.html ; ../carte.html ; ../vehicules.html ; ../armes.html ; ../collectibles.html ; ../progression.html ; ../index.html ; ../vehicules.html ; ../vehicules.html#cat=service ; ../comparateur.html?type=vehicules&ids=hvy-airtug ; #modele-reel ; https://www.google.com/search?tbm=isch&q=Clark%20CT30 ; https://fr.wikipedia.org/w/index.php?search=Clark%20CT30 ; ../vehicules.html#cat=service ; ../carte.html#lieu=g-L1610 ; ../carte.html#lieu=g-L2375 ; ../carte.html#lieu=g-L590 ; ../contact.html ; bravado-bison-1800-police.html ; bravado-buffalo-stx-pursuit.html ; bravado-gauntlet-interceptor.html ; bravado-police-cruiser-buffalo.html ; brute-ambulance.html ; brute-bus.html ; dundreary-police-landstalker-xl.html ; hvy-biff.html ; ../carte.html ; ../vehicules.html ; ../armes.html ; ../collectibles.html ; ../progression.html ; ../calculateurs.html ; ../a-propos.html ; ../contact.html ; ../mentions-legales.html
vehicules/hvy-biff.html,/vehicules/hvy-biff.html,fiche véhicule,HVY Biff — GTA VI | Leonidakit,https://www.leonidakit.com/vehicules/hvy-biff.html,,../search-index.js ; ../vehicules-data.js ; ../assets-manifest.js ; ../common.js ; ../app.js ; ../fiches.js,../search-index.js ; ../vehicules-data.js ; ../assets-manifest.js,https://fonts.googleapis.com/css2?family=Archivo:wght@400;500;600;700;900&display=swap ; ../style.css ; ../fiches.css ; https://www.leonidakit.com/img/social-card.png,recherche ; galerie ; possession,#main ; ../index.html ; ../carte.html ; ../vehicules.html ; ../armes.html ; ../collectibles.html ; ../progression.html ; ../index.html ; ../vehicules.html ; ../vehicules.html#cat=service ; ../comparateur.html?type=vehicules&ids=hvy-biff ; #modele-reel ; https://www.google.com/search?tbm=isch&q=Kenworth%20T800 ; https://fr.wikipedia.org/w/index.php?search=Kenworth%20T800 ; ../vehicules.html#cat=service ; ../carte.html#lieu=g-L1610 ; ../carte.html#lieu=g-L2375 ; ../carte.html#lieu=g-L590 ; ../contact.html ; bravado-bison-1800-police.html ; bravado-buffalo-stx-pursuit.html ; bravado-gauntlet-interceptor.html ; bravado-police-cruiser-buffalo.html ; brute-ambulance.html ; brute-bus.html ; hvy-airtug.html ; hvy-forklift.html ; ../carte.html ; ../vehicules.html ; ../armes.html ; ../collectibles.html ; ../progression.html ; ../calculateurs.html ; ../a-propos.html ; ../contact.html ; ../mentions-legales.html
vehicules/hvy-forklift.html,/vehicules/hvy-forklift.html,fiche véhicule,HVY Forklift — GTA VI | Leonidakit,https://www.leonidakit.com/vehicules/hvy-forklift.html,,../search-index.js ; ../vehicules-data.js ; ../assets-manifest.js ; ../common.js ; ../app.js ; ../fiches.js,../search-index.js ; ../vehicules-data.js ; ../assets-manifest.js,https://fonts.googleapis.com/css2?family=Archivo:wght@400;500;600;700;900&display=swap ; ../style.css ; ../fiches.css ; https://www.leonidakit.com/img/social-card.png,recherche ; galerie ; possession,#main ; ../index.html ; ../carte.html ; ../vehicules.html ; ../armes.html ; ../collectibles.html ; ../progression.html ; ../index.html ; ../vehicules.html ; ../vehicules.html#cat=service ; ../comparateur.html?type=vehicules&ids=hvy-forklift ; #modele-reel ; https://www.google.com/search?tbm=isch&q=Yale%20GLP060VX ; https://fr.wikipedia.org/w/index.php?search=Yale%20GLP060VX ; ../vehicules.html#cat=service ; ../carte.html#lieu=g-L1610 ; ../carte.html#lieu=g-L2375 ; ../carte.html#lieu=g-L590 ; ../contact.html ; bravado-bison-1800-police.html ; bravado-buffalo-stx-pursuit.html ; bravado-gauntlet-interceptor.html ; bravado-police-cruiser-buffalo.html ; brute-ambulance.html ; brute-bus.html ; hvy-biff.html ; jacksheepe-excavator.html ; ../carte.html ; ../vehicules.html ; ../armes.html ; ../collectibles.html ; ../progression.html ; ../calculateurs.html ; ../a-propos.html ; ../contact.html ; ../mentions-legales.html
vehicules/hvy-mixer.html,/vehicules/hvy-mixer.html,fiche véhicule / noindex,Fiche retiree | Leonidakit,https://www.leonidakit.com/vehicules.html,"noindex, follow",,,,,/vehicules.html
vehicules/imponte-phoenix.html,/vehicules/imponte-phoenix.html,fiche véhicule,Imponte Phoenix — GTA VI | Leonidakit,https://www.leonidakit.com/vehicules/imponte-phoenix.html,,../search-index.js ; ../vehicules-data.js ; ../assets-manifest.js ; ../common.js ; ../app.js ; ../fiches.js,../search-index.js ; ../vehicules-data.js ; ../assets-manifest.js,https://fonts.googleapis.com/css2?family=Archivo:wght@400;500;600;700;900&display=swap ; ../style.css ; ../fiches.css ; https://www.leonidakit.com/img/social-card.png,recherche ; galerie ; possession,#main ; ../index.html ; ../carte.html ; ../vehicules.html ; ../armes.html ; ../collectibles.html ; ../progression.html ; ../index.html ; ../vehicules.html ; ../vehicules.html#cat=muscle ; ../comparateur.html?type=vehicules&ids=imponte-phoenix ; #modele-reel ; https://www.google.com/search?tbm=isch&q=Pontiac%20Firebird ; https://fr.wikipedia.org/w/index.php?search=Pontiac%20Firebird ; ../vehicules.html#slot=americain ; ../vehicules.html#cat=muscle ; ../vehicules.html#slot=americain ; ../carte.html#lieu=g-L1610 ; ../carte.html#lieu=g-L2375 ; ../carte.html#lieu=g-L590 ; ../contact.html ; albany-buccaneer.html ; albany-buccaneer-custom.html ; albany-virgo-classic.html ; bravado-buffalo-stx.html ; bravado-gauntlet-classic.html ; vapid-gauntlet-classic-custom.html ; declasse-voodoo.html ; imponte-ruiner.html ; ../carte.html ; ../vehicules.html ; ../armes.html ; ../collectibles.html ; ../progression.html ; ../calculateurs.html ; ../a-propos.html ; ../contact.html ; ../mentions-legales.html
vehicules/imponte-ruiner.html,/vehicules/imponte-ruiner.html,fiche véhicule,Imponte Ruiner — GTA VI | Leonidakit,https://www.leonidakit.com/vehicules/imponte-ruiner.html,,../search-index.js ; ../vehicules-data.js ; ../assets-manifest.js ; ../common.js ; ../app.js ; ../fiches.js,../search-index.js ; ../vehicules-data.js ; ../assets-manifest.js,https://fonts.googleapis.com/css2?family=Archivo:wght@400;500;600;700;900&display=swap ; ../style.css ; ../fiches.css ; https://www.leonidakit.com/img/social-card.png,recherche ; galerie ; possession,#main ; ../index.html ; ../carte.html ; ../vehicules.html ; ../armes.html ; ../collectibles.html ; ../progression.html ; ../index.html ; ../vehicules.html ; ../vehicules.html#cat=muscle ; ../comparateur.html?type=vehicules&ids=imponte-ruiner ; #modele-reel ; https://www.google.com/search?tbm=isch&q=Pontiac%20Trans%20Am%2FChevrolet%20Camaro ; https://fr.wikipedia.org/w/index.php?search=Pontiac%20Trans%20Am%2FChevrolet%20Camaro ; ../vehicules.html#slot=americain ; ../vehicules.html#cat=muscle ; ../vehicules.html#slot=americain ; ../carte.html#lieu=g-L1610 ; ../carte.html#lieu=g-L2375 ; ../carte.html#lieu=g-L590 ; ../contact.html ; albany-buccaneer.html ; albany-buccaneer-custom.html ; albany-virgo-classic.html ; bravado-buffalo-stx.html ; bravado-gauntlet-classic.html ; vapid-gauntlet-classic-custom.html ; imponte-phoenix.html ; sirius.html ; ../carte.html ; ../vehicules.html ; ../armes.html ; ../collectibles.html ; ../progression.html ; ../calculateurs.html ; ../a-propos.html ; ../contact.html ; ../mentions-legales.html
vehicules/international-s-series-semi-truck.html,/vehicules/international-s-series-semi-truck.html,fiche véhicule,S-Series — GTA VI | Leonidakit,https://www.leonidakit.com/vehicules/international-s-series-semi-truck.html,,../search-index.js ; ../vehicules-data.js ; ../assets-manifest.js ; ../common.js ; ../app.js ; ../fiches.js,../search-index.js ; ../vehicules-data.js ; ../assets-manifest.js,https://fonts.googleapis.com/css2?family=Archivo:wght@400;500;600;700;900&display=swap ; ../style.css ; ../fiches.css ; https://www.leonidakit.com/img/social-card.png,recherche ; galerie ; possession,#main ; ../index.html ; ../carte.html ; ../vehicules.html ; ../armes.html ; ../collectibles.html ; ../progression.html ; ../index.html ; ../vehicules.html ; ../vehicules.html#cat=service ; ../comparateur.html?type=vehicules&ids=international-s-series-semi-truck ; #modele-reel ; https://www.google.com/search?tbm=isch&q=International%20S-Series ; https://fr.wikipedia.org/w/index.php?search=International%20S-Series ; ../vehicules.html#cat=service ; ../carte.html#lieu=g-L1610 ; ../carte.html#lieu=g-L2375 ; ../carte.html#lieu=g-L590 ; ../contact.html ; bravado-bison-1800-police.html ; bravado-buffalo-stx-pursuit.html ; bravado-gauntlet-interceptor.html ; bravado-police-cruiser-buffalo.html ; brute-ambulance.html ; brute-bus.html ; chevrolet-kodiak-gmc-topkick.html ; chevrolet-silverado-6500-hd.html ; ../carte.html ; ../vehicules.html ; ../armes.html ; ../collectibles.html ; ../progression.html ; ../calculateurs.html ; ../a-propos.html ; ../contact.html ; ../mentions-legales.html
vehicules/invetero-coquette-d10.html,/vehicules/invetero-coquette-d10.html,fiche véhicule,Invetero Coquette D10 — GTA VI | Leonidakit,https://www.leonidakit.com/vehicules/invetero-coquette-d10.html,,../search-index.js ; ../vehicules-data.js ; ../assets-manifest.js ; ../common.js ; ../app.js ; ../fiches.js,../search-index.js ; ../vehicules-data.js ; ../assets-manifest.js,https://fonts.googleapis.com/css2?family=Archivo:wght@400;500;600;700;900&display=swap ; ../style.css ; ../fiches.css ; https://www.leonidakit.com/img/social-card.png,recherche ; galerie ; possession,#main ; ../index.html ; ../carte.html ; ../vehicules.html ; ../armes.html ; ../collectibles.html ; ../progression.html ; ../index.html ; ../vehicules.html ; ../vehicules.html#cat=sport ; ../comparateur.html?type=vehicules&ids=invetero-coquette-d10 ; #modele-reel ; https://www.google.com/search?tbm=isch&q=Chevrolet%20Corvette%20C8 ; https://fr.wikipedia.org/w/index.php?search=Chevrolet%20Corvette%20C8 ; ../vehicules.html#slot=americain ; ../vehicules.html#cat=sport ; ../vehicules.html#slot=americain ; ../carte.html#lieu=g-L1610 ; ../carte.html#lieu=g-L2375 ; ../carte.html#lieu=g-L590 ; ../contact.html ; albany-manana.html ; albany-v-str.html ; annis-elegy-retro-custom.html ; benefactor-schafter-lwb.html ; bravado-banshee.html ; bravado-buffalo.html ; invetero-coquette.html ; annis-futo.html ; ../carte.html ; ../vehicules.html ; ../armes.html ; ../collectibles.html ; ../progression.html ; ../calculateurs.html ; ../a-propos.html ; ../contact.html ; ../mentions-legales.html
vehicules/invetero-coquette.html,/vehicules/invetero-coquette.html,fiche véhicule,Invetero Coquette — GTA VI | Leonidakit,https://www.leonidakit.com/vehicules/invetero-coquette.html,,../search-index.js ; ../vehicules-data.js ; ../assets-manifest.js ; ../common.js ; ../app.js ; ../fiches.js,../search-index.js ; ../vehicules-data.js ; ../assets-manifest.js,https://fonts.googleapis.com/css2?family=Archivo:wght@400;500;600;700;900&display=swap ; ../style.css ; ../fiches.css ; https://www.leonidakit.com/img/social-card.png,recherche ; galerie ; possession,#main ; ../index.html ; ../carte.html ; ../vehicules.html ; ../armes.html ; ../collectibles.html ; ../progression.html ; ../index.html ; ../vehicules.html ; ../vehicules.html#cat=sport ; ../comparateur.html?type=vehicules&ids=invetero-coquette ; #modele-reel ; https://www.google.com/search?tbm=isch&q=Corvette%20C7 ; https://fr.wikipedia.org/w/index.php?search=Corvette%20C7 ; ../vehicules.html#slot=americain ; ../vehicules.html#cat=sport ; ../vehicules.html#slot=americain ; ../carte.html#lieu=g-L1610 ; ../carte.html#lieu=g-L2375 ; ../carte.html#lieu=g-L590 ; ../contact.html ; albany-manana.html ; albany-v-str.html ; annis-elegy-retro-custom.html ; benefactor-schafter-lwb.html ; bravado-banshee.html ; bravado-buffalo.html ; grotti-itali-rsx.html ; invetero-coquette-d10.html ; ../carte.html ; ../vehicules.html ; ../armes.html ; ../collectibles.html ; ../progression.html ; ../calculateurs.html ; ../a-propos.html ; ../contact.html ; ../mentions-legales.html
vehicules/isuzu-elf-250.html,/vehicules/isuzu-elf-250.html,fiche véhicule,Elf 250 — GTA VI | Leonidakit,https://www.leonidakit.com/vehicules/isuzu-elf-250.html,,../search-index.js ; ../vehicules-data.js ; ../assets-manifest.js ; ../common.js ; ../app.js ; ../fiches.js,../search-index.js ; ../vehicules-data.js ; ../assets-manifest.js,https://fonts.googleapis.com/css2?family=Archivo:wght@400;500;600;700;900&display=swap ; ../style.css ; ../fiches.css ; https://www.leonidakit.com/img/social-card.png,recherche ; galerie ; possession,#main ; ../index.html ; ../carte.html ; ../vehicules.html ; ../armes.html ; ../collectibles.html ; ../progression.html ; ../index.html ; ../vehicules.html ; ../vehicules.html#cat=service ; ../comparateur.html?type=vehicules&ids=isuzu-elf-250 ; #modele-reel ; https://www.google.com/search?tbm=isch&q=Isuzu%20Elf%20250 ; https://fr.wikipedia.org/w/index.php?search=Isuzu%20Elf%20250 ; ../vehicules.html#slot=japonais ; ../vehicules.html#cat=service ; ../vehicules.html#slot=japonais ; ../carte.html#lieu=g-L1610 ; ../carte.html#lieu=g-L2375 ; ../carte.html#lieu=g-L590 ; ../contact.html ; bravado-bison-1800-police.html ; bravado-buffalo-stx-pursuit.html ; bravado-gauntlet-interceptor.html ; bravado-police-cruiser-buffalo.html ; brute-ambulance.html ; brute-bus.html ; dashound.html ; vapid-caracara-lifeguard.html ; ../carte.html ; ../vehicules.html ; ../armes.html ; ../collectibles.html ; ../progression.html ; ../calculateurs.html ; ../a-propos.html ; ../contact.html ; ../mentions-legales.html
vehicules/jacksheepe-excavator.html,/vehicules/jacksheepe-excavator.html,fiche véhicule,Jacksheepe Excavator — GTA VI | Leonidakit,https://www.leonidakit.com/vehicules/jacksheepe-excavator.html,,../search-index.js ; ../vehicules-data.js ; ../assets-manifest.js ; ../common.js ; ../app.js ; ../fiches.js,../search-index.js ; ../vehicules-data.js ; ../assets-manifest.js,https://fonts.googleapis.com/css2?family=Archivo:wght@400;500;600;700;900&display=swap ; ../style.css ; ../fiches.css ; https://www.leonidakit.com/img/social-card.png,recherche ; galerie ; possession,#main ; ../index.html ; ../carte.html ; ../vehicules.html ; ../armes.html ; ../collectibles.html ; ../progression.html ; ../index.html ; ../vehicules.html ; ../vehicules.html#cat=service ; ../comparateur.html?type=vehicules&ids=jacksheepe-excavator ; #modele-reel ; https://www.google.com/search?tbm=isch&q=Liebherr%20R954B%20HD-S ; https://fr.wikipedia.org/w/index.php?search=Liebherr%20R954B%20HD-S ; ../vehicules.html#cat=service ; ../carte.html#lieu=g-L1610 ; ../carte.html#lieu=g-L2375 ; ../carte.html#lieu=g-L590 ; ../contact.html ; bravado-bison-1800-police.html ; bravado-buffalo-stx-pursuit.html ; bravado-gauntlet-interceptor.html ; bravado-police-cruiser-buffalo.html ; brute-ambulance.html ; brute-bus.html ; hvy-forklift.html ; mtl-flatbed.html ; ../carte.html ; ../vehicules.html ; ../armes.html ; ../collectibles.html ; ../progression.html ; ../calculateurs.html ; ../a-propos.html ; ../contact.html ; ../mentions-legales.html
vehicules/jeep-scrambler-cj8.html,/vehicules/jeep-scrambler-cj8.html,fiche véhicule,Scrambler CJ-8 — GTA VI | Leonidakit,https://www.leonidakit.com/vehicules/jeep-scrambler-cj8.html,,../search-index.js ; ../vehicules-data.js ; ../assets-manifest.js ; ../common.js ; ../app.js ; ../fiches.js,../search-index.js ; ../vehicules-data.js ; ../assets-manifest.js,https://fonts.googleapis.com/css2?family=Archivo:wght@400;500;600;700;900&display=swap ; ../style.css ; ../fiches.css ; https://www.leonidakit.com/img/social-card.png,recherche ; galerie ; possession,#main ; ../index.html ; ../carte.html ; ../vehicules.html ; ../armes.html ; ../collectibles.html ; ../progression.html ; ../index.html ; ../vehicules.html ; ../vehicules.html#cat=pickup ; ../comparateur.html?type=vehicules&ids=jeep-scrambler-cj8 ; #modele-reel ; https://www.google.com/search?tbm=isch&q=Jeep%20Scrambler%20CJ-8 ; https://fr.wikipedia.org/w/index.php?search=Jeep%20Scrambler%20CJ-8 ; ../vehicules.html#slot=americain ; ../vehicules.html#cat=pickup ; ../vehicules.html#slot=americain ; ../carte.html#lieu=g-L1610 ; ../carte.html#lieu=g-L2375 ; ../carte.html#lieu=g-L590 ; ../contact.html ; annis-hellion.html ; bravado-bison-900-95-monster-truck.html ; canis-kamacho.html ; declasse-rancher.html ; declasse-walton-l35-stock.html ; declasse-yosemite.html ; ram-3500.html ; swamp-buggy.html ; ../carte.html ; ../vehicules.html ; ../armes.html ; ../collectibles.html ; ../progression.html ; ../calculateurs.html ; ../a-propos.html ; ../contact.html ; ../mentions-legales.html
vehicules/jet.html,/vehicules/jet.html,fiche véhicule,Jet — GTA VI | Leonidakit,https://www.leonidakit.com/vehicules/jet.html,,../search-index.js ; ../vehicules-data.js ; ../assets-manifest.js ; ../common.js ; ../app.js ; ../fiches.js,../search-index.js ; ../vehicules-data.js ; ../assets-manifest.js,https://fonts.googleapis.com/css2?family=Archivo:wght@400;500;600;700;900&display=swap ; ../style.css ; ../fiches.css ; https://www.leonidakit.com/img/social-card.png,recherche ; galerie ; possession,#main ; ../index.html ; ../carte.html ; ../vehicules.html ; ../armes.html ; ../collectibles.html ; ../progression.html ; ../index.html ; ../vehicules.html ; ../vehicules.html#cat=avion ; ../comparateur.html?type=vehicules&ids=jet ; #modele-reel ; https://www.google.com/search?tbm=isch&q=Boeing%20747-400 ; https://fr.wikipedia.org/w/index.php?search=Boeing%20747-400 ; ../vehicules.html#slot=americain ; ../vehicules.html#cat=avion ; ../vehicules.html#slot=americain ; ../carte.html#lieu=g-L1610 ; ../carte.html#lieu=g-L2375 ; ../carte.html#lieu=g-L590 ; ../contact.html ; buckingham-luxor.html ; buckingham-nimbus.html ; buckingham-shamal.html ; jobuilt-mammatus.html ; mammoth-dodo.html ; mammoth-streamer216.html ; mammoth-streamer216.html ; western-company-duster.html ; ../carte.html ; ../vehicules.html ; ../armes.html ; ../collectibles.html ; ../progression.html ; ../calculateurs.html ; ../a-propos.html ; ../contact.html ; ../mentions-legales.html
vehicules/jobuilt-hauler.html,/vehicules/jobuilt-hauler.html,fiche véhicule,JoBuilt Hauler — GTA VI | Leonidakit,https://www.leonidakit.com/vehicules/jobuilt-hauler.html,,../search-index.js ; ../vehicules-data.js ; ../assets-manifest.js ; ../common.js ; ../app.js ; ../fiches.js,../search-index.js ; ../vehicules-data.js ; ../assets-manifest.js,https://fonts.googleapis.com/css2?family=Archivo:wght@400;500;600;700;900&display=swap ; ../style.css ; ../fiches.css ; https://www.leonidakit.com/img/social-card.png,recherche ; galerie ; possession,#main ; ../index.html ; ../carte.html ; ../vehicules.html ; ../armes.html ; ../collectibles.html ; ../progression.html ; ../index.html ; ../vehicules.html ; ../vehicules.html#cat=service ; ../comparateur.html?type=vehicules&ids=jobuilt-hauler ; #modele-reel ; https://www.google.com/search?tbm=isch&q=Tracteurs%20routiers%20Freightliner ; https://fr.wikipedia.org/w/index.php?search=Tracteurs%20routiers%20Freightliner ; ../vehicules.html#slot=americain ; ../vehicules.html#cat=service ; ../vehicules.html#slot=americain ; ../carte.html#lieu=g-L1610 ; ../carte.html#lieu=g-L2375 ; ../carte.html#lieu=g-L590 ; ../contact.html ; bravado-bison-1800-police.html ; bravado-buffalo-stx-pursuit.html ; bravado-gauntlet-interceptor.html ; bravado-police-cruiser-buffalo.html ; brute-ambulance.html ; brute-bus.html ; mtl-flatbed.html ; jobuilt-phantom.html ; ../carte.html ; ../vehicules.html ; ../armes.html ; ../collectibles.html ; ../progression.html ; ../calculateurs.html ; ../a-propos.html ; ../contact.html ; ../mentions-legales.html
vehicules/jobuilt-mammatus.html,/vehicules/jobuilt-mammatus.html,fiche véhicule,JoBuilt Mammatus — GTA VI | Leonidakit,https://www.leonidakit.com/vehicules/jobuilt-mammatus.html,,../search-index.js ; ../vehicules-data.js ; ../assets-manifest.js ; ../common.js ; ../app.js ; ../fiches.js,../search-index.js ; ../vehicules-data.js ; ../assets-manifest.js,https://fonts.googleapis.com/css2?family=Archivo:wght@400;500;600;700;900&display=swap ; ../style.css ; ../fiches.css ; https://www.leonidakit.com/img/social-card.png,recherche ; galerie ; possession,#main ; ../index.html ; ../carte.html ; ../vehicules.html ; ../armes.html ; ../collectibles.html ; ../progression.html ; ../index.html ; ../vehicules.html ; ../vehicules.html#cat=avion ; ../comparateur.html?type=vehicules&ids=jobuilt-mammatus ; #modele-reel ; https://www.google.com/search?tbm=isch&q=Cessna%20172%20Skyhawk ; https://fr.wikipedia.org/w/index.php?search=Cessna%20172%20Skyhawk ; ../vehicules.html#slot=americain ; ../vehicules.html#cat=avion ; ../vehicules.html#slot=americain ; ../carte.html#lieu=g-L1610 ; ../carte.html#lieu=g-L2375 ; ../carte.html#lieu=g-L590 ; ../contact.html ; buckingham-luxor.html ; buckingham-nimbus.html ; buckingham-shamal.html ; mammoth-dodo.html ; mammoth-streamer216.html ; jet.html ; buckingham-shamal.html ; mammoth-dodo.html ; ../carte.html ; ../vehicules.html ; ../armes.html ; ../collectibles.html ; ../progression.html ; ../calculateurs.html ; ../a-propos.html ; ../contact.html ; ../mentions-legales.html
vehicules/jobuilt-phantom-custom.html,/vehicules/jobuilt-phantom-custom.html,fiche véhicule,JoBuilt Phantom Custom — GTA VI | Leonidakit,https://www.leonidakit.com/vehicules/jobuilt-phantom-custom.html,,../search-index.js ; ../vehicules-data.js ; ../assets-manifest.js ; ../common.js ; ../app.js ; ../fiches.js,../search-index.js ; ../vehicules-data.js ; ../assets-manifest.js,https://fonts.googleapis.com/css2?family=Archivo:wght@400;500;600;700;900&display=swap ; ../style.css ; ../fiches.css ; https://www.leonidakit.com/img/social-card.png,recherche ; galerie ; possession,#main ; ../index.html ; ../carte.html ; ../vehicules.html ; ../armes.html ; ../collectibles.html ; ../progression.html ; ../index.html ; ../vehicules.html ; ../vehicules.html#cat=service ; ../comparateur.html?type=vehicules&ids=jobuilt-phantom-custom ; #modele-reel ; https://www.google.com/search?tbm=isch&q=GMC%20General%201984%20%C3%A0%20cabine%20couchette%20car%C3%A9n%C3%A9e ; https://fr.wikipedia.org/w/index.php?search=GMC%20General%201984%20%C3%A0%20cabine%20couchette%20car%C3%A9n%C3%A9e ; ../vehicules.html#slot=americain ; ../vehicules.html#cat=service ; ../vehicules.html#slot=americain ; ../carte.html#lieu=g-L1610 ; ../carte.html#lieu=g-L2375 ; ../carte.html#lieu=g-L590 ; ../contact.html ; bravado-bison-1800-police.html ; bravado-buffalo-stx-pursuit.html ; bravado-gauntlet-interceptor.html ; bravado-police-cruiser-buffalo.html ; brute-ambulance.html ; brute-bus.html ; jobuilt-phantom.html ; jobuilt-rubble.html ; ../carte.html ; ../vehicules.html ; ../armes.html ; ../collectibles.html ; ../progression.html ; ../calculateurs.html ; ../a-propos.html ; ../contact.html ; ../mentions-legales.html
vehicules/jobuilt-phantom.html,/vehicules/jobuilt-phantom.html,fiche véhicule,JoBuilt Phantom — GTA VI | Leonidakit,https://www.leonidakit.com/vehicules/jobuilt-phantom.html,,../search-index.js ; ../vehicules-data.js ; ../assets-manifest.js ; ../common.js ; ../app.js ; ../fiches.js,../search-index.js ; ../vehicules-data.js ; ../assets-manifest.js,https://fonts.googleapis.com/css2?family=Archivo:wght@400;500;600;700;900&display=swap ; ../style.css ; ../fiches.css ; https://www.leonidakit.com/img/social-card.png,recherche ; galerie ; possession,#main ; ../index.html ; ../carte.html ; ../vehicules.html ; ../armes.html ; ../collectibles.html ; ../progression.html ; ../index.html ; ../vehicules.html ; ../vehicules.html#cat=service ; ../comparateur.html?type=vehicules&ids=jobuilt-phantom ; #modele-reel ; https://www.google.com/search?tbm=isch&q=Peterbilt%20359%20EXHD ; https://fr.wikipedia.org/w/index.php?search=Peterbilt%20359%20EXHD ; ../vehicules.html#cat=service ; ../carte.html#lieu=g-L1610 ; ../carte.html#lieu=g-L2375 ; ../carte.html#lieu=g-L590 ; ../contact.html ; bravado-bison-1800-police.html ; bravado-buffalo-stx-pursuit.html ; bravado-gauntlet-interceptor.html ; bravado-police-cruiser-buffalo.html ; brute-ambulance.html ; brute-bus.html ; jobuilt-hauler.html ; jobuilt-phantom-custom.html ; ../carte.html ; ../vehicules.html ; ../armes.html ; ../collectibles.html ; ../progression.html ; ../calculateurs.html ; ../a-propos.html ; ../contact.html ; ../mentions-legales.html
vehicules/jobuilt-rubble.html,/vehicules/jobuilt-rubble.html,fiche véhicule,JoBuilt Rubble — GTA VI | Leonidakit,https://www.leonidakit.com/vehicules/jobuilt-rubble.html,,../search-index.js ; ../vehicules-data.js ; ../assets-manifest.js ; ../common.js ; ../app.js ; ../fiches.js,../search-index.js ; ../vehicules-data.js ; ../assets-manifest.js,https://fonts.googleapis.com/css2?family=Archivo:wght@400;500;600;700;900&display=swap ; ../style.css ; ../fiches.css ; https://www.leonidakit.com/img/social-card.png,recherche ; galerie ; possession,#main ; ../index.html ; ../carte.html ; ../vehicules.html ; ../armes.html ; ../collectibles.html ; ../progression.html ; ../index.html ; ../vehicules.html ; ../vehicules.html#cat=service ; ../comparateur.html?type=vehicules&ids=jobuilt-rubble ; #modele-reel ; https://www.google.com/search?tbm=isch&q=Peterbilt%20359%20EXHD ; https://fr.wikipedia.org/w/index.php?search=Peterbilt%20359%20EXHD ; ../vehicules.html#cat=service ; ../carte.html#lieu=g-L1610 ; ../carte.html#lieu=g-L2375 ; ../carte.html#lieu=g-L590 ; ../contact.html ; bravado-bison-1800-police.html ; bravado-buffalo-stx-pursuit.html ; bravado-gauntlet-interceptor.html ; bravado-police-cruiser-buffalo.html ; brute-ambulance.html ; brute-bus.html ; jobuilt-phantom-custom.html ; maibatsu-mule.html ; ../carte.html ; ../vehicules.html ; ../armes.html ; ../collectibles.html ; ../progression.html ; ../calculateurs.html ; ../a-propos.html ; ../contact.html ; ../mentions-legales.html
vehicules/karin-asterope-gz.html,/vehicules/karin-asterope-gz.html,fiche véhicule,Karin Asterope GZ — GTA VI | Leonidakit,https://www.leonidakit.com/vehicules/karin-asterope-gz.html,,../search-index.js ; ../vehicules-data.js ; ../assets-manifest.js ; ../common.js ; ../app.js ; ../fiches.js,../search-index.js ; ../vehicules-data.js ; ../assets-manifest.js,https://fonts.googleapis.com/css2?family=Archivo:wght@400;500;600;700;900&display=swap ; ../style.css ; ../fiches.css ; https://www.leonidakit.com/img/social-card.png,recherche ; galerie ; possession,#main ; ../index.html ; ../carte.html ; ../vehicules.html ; ../armes.html ; ../collectibles.html ; ../progression.html ; ../index.html ; ../vehicules.html ; ../vehicules.html#cat=berline ; ../comparateur.html?type=vehicules&ids=karin-asterope-gz ; #modele-reel ; https://www.google.com/search?tbm=isch&q=Toyota%20Camry%20(XV30) ; https://fr.wikipedia.org/w/index.php?search=Toyota%20Camry%20(XV30) ; ../vehicules.html#slot=japonais ; ../vehicules.html#cat=berline ; ../vehicules.html#slot=japonais ; ../carte.html#lieu=g-L1610 ; ../carte.html#lieu=g-L2375 ; ../carte.html#lieu=g-L590 ; ../contact.html ; albany-emperor.html ; albany-primo.html ; albany-primo-custom.html ; benefactor-schafter-v12.html ; karin-asterope.html ; lampadati-feroci.html ; karin-asterope.html ; lampadati-feroci.html ; ../carte.html ; ../vehicules.html ; ../armes.html ; ../collectibles.html ; ../progression.html ; ../calculateurs.html ; ../a-propos.html ; ../contact.html ; ../mentions-legales.html
vehicules/karin-asterope.html,/vehicules/karin-asterope.html,fiche véhicule,Karin Asterope — GTA VI | Leonidakit,https://www.leonidakit.com/vehicules/karin-asterope.html,,../search-index.js ; ../vehicules-data.js ; ../assets-manifest.js ; ../common.js ; ../app.js ; ../fiches.js,../search-index.js ; ../vehicules-data.js ; ../assets-manifest.js,https://fonts.googleapis.com/css2?family=Archivo:wght@400;500;600;700;900&display=swap ; ../style.css ; ../fiches.css ; https://www.leonidakit.com/img/social-card.png,recherche ; galerie ; possession,#main ; ../index.html ; ../carte.html ; ../vehicules.html ; ../armes.html ; ../collectibles.html ; ../progression.html ; ../index.html ; ../vehicules.html ; ../vehicules.html#cat=berline ; ../comparateur.html?type=vehicules&ids=karin-asterope ; #modele-reel ; https://www.google.com/search?tbm=isch&q=Toyota%20Camry%20pr%C3%A9c%C3%A9dente ; https://fr.wikipedia.org/w/index.php?search=Toyota%20Camry%20pr%C3%A9c%C3%A9dente ; ../vehicules.html#slot=japonais ; ../vehicules.html#cat=berline ; ../vehicules.html#slot=japonais ; ../carte.html#lieu=g-L1610 ; ../carte.html#lieu=g-L2375 ; ../carte.html#lieu=g-L590 ; ../contact.html ; albany-emperor.html ; albany-primo.html ; albany-primo-custom.html ; benefactor-schafter-v12.html ; karin-asterope-gz.html ; lampadati-feroci.html ; benefactor-schafter-v12.html ; karin-asterope-gz.html ; ../carte.html ; ../vehicules.html ; ../armes.html ; ../collectibles.html ; ../progression.html ; ../calculateurs.html ; ../a-propos.html ; ../contact.html ; ../mentions-legales.html
vehicules/karin-intruder.html,/vehicules/karin-intruder.html,fiche véhicule,Karin Intruder — GTA VI | Leonidakit,https://www.leonidakit.com/vehicules/karin-intruder.html,,../search-index.js ; ../vehicules-data.js ; ../assets-manifest.js ; ../common.js ; ../app.js ; ../fiches.js,../search-index.js ; ../vehicules-data.js ; ../assets-manifest.js,https://fonts.googleapis.com/css2?family=Archivo:wght@400;500;600;700;900&display=swap ; ../style.css ; ../fiches.css ; https://www.leonidakit.com/img/social-card.png,recherche ; galerie ; possession,#main ; ../index.html ; ../carte.html ; ../vehicules.html ; ../armes.html ; ../collectibles.html ; ../progression.html ; ../index.html ; ../vehicules.html ; ../vehicules.html#cat=berline ; ../comparateur.html?type=vehicules&ids=karin-intruder ; #modele-reel ; https://www.google.com/search?tbm=isch&q=Infiniti%20Q45%2FI30 ; https://fr.wikipedia.org/w/index.php?search=Infiniti%20Q45%2FI30 ; ../vehicules.html#slot=japonais ; ../vehicules.html#cat=berline ; ../vehicules.html#slot=japonais ; ../carte.html#lieu=g-L1610 ; ../carte.html#lieu=g-L2375 ; ../carte.html#lieu=g-L590 ; ../contact.html ; albany-emperor.html ; albany-primo.html ; albany-primo-custom.html ; benefactor-schafter-v12.html ; karin-asterope.html ; karin-asterope-gz.html ; lampadati-feroci.html ; audi-a7-rs7.html ; ../carte.html ; ../vehicules.html ; ../armes.html ; ../collectibles.html ; ../progression.html ; ../calculateurs.html ; ../a-propos.html ; ../contact.html ; ../mentions-legales.html
vehicules/karin-sultan-rs.html,/vehicules/karin-sultan-rs.html,fiche véhicule,Karin Sultan RS — GTA VI | Leonidakit,https://www.leonidakit.com/vehicules/karin-sultan-rs.html,,../search-index.js ; ../vehicules-data.js ; ../assets-manifest.js ; ../common.js ; ../app.js ; ../fiches.js,../search-index.js ; ../vehicules-data.js ; ../assets-manifest.js,https://fonts.googleapis.com/css2?family=Archivo:wght@400;500;600;700;900&display=swap ; ../style.css ; ../fiches.css ; https://www.leonidakit.com/img/social-card.png,recherche ; galerie ; possession,#main ; ../index.html ; ../carte.html ; ../vehicules.html ; ../armes.html ; ../collectibles.html ; ../progression.html ; ../index.html ; ../vehicules.html ; ../vehicules.html#cat=sport ; ../comparateur.html?type=vehicules&ids=karin-sultan-rs ; #modele-reel ; https://www.google.com/search?tbm=isch&q=Subaru%20Impreza%20WRX%20STI ; https://fr.wikipedia.org/w/index.php?search=Subaru%20Impreza%20WRX%20STI ; ../vehicules.html#slot=japonais ; ../vehicules.html#cat=sport ; ../vehicules.html#slot=japonais ; ../carte.html#lieu=g-L1610 ; ../carte.html#lieu=g-L2375 ; ../carte.html#lieu=g-L590 ; ../contact.html ; albany-manana.html ; albany-v-str.html ; annis-elegy-retro-custom.html ; benefactor-schafter-lwb.html ; bravado-banshee.html ; bravado-buffalo.html ; karin-sultan.html ; maibatsu-penumbra.html ; ../carte.html ; ../vehicules.html ; ../armes.html ; ../collectibles.html ; ../progression.html ; ../calculateurs.html ; ../a-propos.html ; ../contact.html ; ../mentions-legales.html
vehicules/karin-sultan.html,/vehicules/karin-sultan.html,fiche véhicule,Karin Sultan — GTA VI | Leonidakit,https://www.leonidakit.com/vehicules/karin-sultan.html,,../search-index.js ; ../vehicules-data.js ; ../assets-manifest.js ; ../common.js ; ../app.js ; ../fiches.js,../search-index.js ; ../vehicules-data.js ; ../assets-manifest.js,https://fonts.googleapis.com/css2?family=Archivo:wght@400;500;600;700;900&display=swap ; ../style.css ; ../fiches.css ; https://www.leonidakit.com/img/social-card.png,recherche ; galerie ; possession,#main ; ../index.html ; ../carte.html ; ../vehicules.html ; ../armes.html ; ../collectibles.html ; ../progression.html ; ../index.html ; ../vehicules.html ; ../vehicules.html#cat=sport ; ../comparateur.html?type=vehicules&ids=karin-sultan ; #modele-reel ; https://www.google.com/search?tbm=isch&q=Lexus%20IS ; https://fr.wikipedia.org/w/index.php?search=Lexus%20IS ; ../vehicules.html#slot=japonais ; ../vehicules.html#cat=sport ; ../vehicules.html#slot=japonais ; ../carte.html#lieu=g-L1610 ; ../carte.html#lieu=g-L2375 ; ../carte.html#lieu=g-L590 ; ../contact.html ; albany-manana.html ; albany-v-str.html ; annis-elegy-retro-custom.html ; benefactor-schafter-lwb.html ; bravado-banshee.html ; bravado-buffalo.html ; annis-futo.html ; karin-sultan-rs.html ; ../carte.html ; ../vehicules.html ; ../armes.html ; ../collectibles.html ; ../progression.html ; ../calculateurs.html ; ../a-propos.html ; ../contact.html ; ../mentions-legales.html
vehicules/karin-vivanite.html,/vehicules/karin-vivanite.html,fiche véhicule,Karin Vivanite — GTA VI | Leonidakit,https://www.leonidakit.com/vehicules/karin-vivanite.html,,../search-index.js ; ../vehicules-data.js ; ../assets-manifest.js ; ../common.js ; ../app.js ; ../fiches.js,../search-index.js ; ../vehicules-data.js ; ../assets-manifest.js,https://fonts.googleapis.com/css2?family=Archivo:wght@400;500;600;700;900&display=swap ; ../style.css ; ../fiches.css ; https://www.leonidakit.com/img/social-card.png,recherche ; galerie ; possession,#main ; ../index.html ; ../carte.html ; ../vehicules.html ; ../armes.html ; ../collectibles.html ; ../progression.html ; ../index.html ; ../vehicules.html ; ../vehicules.html#cat=suv ; ../comparateur.html?type=vehicules&ids=karin-vivanite ; #modele-reel ; https://www.google.com/search?tbm=isch&q=Toyota%20Sienna ; https://fr.wikipedia.org/w/index.php?search=Toyota%20Sienna ; ../vehicules.html#slot=japonais ; ../vehicules.html#cat=suv ; ../vehicules.html#slot=japonais ; ../carte.html#lieu=g-L1610 ; ../carte.html#lieu=g-L2375 ; ../carte.html#lieu=g-L590 ; ../contact.html ; albany-cavalcade-xl.html ; benefactor-dubsta.html ; benefactor-xls.html ; bravado-dorado.html ; enus-jubilee.html ; canis-mesa.html ; vapid-contender.html ; lampadati-novak.html ; ../carte.html ; ../vehicules.html ; ../armes.html ; ../collectibles.html ; ../progression.html ; ../calculateurs.html ; ../a-propos.html ; ../contact.html ; ../mentions-legales.html
vehicules/kellison-j4.html,/vehicules/kellison-j4.html,fiche véhicule,Kellison J4 — GTA VI | Leonidakit,https://www.leonidakit.com/vehicules/kellison-j4.html,,../search-index.js ; ../vehicules-data.js ; ../assets-manifest.js ; ../common.js ; ../app.js ; ../fiches.js,../search-index.js ; ../vehicules-data.js ; ../assets-manifest.js,https://fonts.googleapis.com/css2?family=Archivo:wght@400;500;600;700;900&display=swap ; ../style.css ; ../fiches.css ; https://www.leonidakit.com/img/social-card.png,recherche ; galerie ; possession,#main ; ../index.html ; ../carte.html ; ../vehicules.html ; ../armes.html ; ../collectibles.html ; ../progression.html ; ../index.html ; ../vehicules.html ; ../vehicules.html#cat=sport ; ../comparateur.html?type=vehicules&ids=kellison-j4 ; #modele-reel ; https://www.google.com/search?tbm=isch&q=Kellison%20J4 ; https://fr.wikipedia.org/w/index.php?search=Kellison%20J4 ; ../vehicules.html#cat=sport ; ../carte.html#lieu=g-L1610 ; ../carte.html#lieu=g-L2375 ; ../carte.html#lieu=g-L590 ; ../contact.html ; albany-manana.html ; albany-v-str.html ; annis-elegy-retro-custom.html ; benefactor-schafter-lwb.html ; bravado-banshee.html ; bravado-buffalo.html ; cadillac-eldorado-1959.html ; lincoln-mark-viii.html ; ../carte.html ; ../vehicules.html ; ../armes.html ; ../collectibles.html ; ../progression.html ; ../calculateurs.html ; ../a-propos.html ; ../contact.html ; ../mentions-legales.html
vehicules/lamborghini-aventador.html,/vehicules/lamborghini-aventador.html,fiche véhicule,Aventador — GTA VI | Leonidakit,https://www.leonidakit.com/vehicules/lamborghini-aventador.html,,../search-index.js ; ../vehicules-data.js ; ../assets-manifest.js ; ../common.js ; ../app.js ; ../fiches.js,../search-index.js ; ../vehicules-data.js ; ../assets-manifest.js,https://fonts.googleapis.com/css2?family=Archivo:wght@400;500;600;700;900&display=swap ; ../style.css ; ../fiches.css ; https://www.leonidakit.com/img/social-card.png,recherche ; galerie ; possession,#main ; ../index.html ; ../carte.html ; ../vehicules.html ; ../armes.html ; ../collectibles.html ; ../progression.html ; ../index.html ; ../vehicules.html ; ../vehicules.html#cat=supercar ; ../comparateur.html?type=vehicules&ids=lamborghini-aventador ; #modele-reel ; https://www.google.com/search?tbm=isch&q=Lamborghini%20Aventador ; https://fr.wikipedia.org/w/index.php?search=Lamborghini%20Aventador ; ../vehicules.html#slot=europeen ; ../vehicules.html#cat=supercar ; ../vehicules.html#slot=europeen ; ../carte.html#lieu=g-L1610 ; ../carte.html#lieu=g-L2375 ; ../carte.html#lieu=g-L590 ; ../contact.html ; grotti-furia.html ; pegassi-tempesta.html ; pegassi-zentorno.html ; pegassi-zorrusso.html ; progen-emerus.html ; grotti-furia.html ; pegassi-tempesta.html ; ../carte.html ; ../vehicules.html ; ../armes.html ; ../collectibles.html ; ../progression.html ; ../calculateurs.html ; ../a-propos.html ; ../contact.html ; ../mentions-legales.html
vehicules/lampadati-feroci.html,/vehicules/lampadati-feroci.html,fiche véhicule,Karin Feroci — GTA VI | Leonidakit,https://www.leonidakit.com/vehicules/lampadati-feroci.html,,../search-index.js ; ../vehicules-data.js ; ../assets-manifest.js ; ../common.js ; ../app.js ; ../fiches.js,../search-index.js ; ../vehicules-data.js ; ../assets-manifest.js,https://fonts.googleapis.com/css2?family=Archivo:wght@400;500;600;700;900&display=swap ; ../style.css ; ../fiches.css ; https://www.leonidakit.com/img/social-card.png,recherche ; galerie ; possession,#main ; ../index.html ; ../carte.html ; ../vehicules.html ; ../armes.html ; ../collectibles.html ; ../progression.html ; ../index.html ; ../vehicules.html ; ../vehicules.html#cat=berline ; ../comparateur.html?type=vehicules&ids=lampadati-feroci ; #modele-reel ; https://www.google.com/search?tbm=isch&q=Lexus%20GS%20300 ; https://fr.wikipedia.org/w/index.php?search=Lexus%20GS%20300 ; ../vehicules.html#slot=japonais ; ../vehicules.html#cat=berline ; ../vehicules.html#slot=japonais ; ../carte.html#lieu=g-L1610 ; ../carte.html#lieu=g-L2375 ; ../carte.html#lieu=g-L590 ; ../contact.html ; albany-emperor.html ; albany-primo.html ; albany-primo-custom.html ; benefactor-schafter-v12.html ; karin-asterope.html ; karin-asterope-gz.html ; karin-asterope-gz.html ; karin-intruder.html ; ../carte.html ; ../vehicules.html ; ../armes.html ; ../collectibles.html ; ../progression.html ; ../calculateurs.html ; ../a-propos.html ; ../contact.html ; ../mentions-legales.html
vehicules/lampadati-novak.html,/vehicules/lampadati-novak.html,fiche véhicule,Lampadati Novak — GTA VI | Leonidakit,https://www.leonidakit.com/vehicules/lampadati-novak.html,,../search-index.js ; ../vehicules-data.js ; ../assets-manifest.js ; ../common.js ; ../app.js ; ../fiches.js,../search-index.js ; ../vehicules-data.js ; ../assets-manifest.js,https://fonts.googleapis.com/css2?family=Archivo:wght@400;500;600;700;900&display=swap ; ../style.css ; ../fiches.css ; https://www.leonidakit.com/img/social-card.png,recherche ; galerie ; possession,#main ; ../index.html ; ../carte.html ; ../vehicules.html ; ../armes.html ; ../collectibles.html ; ../progression.html ; ../index.html ; ../vehicules.html ; ../vehicules.html#cat=suv ; ../comparateur.html?type=vehicules&ids=lampadati-novak ; #modele-reel ; https://www.google.com/search?tbm=isch&q=Maserati%20Levante ; https://fr.wikipedia.org/w/index.php?search=Maserati%20Levante ; ../vehicules.html#slot=europeen ; ../vehicules.html#cat=suv ; ../vehicules.html#slot=europeen ; ../carte.html#lieu=g-L1610 ; ../carte.html#lieu=g-L2375 ; ../carte.html#lieu=g-L590 ; ../contact.html ; albany-cavalcade-xl.html ; benefactor-dubsta.html ; benefactor-xls.html ; bravado-dorado.html ; enus-jubilee.html ; canis-mesa.html ; karin-vivanite.html ; mammoth-patriot-mil-spec.html ; ../carte.html ; ../vehicules.html ; ../armes.html ; ../collectibles.html ; ../progression.html ; ../calculateurs.html ; ../a-propos.html ; ../contact.html ; ../mentions-legales.html
vehicules/lcc-avarus.html,/vehicules/lcc-avarus.html,fiche véhicule,LCC Avarus — GTA VI | Leonidakit,https://www.leonidakit.com/vehicules/lcc-avarus.html,,../search-index.js ; ../vehicules-data.js ; ../assets-manifest.js ; ../common.js ; ../app.js ; ../fiches.js,../search-index.js ; ../vehicules-data.js ; ../assets-manifest.js,https://fonts.googleapis.com/css2?family=Archivo:wght@400;500;600;700;900&display=swap ; ../style.css ; ../fiches.css ; https://www.leonidakit.com/img/social-card.png,recherche ; galerie ; possession,#main ; ../index.html ; ../carte.html ; ../vehicules.html ; ../armes.html ; ../collectibles.html ; ../progression.html ; ../index.html ; ../vehicules.html ; ../vehicules.html#cat=moto ; ../comparateur.html?type=vehicules&ids=lcc-avarus ; #modele-reel ; https://www.google.com/search?tbm=isch&q=Generica%20mostly-naked%20chopper ; https://fr.wikipedia.org/w/index.php?search=Generica%20mostly-naked%20chopper ; ../vehicules.html#cat=moto ; ../carte.html#lieu=g-L1610 ; ../carte.html#lieu=g-L2375 ; ../carte.html#lieu=g-L590 ; ../contact.html ; dinka-double-t.html ; dinka-enduro.html ; maibatsu-manchez.html ; maibatsu-sanchez.html ; yamaha-bws-125.html ; suzuki-gsx-r1000.html ; dinka-enduro.html ; maibatsu-manchez.html ; ../carte.html ; ../vehicules.html ; ../armes.html ; ../collectibles.html ; ../progression.html ; ../calculateurs.html ; ../a-propos.html ; ../contact.html ; ../mentions-legales.html
vehicules/lincoln-mark-viii.html,/vehicules/lincoln-mark-viii.html,fiche véhicule,Mark VIII — GTA VI | Leonidakit,https://www.leonidakit.com/vehicules/lincoln-mark-viii.html,,../search-index.js ; ../vehicules-data.js ; ../assets-manifest.js ; ../common.js ; ../app.js ; ../fiches.js,../search-index.js ; ../vehicules-data.js ; ../assets-manifest.js,https://fonts.googleapis.com/css2?family=Archivo:wght@400;500;600;700;900&display=swap ; ../style.css ; ../fiches.css ; https://www.leonidakit.com/img/social-card.png,recherche ; galerie ; possession,#main ; ../index.html ; ../carte.html ; ../vehicules.html ; ../armes.html ; ../collectibles.html ; ../progression.html ; ../index.html ; ../vehicules.html ; ../vehicules.html#cat=sport ; ../comparateur.html?type=vehicules&ids=lincoln-mark-viii ; #modele-reel ; https://www.google.com/search?tbm=isch&q=Lincoln%20Mark%20VIII ; https://fr.wikipedia.org/w/index.php?search=Lincoln%20Mark%20VIII ; ../vehicules.html#slot=americain ; ../vehicules.html#cat=sport ; ../vehicules.html#slot=americain ; ../carte.html#lieu=g-L1610 ; ../carte.html#lieu=g-L2375 ; ../carte.html#lieu=g-L590 ; ../contact.html ; albany-manana.html ; albany-v-str.html ; annis-elegy-retro-custom.html ; benefactor-schafter-lwb.html ; bravado-banshee.html ; bravado-buffalo.html ; kellison-j4.html ; buick-reatta-convertible.html ; ../carte.html ; ../vehicules.html ; ../armes.html ; ../collectibles.html ; ../progression.html ; ../calculateurs.html ; ../a-propos.html ; ../contact.html ; ../mentions-legales.html
vehicules/lombike.html,/vehicules/lombike.html,fiche véhicule,LomBike — GTA VI | Leonidakit,https://www.leonidakit.com/vehicules/lombike.html,,../search-index.js ; ../vehicules-data.js ; ../assets-manifest.js ; ../common.js ; ../app.js ; ../fiches.js,../search-index.js ; ../vehicules-data.js ; ../assets-manifest.js,https://fonts.googleapis.com/css2?family=Archivo:wght@400;500;600;700;900&display=swap ; ../style.css ; ../fiches.css ; https://www.leonidakit.com/img/social-card.png,recherche ; galerie ; possession,#main ; ../index.html ; ../carte.html ; ../vehicules.html ; ../armes.html ; ../collectibles.html ; ../progression.html ; ../index.html ; ../vehicules.html ; ../vehicules.html#cat=divers ; ../comparateur.html?type=vehicules&ids=lombike ; #modele-reel ; https://www.google.com/search?tbm=isch&q=CitiBike%20Miami%20E-Bikes ; https://fr.wikipedia.org/w/index.php?search=CitiBike%20Miami%20E-Bikes ; ../vehicules.html#cat=divers ; ../carte.html#lieu=g-L1610 ; ../carte.html#lieu=g-L2375 ; ../carte.html#lieu=g-L590 ; ../contact.html ; endurex-race-bike.html ; bmx.html ; cruiser.html ; monorail-de-vice-city.html ; scorcher.html ; electric-scooter.html ; cruiser.html ; monorail-de-vice-city.html ; ../carte.html ; ../vehicules.html ; ../armes.html ; ../collectibles.html ; ../progression.html ; ../calculateurs.html ; ../a-propos.html ; ../contact.html ; ../mentions-legales.html
vehicules/lure-predator-l35p-police.html,/vehicules/lure-predator-l35p-police.html,fiche véhicule,Lure Predator L35P de police — GTA VI | Leonidakit,https://www.leonidakit.com/vehicules/lure-predator-l35p-police.html,,../search-index.js ; ../vehicules-data.js ; ../assets-manifest.js ; ../common.js ; ../app.js ; ../fiches.js,../search-index.js ; ../vehicules-data.js ; ../assets-manifest.js,https://fonts.googleapis.com/css2?family=Archivo:wght@400;500;600;700;900&display=swap ; ../style.css ; ../fiches.css ; https://www.leonidakit.com/img/social-card.png,recherche ; galerie ; possession,#main ; ../index.html ; ../carte.html ; ../vehicules.html ; ../armes.html ; ../collectibles.html ; ../progression.html ; ../index.html ; ../vehicules.html ; ../vehicules.html#cat=bateau ; ../comparateur.html?type=vehicules&ids=lure-predator-l35p-police ; #modele-reel ; https://www.google.com/search?tbm=isch&q=Contender%2025T ; https://fr.wikipedia.org/w/index.php?search=Contender%2025T ; ../vehicules.html#slot=americain ; ../vehicules.html#cat=bateau ; ../vehicules.html#slot=americain ; ../carte.html#lieu=g-L1610 ; ../carte.html#lieu=g-L2375 ; ../carte.html#lieu=g-L590 ; ../contact.html ; airboat-09.html ; btn-delmar.html ; crest-kayak.html ; dinka-jetmax.html ; nagasaki-marquis.html ; lure-predator-l35p.html ; lure-predator-l35p.html ; lure-predator-s23.html ; ../carte.html ; ../vehicules.html ; ../armes.html ; ../collectibles.html ; ../progression.html ; ../calculateurs.html ; ../a-propos.html ; ../contact.html ; ../mentions-legales.html
vehicules/lure-predator-l35p.html,/vehicules/lure-predator-l35p.html,fiche véhicule,Lure Predator L35P — GTA VI | Leonidakit,https://www.leonidakit.com/vehicules/lure-predator-l35p.html,,../search-index.js ; ../vehicules-data.js ; ../assets-manifest.js ; ../common.js ; ../app.js ; ../fiches.js,../search-index.js ; ../vehicules-data.js ; ../assets-manifest.js,https://fonts.googleapis.com/css2?family=Archivo:wght@400;500;600;700;900&display=swap ; ../style.css ; ../fiches.css ; https://www.leonidakit.com/img/social-card.png,recherche ; galerie ; possession,#main ; ../index.html ; ../carte.html ; ../vehicules.html ; ../armes.html ; ../collectibles.html ; ../progression.html ; ../index.html ; ../vehicules.html ; ../vehicules.html#cat=bateau ; ../comparateur.html?type=vehicules&ids=lure-predator-l35p ; #modele-reel ; https://www.google.com/search?tbm=isch&q=Contender%2025T ; https://fr.wikipedia.org/w/index.php?search=Contender%2025T ; ../vehicules.html#slot=americain ; ../vehicules.html#cat=bateau ; ../vehicules.html#slot=americain ; ../carte.html#lieu=g-L1610 ; ../carte.html#lieu=g-L2375 ; ../carte.html#lieu=g-L590 ; ../contact.html ; airboat-09.html ; btn-delmar.html ; crest-kayak.html ; dinka-jetmax.html ; nagasaki-marquis.html ; lure-predator-l35p-police.html ; nagasaki-marquis.html ; lure-predator-l35p-police.html ; ../carte.html ; ../vehicules.html ; ../armes.html ; ../collectibles.html ; ../progression.html ; ../calculateurs.html ; ../a-propos.html ; ../contact.html ; ../mentions-legales.html
vehicules/lure-predator-s23.html,/vehicules/lure-predator-s23.html,fiche véhicule,Lure Predator S23 — GTA VI | Leonidakit,https://www.leonidakit.com/vehicules/lure-predator-s23.html,,../search-index.js ; ../vehicules-data.js ; ../assets-manifest.js ; ../common.js ; ../app.js ; ../fiches.js,../search-index.js ; ../vehicules-data.js ; ../assets-manifest.js,https://fonts.googleapis.com/css2?family=Archivo:wght@400;500;600;700;900&display=swap ; ../style.css ; ../fiches.css ; https://www.leonidakit.com/img/social-card.png,recherche ; galerie ; possession,#main ; ../index.html ; ../carte.html ; ../vehicules.html ; ../armes.html ; ../collectibles.html ; ../progression.html ; ../index.html ; ../vehicules.html ; ../vehicules.html#cat=bateau ; ../comparateur.html?type=vehicules&ids=lure-predator-s23 ; #modele-reel ; https://www.google.com/search?tbm=isch&q=Contender%2025%20Bay ; https://fr.wikipedia.org/w/index.php?search=Contender%2025%20Bay ; ../vehicules.html#slot=americain ; ../vehicules.html#cat=bateau ; ../vehicules.html#slot=americain ; ../carte.html#lieu=g-L1610 ; ../carte.html#lieu=g-L2375 ; ../carte.html#lieu=g-L590 ; ../contact.html ; airboat-09.html ; btn-delmar.html ; crest-kayak.html ; dinka-jetmax.html ; nagasaki-marquis.html ; lure-predator-l35p.html ; lure-predator-l35p-police.html ; azimut-85.html ; ../carte.html ; ../vehicules.html ; ../armes.html ; ../collectibles.html ; ../progression.html ; ../calculateurs.html ; ../a-propos.html ; ../contact.html ; ../mentions-legales.html
vehicules/lurssen-73m-coral-ocean.html,/vehicules/lurssen-73m-coral-ocean.html,fiche véhicule,Lürssen 73m — GTA VI | Leonidakit,https://www.leonidakit.com/vehicules/lurssen-73m-coral-ocean.html,,../search-index.js ; ../vehicules-data.js ; ../assets-manifest.js ; ../common.js ; ../app.js ; ../fiches.js,../search-index.js ; ../vehicules-data.js ; ../assets-manifest.js,https://fonts.googleapis.com/css2?family=Archivo:wght@400;500;600;700;900&display=swap ; ../style.css ; ../fiches.css ; https://www.leonidakit.com/img/social-card.png,recherche ; galerie ; possession,#main ; ../index.html ; ../carte.html ; ../vehicules.html ; ../armes.html ; ../collectibles.html ; ../progression.html ; ../index.html ; ../vehicules.html ; ../vehicules.html#cat=bateau ; ../comparateur.html?type=vehicules&ids=lurssen-73m-coral-ocean ; #modele-reel ; https://www.google.com/search?tbm=isch&q=L%C3%BCrssen%20Coral%20Ocean ; https://fr.wikipedia.org/w/index.php?search=L%C3%BCrssen%20Coral%20Ocean ; ../vehicules.html#cat=bateau ; ../carte.html#lieu=g-L1610 ; ../carte.html#lieu=g-L2375 ; ../carte.html#lieu=g-L590 ; ../contact.html ; airboat-09.html ; btn-delmar.html ; crest-kayak.html ; dinka-jetmax.html ; nagasaki-marquis.html ; lure-predator-l35p.html ; horizon-power-catamarans-pc60.html ; cruise-ship.html ; ../carte.html ; ../vehicules.html ; ../armes.html ; ../collectibles.html ; ../progression.html ; ../calculateurs.html ; ../a-propos.html ; ../contact.html ; ../mentions-legales.html
vehicules/maibatsu-manchez.html,/vehicules/maibatsu-manchez.html,fiche véhicule,Maibatsu Manchez — GTA VI | Leonidakit,https://www.leonidakit.com/vehicules/maibatsu-manchez.html,,../search-index.js ; ../vehicules-data.js ; ../assets-manifest.js ; ../common.js ; ../app.js ; ../fiches.js,../search-index.js ; ../vehicules-data.js ; ../assets-manifest.js,https://fonts.googleapis.com/css2?family=Archivo:wght@400;500;600;700;900&display=swap ; ../style.css ; ../fiches.css ; https://www.leonidakit.com/img/social-card.png,recherche ; galerie ; possession,#main ; ../index.html ; ../carte.html ; ../vehicules.html ; ../armes.html ; ../collectibles.html ; ../progression.html ; ../index.html ; ../vehicules.html ; ../vehicules.html#cat=moto ; ../comparateur.html?type=vehicules&ids=maibatsu-manchez ; #modele-reel ; https://www.google.com/search?tbm=isch&q=500cc%20KTM ; https://fr.wikipedia.org/w/index.php?search=500cc%20KTM ; ../vehicules.html#cat=moto ; ../carte.html#lieu=g-L1610 ; ../carte.html#lieu=g-L2375 ; ../carte.html#lieu=g-L590 ; ../contact.html ; dinka-double-t.html ; dinka-enduro.html ; lcc-avarus.html ; maibatsu-sanchez.html ; yamaha-bws-125.html ; suzuki-gsx-r1000.html ; lcc-avarus.html ; maibatsu-sanchez.html ; ../carte.html ; ../vehicules.html ; ../armes.html ; ../collectibles.html ; ../progression.html ; ../calculateurs.html ; ../a-propos.html ; ../contact.html ; ../mentions-legales.html
vehicules/maibatsu-mule.html,/vehicules/maibatsu-mule.html,fiche véhicule,Maibatsu Mule — GTA VI | Leonidakit,https://www.leonidakit.com/vehicules/maibatsu-mule.html,,../search-index.js ; ../vehicules-data.js ; ../assets-manifest.js ; ../common.js ; ../app.js ; ../fiches.js,../search-index.js ; ../vehicules-data.js ; ../assets-manifest.js,https://fonts.googleapis.com/css2?family=Archivo:wght@400;500;600;700;900&display=swap ; ../style.css ; ../fiches.css ; https://www.leonidakit.com/img/social-card.png,recherche ; galerie ; possession,#main ; ../index.html ; ../carte.html ; ../vehicules.html ; ../armes.html ; ../collectibles.html ; ../progression.html ; ../index.html ; ../vehicules.html ; ../vehicules.html#cat=service ; ../comparateur.html?type=vehicules&ids=maibatsu-mule ; #modele-reel ; https://www.google.com/search?tbm=isch&q=Mitsubishi%20Fuso%20Canter ; https://fr.wikipedia.org/w/index.php?search=Mitsubishi%20Fuso%20Canter ; ../vehicules.html#slot=japonais ; ../vehicules.html#cat=service ; ../vehicules.html#slot=japonais ; ../carte.html#lieu=g-L1610 ; ../carte.html#lieu=g-L2375 ; ../carte.html#lieu=g-L590 ; ../contact.html ; bravado-bison-1800-police.html ; bravado-buffalo-stx-pursuit.html ; bravado-gauntlet-interceptor.html ; bravado-police-cruiser-buffalo.html ; brute-ambulance.html ; brute-bus.html ; jobuilt-rubble.html ; airport-bus.html ; ../carte.html ; ../vehicules.html ; ../armes.html ; ../collectibles.html ; ../progression.html ; ../calculateurs.html ; ../a-propos.html ; ../contact.html ; ../mentions-legales.html
vehicules/maibatsu-penumbra-ff.html,/vehicules/maibatsu-penumbra-ff.html,fiche véhicule,Maibatsu Penumbra FF — GTA VI | Leonidakit,https://www.leonidakit.com/vehicules/maibatsu-penumbra-ff.html,,../search-index.js ; ../vehicules-data.js ; ../assets-manifest.js ; ../common.js ; ../app.js ; ../fiches.js,../search-index.js ; ../vehicules-data.js ; ../assets-manifest.js,https://fonts.googleapis.com/css2?family=Archivo:wght@400;500;600;700;900&display=swap ; ../style.css ; ../fiches.css ; https://www.leonidakit.com/img/social-card.png,recherche ; galerie ; possession,#main ; ../index.html ; ../carte.html ; ../vehicules.html ; ../armes.html ; ../collectibles.html ; ../progression.html ; ../index.html ; ../vehicules.html ; ../vehicules.html#cat=sport ; ../comparateur.html?type=vehicules&ids=maibatsu-penumbra-ff ; #modele-reel ; https://www.google.com/search?tbm=isch&q=Mitsubishi%20Eclipse ; https://fr.wikipedia.org/w/index.php?search=Mitsubishi%20Eclipse ; ../vehicules.html#slot=japonais ; ../vehicules.html#cat=sport ; ../vehicules.html#slot=japonais ; ../carte.html#lieu=g-L1610 ; ../carte.html#lieu=g-L2375 ; ../carte.html#lieu=g-L590 ; ../contact.html ; albany-manana.html ; albany-v-str.html ; annis-elegy-retro-custom.html ; benefactor-schafter-lwb.html ; bravado-banshee.html ; bravado-buffalo.html ; maibatsu-penumbra.html ; mercedes-cle-a236.html ; ../carte.html ; ../vehicules.html ; ../armes.html ; ../collectibles.html ; ../progression.html ; ../calculateurs.html ; ../a-propos.html ; ../contact.html ; ../mentions-legales.html
vehicules/maibatsu-penumbra.html,/vehicules/maibatsu-penumbra.html,fiche véhicule,Maibatsu Penumbra — GTA VI | Leonidakit,https://www.leonidakit.com/vehicules/maibatsu-penumbra.html,,../search-index.js ; ../vehicules-data.js ; ../assets-manifest.js ; ../common.js ; ../app.js ; ../fiches.js,../search-index.js ; ../vehicules-data.js ; ../assets-manifest.js,https://fonts.googleapis.com/css2?family=Archivo:wght@400;500;600;700;900&display=swap ; ../style.css ; ../fiches.css ; https://www.leonidakit.com/img/social-card.png,recherche ; galerie ; possession,#main ; ../index.html ; ../carte.html ; ../vehicules.html ; ../armes.html ; ../collectibles.html ; ../progression.html ; ../index.html ; ../vehicules.html ; ../vehicules.html#cat=sport ; ../comparateur.html?type=vehicules&ids=maibatsu-penumbra ; #modele-reel ; https://www.google.com/search?tbm=isch&q=Mitsubishi%20Eclipse ; https://fr.wikipedia.org/w/index.php?search=Mitsubishi%20Eclipse ; ../vehicules.html#slot=japonais ; ../vehicules.html#cat=sport ; ../vehicules.html#slot=japonais ; ../carte.html#lieu=g-L1610 ; ../carte.html#lieu=g-L2375 ; ../carte.html#lieu=g-L590 ; ../contact.html ; albany-manana.html ; albany-v-str.html ; annis-elegy-retro-custom.html ; benefactor-schafter-lwb.html ; bravado-banshee.html ; bravado-buffalo.html ; karin-sultan-rs.html ; maibatsu-penumbra-ff.html ; ../carte.html ; ../vehicules.html ; ../armes.html ; ../collectibles.html ; ../progression.html ; ../calculateurs.html ; ../a-propos.html ; ../contact.html ; ../mentions-legales.html
vehicules/maibatsu-sanchez.html,/vehicules/maibatsu-sanchez.html,fiche véhicule,Maibatsu Sanchez — GTA VI | Leonidakit,https://www.leonidakit.com/vehicules/maibatsu-sanchez.html,,../search-index.js ; ../vehicules-data.js ; ../assets-manifest.js ; ../common.js ; ../app.js ; ../fiches.js,../search-index.js ; ../vehicules-data.js ; ../assets-manifest.js,https://fonts.googleapis.com/css2?family=Archivo:wght@400;500;600;700;900&display=swap ; ../style.css ; ../fiches.css ; https://www.leonidakit.com/img/social-card.png,recherche ; galerie ; possession,#main ; ../index.html ; ../carte.html ; ../vehicules.html ; ../armes.html ; ../collectibles.html ; ../progression.html ; ../index.html ; ../vehicules.html ; ../vehicules.html#cat=moto ; ../comparateur.html?type=vehicules&ids=maibatsu-sanchez ; #modele-reel ; https://www.google.com/search?tbm=isch&q=Yamaha%20YZ450F ; https://fr.wikipedia.org/w/index.php?search=Yamaha%20YZ450F ; ../vehicules.html#slot=japonais ; ../vehicules.html#cat=moto ; ../vehicules.html#slot=japonais ; ../carte.html#lieu=g-L1610 ; ../carte.html#lieu=g-L2375 ; ../carte.html#lieu=g-L590 ; ../contact.html ; dinka-double-t.html ; dinka-enduro.html ; lcc-avarus.html ; maibatsu-manchez.html ; yamaha-bws-125.html ; suzuki-gsx-r1000.html ; maibatsu-manchez.html ; yamaha-bws-125.html ; ../carte.html ; ../vehicules.html ; ../armes.html ; ../collectibles.html ; ../progression.html ; ../calculateurs.html ; ../a-propos.html ; ../contact.html ; ../mentions-legales.html
vehicules/mammoth-dodo.html,/vehicules/mammoth-dodo.html,fiche véhicule,Mammoth Dodo — GTA VI | Leonidakit,https://www.leonidakit.com/vehicules/mammoth-dodo.html,,../search-index.js ; ../vehicules-data.js ; ../assets-manifest.js ; ../common.js ; ../app.js ; ../fiches.js,../search-index.js ; ../vehicules-data.js ; ../assets-manifest.js,https://fonts.googleapis.com/css2?family=Archivo:wght@400;500;600;700;900&display=swap ; ../style.css ; ../fiches.css ; https://www.leonidakit.com/img/social-card.png,recherche ; galerie ; possession,#main ; ../index.html ; ../carte.html ; ../vehicules.html ; ../armes.html ; ../collectibles.html ; ../progression.html ; ../index.html ; ../vehicules.html ; ../vehicules.html#cat=avion ; ../comparateur.html?type=vehicules&ids=mammoth-dodo ; #modele-reel ; https://www.google.com/search?tbm=isch&q=De%20Havilland%20Canada%20DHC-2%20Beaver ; https://fr.wikipedia.org/w/index.php?search=De%20Havilland%20Canada%20DHC-2%20Beaver ; ../vehicules.html#slot=europeen ; ../vehicules.html#cat=avion ; ../vehicules.html#slot=europeen ; ../carte.html#lieu=g-L1610 ; ../carte.html#lieu=g-L2375 ; ../carte.html#lieu=g-L590 ; ../contact.html ; buckingham-luxor.html ; buckingham-nimbus.html ; buckingham-shamal.html ; jobuilt-mammatus.html ; mammoth-streamer216.html ; jet.html ; jobuilt-mammatus.html ; mammoth-streamer216.html ; ../carte.html ; ../vehicules.html ; ../armes.html ; ../collectibles.html ; ../progression.html ; ../calculateurs.html ; ../a-propos.html ; ../contact.html ; ../mentions-legales.html
vehicules/mammoth-patriot-mil-spec.html,/vehicules/mammoth-patriot-mil-spec.html,fiche véhicule,Mammoth Patriot Mil-Spec — GTA VI | Leonidakit,https://www.leonidakit.com/vehicules/mammoth-patriot-mil-spec.html,,../search-index.js ; ../vehicules-data.js ; ../assets-manifest.js ; ../common.js ; ../app.js ; ../fiches.js,../search-index.js ; ../vehicules-data.js ; ../assets-manifest.js,https://fonts.googleapis.com/css2?family=Archivo:wght@400;500;600;700;900&display=swap ; ../style.css ; ../fiches.css ; https://www.leonidakit.com/img/social-card.png,recherche ; galerie ; possession,#main ; ../index.html ; ../carte.html ; ../vehicules.html ; ../armes.html ; ../collectibles.html ; ../progression.html ; ../index.html ; ../vehicules.html ; ../vehicules.html#cat=suv ; ../comparateur.html?type=vehicules&ids=mammoth-patriot-mil-spec ; #modele-reel ; https://www.google.com/search?tbm=isch&q=Hummer%20H1 ; https://fr.wikipedia.org/w/index.php?search=Hummer%20H1 ; ../vehicules.html#cat=suv ; ../carte.html#lieu=g-L1610 ; ../carte.html#lieu=g-L2375 ; ../carte.html#lieu=g-L590 ; ../contact.html ; albany-cavalcade-xl.html ; benefactor-dubsta.html ; benefactor-xls.html ; bravado-dorado.html ; enus-jubilee.html ; canis-mesa.html ; lampadati-novak.html ; dodge-durango-3.html ; ../carte.html ; ../vehicules.html ; ../armes.html ; ../collectibles.html ; ../progression.html ; ../calculateurs.html ; ../a-propos.html ; ../contact.html ; ../mentions-legales.html
vehicules/mammoth-streamer216.html,/vehicules/mammoth-streamer216.html,fiche véhicule,Mammoth Streamer216 — GTA VI | Leonidakit,https://www.leonidakit.com/vehicules/mammoth-streamer216.html,,../search-index.js ; ../vehicules-data.js ; ../assets-manifest.js ; ../common.js ; ../app.js ; ../fiches.js,../search-index.js ; ../vehicules-data.js ; ../assets-manifest.js,https://fonts.googleapis.com/css2?family=Archivo:wght@400;500;600;700;900&display=swap ; ../style.css ; ../fiches.css ; https://www.leonidakit.com/img/social-card.png,recherche ; galerie ; possession,#main ; ../index.html ; ../carte.html ; ../vehicules.html ; ../armes.html ; ../collectibles.html ; ../progression.html ; ../index.html ; ../vehicules.html ; ../vehicules.html#cat=avion ; ../comparateur.html?type=vehicules&ids=mammoth-streamer216 ; #modele-reel ; https://www.google.com/search?tbm=isch&q=De%20Havilland%20Canada%20DHC-6%20Twin%20Otter ; https://fr.wikipedia.org/w/index.php?search=De%20Havilland%20Canada%20DHC-6%20Twin%20Otter ; ../vehicules.html#slot=europeen ; ../vehicules.html#cat=avion ; ../vehicules.html#slot=europeen ; ../carte.html#lieu=g-L1610 ; ../carte.html#lieu=g-L2375 ; ../carte.html#lieu=g-L590 ; ../contact.html ; buckingham-luxor.html ; buckingham-nimbus.html ; buckingham-shamal.html ; jobuilt-mammatus.html ; mammoth-dodo.html ; jet.html ; mammoth-dodo.html ; jet.html ; ../carte.html ; ../vehicules.html ; ../armes.html ; ../collectibles.html ; ../progression.html ; ../calculateurs.html ; ../a-propos.html ; ../contact.html ; ../mentions-legales.html
vehicules/mercedes-c-w205.html,/vehicules/mercedes-c-w205.html,fiche véhicule,Classe C — GTA VI | Leonidakit,https://www.leonidakit.com/vehicules/mercedes-c-w205.html,,../search-index.js ; ../vehicules-data.js ; ../assets-manifest.js ; ../common.js ; ../app.js ; ../fiches.js,../search-index.js ; ../vehicules-data.js ; ../assets-manifest.js,https://fonts.googleapis.com/css2?family=Archivo:wght@400;500;600;700;900&display=swap ; ../style.css ; ../fiches.css ; https://www.leonidakit.com/img/social-card.png,recherche ; galerie ; possession,#main ; ../index.html ; ../carte.html ; ../vehicules.html ; ../armes.html ; ../collectibles.html ; ../progression.html ; ../index.html ; ../vehicules.html ; ../vehicules.html#cat=berline ; ../comparateur.html?type=vehicules&ids=mercedes-c-w205 ; #modele-reel ; https://www.google.com/search?tbm=isch&q=Mercedes-Benz%20Classe%20C%20W205 ; https://fr.wikipedia.org/w/index.php?search=Mercedes-Benz%20Classe%20C%20W205 ; ../vehicules.html#slot=europeen ; ../vehicules.html#cat=berline ; ../vehicules.html#slot=europeen ; ../carte.html#lieu=g-L1610 ; ../carte.html#lieu=g-L2375 ; ../carte.html#lieu=g-L590 ; ../contact.html ; albany-emperor.html ; albany-primo.html ; albany-primo-custom.html ; benefactor-schafter-v12.html ; karin-asterope.html ; karin-asterope-gz.html ; honda-accord-10.html ; chevrolet-impala-10.html ; ../carte.html ; ../vehicules.html ; ../armes.html ; ../collectibles.html ; ../progression.html ; ../calculateurs.html ; ../a-propos.html ; ../contact.html ; ../mentions-legales.html
vehicules/mercedes-cle-a236.html,/vehicules/mercedes-cle-a236.html,fiche véhicule,Classe CLE cabriolet — GTA VI | Leonidakit,https://www.leonidakit.com/vehicules/mercedes-cle-a236.html,,../search-index.js ; ../vehicules-data.js ; ../assets-manifest.js ; ../common.js ; ../app.js ; ../fiches.js,../search-index.js ; ../vehicules-data.js ; ../assets-manifest.js,https://fonts.googleapis.com/css2?family=Archivo:wght@400;500;600;700;900&display=swap ; ../style.css ; ../fiches.css ; https://www.leonidakit.com/img/social-card.png,recherche ; galerie ; possession,#main ; ../index.html ; ../carte.html ; ../vehicules.html ; ../armes.html ; ../collectibles.html ; ../progression.html ; ../index.html ; ../vehicules.html ; ../vehicules.html#cat=sport ; ../comparateur.html?type=vehicules&ids=mercedes-cle-a236 ; #modele-reel ; https://www.google.com/search?tbm=isch&q=Mercedes-Benz%20Classe%20CLE%20(A236) ; https://fr.wikipedia.org/w/index.php?search=Mercedes-Benz%20Classe%20CLE%20(A236) ; ../vehicules.html#slot=europeen ; ../vehicules.html#cat=sport ; ../vehicules.html#slot=europeen ; ../carte.html#lieu=g-L1610 ; ../carte.html#lieu=g-L2375 ; ../carte.html#lieu=g-L590 ; ../contact.html ; albany-manana.html ; albany-v-str.html ; annis-elegy-retro-custom.html ; benefactor-schafter-lwb.html ; bravado-banshee.html ; bravado-buffalo.html ; maibatsu-penumbra-ff.html ; cadillac-eldorado-1959.html ; ../carte.html ; ../vehicules.html ; ../armes.html ; ../collectibles.html ; ../progression.html ; ../calculateurs.html ; ../a-propos.html ; ../contact.html ; ../mentions-legales.html
vehicules/mercedes-sprinter-2.html,/vehicules/mercedes-sprinter-2.html,fiche véhicule,Sprinter — GTA VI | Leonidakit,https://www.leonidakit.com/vehicules/mercedes-sprinter-2.html,,../search-index.js ; ../vehicules-data.js ; ../assets-manifest.js ; ../common.js ; ../app.js ; ../fiches.js,../search-index.js ; ../vehicules-data.js ; ../assets-manifest.js,https://fonts.googleapis.com/css2?family=Archivo:wght@400;500;600;700;900&display=swap ; ../style.css ; ../fiches.css ; https://www.leonidakit.com/img/social-card.png,recherche ; galerie ; possession,#main ; ../index.html ; ../carte.html ; ../vehicules.html ; ../armes.html ; ../collectibles.html ; ../progression.html ; ../index.html ; ../vehicules.html ; ../vehicules.html#cat=van ; ../comparateur.html?type=vehicules&ids=mercedes-sprinter-2 ; #modele-reel ; https://www.google.com/search?tbm=isch&q=Mercedes-Benz%20Sprinter ; https://fr.wikipedia.org/w/index.php?search=Mercedes-Benz%20Sprinter ; ../vehicules.html#slot=europeen ; ../vehicules.html#cat=van ; ../vehicules.html#slot=europeen ; ../carte.html#lieu=g-L1610 ; ../carte.html#lieu=g-L2375 ; ../carte.html#lieu=g-L590 ; ../contact.html ; bravado-bison.html ; bravado-bison-1800.html ; bravado-bison-900-95.html ; bravado-rumpo.html ; bravado-youga-classic.html ; brute-boxville.html ; rexhall-rose-air.html ; chrysler-town-country.html ; ../carte.html ; ../vehicules.html ; ../armes.html ; ../collectibles.html ; ../progression.html ; ../calculateurs.html ; ../a-propos.html ; ../contact.html ; ../mentions-legales.html
vehicules/monorail-de-vice-city.html,/vehicules/monorail-de-vice-city.html,fiche véhicule,Monorail de Vice City — GTA VI | Leonidakit,https://www.leonidakit.com/vehicules/monorail-de-vice-city.html,,../search-index.js ; ../vehicules-data.js ; ../assets-manifest.js ; ../common.js ; ../app.js ; ../fiches.js,../search-index.js ; ../vehicules-data.js ; ../assets-manifest.js,https://fonts.googleapis.com/css2?family=Archivo:wght@400;500;600;700;900&display=swap ; ../style.css ; ../fiches.css ; https://www.leonidakit.com/img/social-card.png,recherche ; galerie ; possession,#main ; ../index.html ; ../carte.html ; ../vehicules.html ; ../armes.html ; ../collectibles.html ; ../progression.html ; ../index.html ; ../vehicules.html ; ../vehicules.html#cat=divers ; ../comparateur.html?type=vehicules&ids=monorail-de-vice-city ; #modele-reel ; https://www.google.com/search?tbm=isch&q=Innovia%20APM%20100 ; https://fr.wikipedia.org/w/index.php?search=Innovia%20APM%20100 ; ../vehicules.html#cat=divers ; ../carte.html#lieu=g-L1610 ; ../carte.html#lieu=g-L2375 ; ../carte.html#lieu=g-L590 ; ../contact.html ; endurex-race-bike.html ; bmx.html ; cruiser.html ; lombike.html ; scorcher.html ; electric-scooter.html ; lombike.html ; scorcher.html ; ../carte.html ; ../vehicules.html ; ../armes.html ; ../collectibles.html ; ../progression.html ; ../calculateurs.html ; ../a-propos.html ; ../contact.html ; ../mentions-legales.html
vehicules/moocher.html,/vehicules/moocher.html,fiche véhicule,Moocher — GTA VI | Leonidakit,https://www.leonidakit.com/vehicules/moocher.html,,../search-index.js ; ../vehicules-data.js ; ../assets-manifest.js ; ../common.js ; ../app.js ; ../fiches.js,../search-index.js ; ../vehicules-data.js ; ../assets-manifest.js,https://fonts.googleapis.com/css2?family=Archivo:wght@400;500;600;700;900&display=swap ; ../style.css ; ../fiches.css ; https://www.leonidakit.com/img/social-card.png,recherche ; galerie ; possession,#main ; ../index.html ; ../carte.html ; ../vehicules.html ; ../armes.html ; ../collectibles.html ; ../progression.html ; ../index.html ; ../vehicules.html ; ../vehicules.html#cat=van ; ../comparateur.html?type=vehicules&ids=moocher ; #modele-reel ; https://www.google.com/search?tbm=isch&q=Fleetwood%20Southwind%201985 ; https://fr.wikipedia.org/w/index.php?search=Fleetwood%20Southwind%201985 ; ../vehicules.html#cat=van ; ../carte.html#lieu=g-L1610 ; ../carte.html#lieu=g-L2375 ; ../carte.html#lieu=g-L590 ; ../contact.html ; bravado-bison.html ; bravado-bison-1800.html ; bravado-bison-900-95.html ; bravado-rumpo.html ; bravado-youga-classic.html ; brute-boxville.html ; ford-econoline-4.html ; rexhall-rose-air.html ; ../carte.html ; ../vehicules.html ; ../armes.html ; ../collectibles.html ; ../progression.html ; ../calculateurs.html ; ../a-propos.html ; ../contact.html ; ../mentions-legales.html
vehicules/mtl-flatbed.html,/vehicules/mtl-flatbed.html,fiche véhicule,JoBuilt Flatbed — GTA VI | Leonidakit,https://www.leonidakit.com/vehicules/mtl-flatbed.html,,../search-index.js ; ../vehicules-data.js ; ../assets-manifest.js ; ../common.js ; ../app.js ; ../fiches.js,../search-index.js ; ../vehicules-data.js ; ../assets-manifest.js,https://fonts.googleapis.com/css2?family=Archivo:wght@400;500;600;700;900&display=swap ; ../style.css ; ../fiches.css ; https://www.leonidakit.com/img/social-card.png,recherche ; galerie ; possession,#main ; ../index.html ; ../carte.html ; ../vehicules.html ; ../armes.html ; ../collectibles.html ; ../progression.html ; ../index.html ; ../vehicules.html ; ../vehicules.html#cat=service ; ../comparateur.html?type=vehicules&ids=mtl-flatbed ; #modele-reel ; https://www.google.com/search?tbm=isch&q=2004%20Freightliner%20Century%20Class%20112 ; https://fr.wikipedia.org/w/index.php?search=2004%20Freightliner%20Century%20Class%20112 ; ../vehicules.html#slot=americain ; ../vehicules.html#cat=service ; ../vehicules.html#slot=americain ; ../carte.html#lieu=g-L1610 ; ../carte.html#lieu=g-L2375 ; ../carte.html#lieu=g-L590 ; ../contact.html ; bravado-bison-1800-police.html ; bravado-buffalo-stx-pursuit.html ; bravado-gauntlet-interceptor.html ; bravado-police-cruiser-buffalo.html ; brute-ambulance.html ; brute-bus.html ; jacksheepe-excavator.html ; jobuilt-hauler.html ; ../carte.html ; ../vehicules.html ; ../armes.html ; ../collectibles.html ; ../progression.html ; ../calculateurs.html ; ../a-propos.html ; ../contact.html ; ../mentions-legales.html
vehicules/mtl-packer.html,/vehicules/mtl-packer.html,fiche véhicule,MTL Packer — GTA VI | Leonidakit,https://www.leonidakit.com/vehicules/mtl-packer.html,,../search-index.js ; ../vehicules-data.js ; ../assets-manifest.js ; ../common.js ; ../app.js ; ../fiches.js,../search-index.js ; ../vehicules-data.js ; ../assets-manifest.js,https://fonts.googleapis.com/css2?family=Archivo:wght@400;500;600;700;900&display=swap ; ../style.css ; ../fiches.css ; https://www.leonidakit.com/img/social-card.png,recherche ; galerie ; possession,#main ; ../index.html ; ../carte.html ; ../vehicules.html ; ../armes.html ; ../collectibles.html ; ../progression.html ; ../index.html ; ../vehicules.html ; ../vehicules.html#cat=service ; ../comparateur.html?type=vehicules&ids=mtl-packer ; #modele-reel ; https://www.google.com/search?tbm=isch&q=1994%20International%209000%2F9200 ; https://fr.wikipedia.org/w/index.php?search=1994%20International%209000%2F9200 ; ../vehicules.html#cat=service ; ../carte.html#lieu=g-L1610 ; ../carte.html#lieu=g-L2375 ; ../carte.html#lieu=g-L590 ; ../contact.html ; bravado-bison-1800-police.html ; bravado-buffalo-stx-pursuit.html ; bravado-gauntlet-interceptor.html ; bravado-police-cruiser-buffalo.html ; brute-ambulance.html ; brute-bus.html ; dodge-grand-caravan-taxi.html ; nagasaki-caddy.html ; ../carte.html ; ../vehicules.html ; ../armes.html ; ../collectibles.html ; ../progression.html ; ../calculateurs.html ; ../a-propos.html ; ../contact.html ; ../mentions-legales.html
vehicules/nagasaki-blazer-lifeguard.html,/vehicules/nagasaki-blazer-lifeguard.html,fiche véhicule,Nagasaki Blazer Lifeguard — GTA VI | Leonidakit,https://www.leonidakit.com/vehicules/nagasaki-blazer-lifeguard.html,,../search-index.js ; ../vehicules-data.js ; ../assets-manifest.js ; ../common.js ; ../app.js ; ../fiches.js,../search-index.js ; ../vehicules-data.js ; ../assets-manifest.js,https://fonts.googleapis.com/css2?family=Archivo:wght@400;500;600;700;900&display=swap ; ../style.css ; ../fiches.css ; https://www.leonidakit.com/img/social-card.png,recherche ; galerie ; possession,#main ; ../index.html ; ../carte.html ; ../vehicules.html ; ../armes.html ; ../collectibles.html ; ../progression.html ; ../index.html ; ../vehicules.html ; ../vehicules.html#cat=moto ; ../comparateur.html?type=vehicules&ids=nagasaki-blazer-lifeguard ; #modele-reel ; https://www.google.com/search?tbm=isch&q=Quad%20de%20plage%20en%20configuration%20de%20sauvetage ; https://fr.wikipedia.org/w/index.php?search=Quad%20de%20plage%20en%20configuration%20de%20sauvetage ; ../vehicules.html#cat=moto ; ../carte.html#lieu=g-L1610 ; ../carte.html#lieu=g-L2375 ; ../carte.html#lieu=g-L590 ; ../contact.html ; dinka-double-t.html ; dinka-enduro.html ; lcc-avarus.html ; maibatsu-manchez.html ; maibatsu-sanchez.html ; yamaha-bws-125.html ; pomazoom-mobility-scooter.html ; nagasaki-carbon-rs.html ; ../carte.html ; ../vehicules.html ; ../armes.html ; ../collectibles.html ; ../progression.html ; ../calculateurs.html ; ../a-propos.html ; ../contact.html ; ../mentions-legales.html
vehicules/nagasaki-blazer.html,/vehicules/nagasaki-blazer.html,fiche véhicule,Nagasaki Blazer — GTA VI | Leonidakit,https://www.leonidakit.com/vehicules/nagasaki-blazer.html,,../search-index.js ; ../vehicules-data.js ; ../assets-manifest.js ; ../common.js ; ../app.js ; ../fiches.js,../search-index.js ; ../vehicules-data.js ; ../assets-manifest.js,https://fonts.googleapis.com/css2?family=Archivo:wght@400;500;600;700;900&display=swap ; ../style.css ; ../fiches.css ; https://www.leonidakit.com/img/social-card.png,recherche ; galerie ; possession,#main ; ../index.html ; ../carte.html ; ../vehicules.html ; ../armes.html ; ../collectibles.html ; ../progression.html ; ../index.html ; ../vehicules.html ; ../vehicules.html#cat=pickup ; ../comparateur.html?type=vehicules&ids=nagasaki-blazer ; #modele-reel ; https://www.google.com/search?tbm=isch&q=Yamaha%20YFZ450 ; https://fr.wikipedia.org/w/index.php?search=Yamaha%20YFZ450 ; ../vehicules.html#slot=japonais ; ../vehicules.html#cat=pickup ; ../vehicules.html#slot=japonais ; ../carte.html#lieu=g-L1610 ; ../carte.html#lieu=g-L2375 ; ../carte.html#lieu=g-L590 ; ../contact.html ; annis-hellion.html ; bravado-bison-900-95-monster-truck.html ; canis-kamacho.html ; declasse-rancher.html ; declasse-walton-l35-stock.html ; declasse-yosemite.html ; swamp-buggy.html ; nagasaki-outlaw.html ; ../carte.html ; ../vehicules.html ; ../armes.html ; ../collectibles.html ; ../progression.html ; ../calculateurs.html ; ../a-propos.html ; ../contact.html ; ../mentions-legales.html
vehicules/nagasaki-caddy.html,/vehicules/nagasaki-caddy.html,fiche véhicule,Nagasaki Caddy — GTA VI | Leonidakit,https://www.leonidakit.com/vehicules/nagasaki-caddy.html,,../search-index.js ; ../vehicules-data.js ; ../assets-manifest.js ; ../common.js ; ../app.js ; ../fiches.js,../search-index.js ; ../vehicules-data.js ; ../assets-manifest.js,https://fonts.googleapis.com/css2?family=Archivo:wght@400;500;600;700;900&display=swap ; ../style.css ; ../fiches.css ; https://www.leonidakit.com/img/social-card.png,recherche ; galerie ; possession,#main ; ../index.html ; ../carte.html ; ../vehicules.html ; ../armes.html ; ../collectibles.html ; ../progression.html ; ../index.html ; ../vehicules.html ; ../vehicules.html#cat=service ; ../comparateur.html?type=vehicules&ids=nagasaki-caddy ; #modele-reel ; https://www.google.com/search?tbm=isch&q=Voiturette%20de%20golf ; https://fr.wikipedia.org/w/index.php?search=Voiturette%20de%20golf ; ../vehicules.html#cat=service ; ../carte.html#lieu=g-L1610 ; ../carte.html#lieu=g-L2375 ; ../carte.html#lieu=g-L590 ; ../contact.html ; bravado-bison-1800-police.html ; bravado-buffalo-stx-pursuit.html ; bravado-gauntlet-interceptor.html ; bravado-police-cruiser-buffalo.html ; brute-ambulance.html ; brute-bus.html ; mtl-packer.html ; vapid-benson.html ; ../carte.html ; ../vehicules.html ; ../armes.html ; ../collectibles.html ; ../progression.html ; ../calculateurs.html ; ../a-propos.html ; ../contact.html ; ../mentions-legales.html
vehicules/nagasaki-carbon-rs.html,/vehicules/nagasaki-carbon-rs.html,fiche véhicule,Nagasaki Carbon RS — GTA VI | Leonidakit,https://www.leonidakit.com/vehicules/nagasaki-carbon-rs.html,,../search-index.js ; ../vehicules-data.js ; ../assets-manifest.js ; ../common.js ; ../app.js ; ../fiches.js,../search-index.js ; ../vehicules-data.js ; ../assets-manifest.js,https://fonts.googleapis.com/css2?family=Archivo:wght@400;500;600;700;900&display=swap ; ../style.css ; ../fiches.css ; https://www.leonidakit.com/img/social-card.png,recherche ; galerie ; possession,#main ; ../index.html ; ../carte.html ; ../vehicules.html ; ../armes.html ; ../collectibles.html ; ../progression.html ; ../index.html ; ../vehicules.html ; ../vehicules.html#cat=moto ; ../comparateur.html?type=vehicules&ids=nagasaki-carbon-rs ; #modele-reel ; https://www.google.com/search?tbm=isch&q=Ducati%201199 ; https://fr.wikipedia.org/w/index.php?search=Ducati%201199 ; ../vehicules.html#slot=europeen ; ../vehicules.html#cat=moto ; ../vehicules.html#slot=europeen ; ../carte.html#lieu=g-L1610 ; ../carte.html#lieu=g-L2375 ; ../carte.html#lieu=g-L590 ; ../contact.html ; dinka-double-t.html ; dinka-enduro.html ; lcc-avarus.html ; maibatsu-manchez.html ; maibatsu-sanchez.html ; yamaha-bws-125.html ; nagasaki-blazer-lifeguard.html ; pegassi-bati-801.html ; ../carte.html ; ../vehicules.html ; ../armes.html ; ../collectibles.html ; ../progression.html ; ../calculateurs.html ; ../a-propos.html ; ../contact.html ; ../mentions-legales.html
vehicules/nagasaki-dinghy.html,/vehicules/nagasaki-dinghy.html,fiche véhicule,Nagasaki Dinghy — GTA VI | Leonidakit,https://www.leonidakit.com/vehicules/nagasaki-dinghy.html,,../search-index.js ; ../vehicules-data.js ; ../assets-manifest.js ; ../common.js ; ../app.js ; ../fiches.js,../search-index.js ; ../vehicules-data.js ; ../assets-manifest.js,https://fonts.googleapis.com/css2?family=Archivo:wght@400;500;600;700;900&display=swap ; ../style.css ; ../fiches.css ; https://www.leonidakit.com/img/social-card.png,recherche ; galerie ; possession,#main ; ../index.html ; ../carte.html ; ../vehicules.html ; ../armes.html ; ../collectibles.html ; ../progression.html ; ../index.html ; ../vehicules.html ; ../vehicules.html#cat=bateau ; ../comparateur.html?type=vehicules&ids=nagasaki-dinghy ; #modele-reel ; https://www.google.com/search?tbm=isch&q=Rigid-hulled%20inflatable%20boat ; https://fr.wikipedia.org/w/index.php?search=Rigid-hulled%20inflatable%20boat ; ../vehicules.html#cat=bateau ; ../carte.html#lieu=g-L1610 ; ../carte.html#lieu=g-L2375 ; ../carte.html#lieu=g-L590 ; ../contact.html ; airboat-09.html ; btn-delmar.html ; crest-kayak.html ; dinka-jetmax.html ; nagasaki-marquis.html ; lure-predator-l35p.html ; skater-388.html ; pegassi-speeder.html ; ../carte.html ; ../vehicules.html ; ../armes.html ; ../collectibles.html ; ../progression.html ; ../calculateurs.html ; ../a-propos.html ; ../contact.html ; ../mentions-legales.html
vehicules/nagasaki-marquis.html,/vehicules/nagasaki-marquis.html,fiche véhicule,Dinka Marquis — GTA VI | Leonidakit,https://www.leonidakit.com/vehicules/nagasaki-marquis.html,,../search-index.js ; ../vehicules-data.js ; ../assets-manifest.js ; ../common.js ; ../app.js ; ../fiches.js,../search-index.js ; ../vehicules-data.js ; ../assets-manifest.js,https://fonts.googleapis.com/css2?family=Archivo:wght@400;500;600;700;900&display=swap ; ../style.css ; ../fiches.css ; https://www.leonidakit.com/img/social-card.png,recherche ; galerie ; possession,#main ; ../index.html ; ../carte.html ; ../vehicules.html ; ../armes.html ; ../collectibles.html ; ../progression.html ; ../index.html ; ../vehicules.html ; ../vehicules.html#cat=bateau ; ../comparateur.html?type=vehicules&ids=nagasaki-marquis ; #modele-reel ; https://www.google.com/search?tbm=isch&q=Adjutor%20Yachts ; https://fr.wikipedia.org/w/index.php?search=Adjutor%20Yachts ; ../vehicules.html#slot=europeen ; ../vehicules.html#cat=bateau ; ../vehicules.html#slot=europeen ; ../carte.html#lieu=g-L1610 ; ../carte.html#lieu=g-L2375 ; ../carte.html#lieu=g-L590 ; ../contact.html ; airboat-09.html ; btn-delmar.html ; crest-kayak.html ; dinka-jetmax.html ; lure-predator-l35p.html ; lure-predator-l35p-police.html ; dinka-jetmax.html ; lure-predator-l35p.html ; ../carte.html ; ../vehicules.html ; ../armes.html ; ../collectibles.html ; ../progression.html ; ../calculateurs.html ; ../a-propos.html ; ../contact.html ; ../mentions-legales.html
vehicules/nagasaki-outlaw.html,/vehicules/nagasaki-outlaw.html,fiche véhicule,Nagasaki Outlaw — GTA VI | Leonidakit,https://www.leonidakit.com/vehicules/nagasaki-outlaw.html,,../search-index.js ; ../vehicules-data.js ; ../assets-manifest.js ; ../common.js ; ../app.js ; ../fiches.js,../search-index.js ; ../vehicules-data.js ; ../assets-manifest.js,https://fonts.googleapis.com/css2?family=Archivo:wght@400;500;600;700;900&display=swap ; ../style.css ; ../fiches.css ; https://www.leonidakit.com/img/social-card.png,recherche ; galerie ; possession,#main ; ../index.html ; ../carte.html ; ../vehicules.html ; ../armes.html ; ../collectibles.html ; ../progression.html ; ../index.html ; ../vehicules.html ; ../vehicules.html#cat=pickup ; ../comparateur.html?type=vehicules&ids=nagasaki-outlaw ; #modele-reel ; https://www.google.com/search?tbm=isch&q=Can-Am%20Maverick%20X3%20Turbo ; https://fr.wikipedia.org/w/index.php?search=Can-Am%20Maverick%20X3%20Turbo ; ../vehicules.html#cat=pickup ; ../carte.html#lieu=g-L1610 ; ../carte.html#lieu=g-L2375 ; ../carte.html#lieu=g-L590 ; ../contact.html ; annis-hellion.html ; bravado-bison-900-95-monster-truck.html ; canis-kamacho.html ; declasse-rancher.html ; declasse-walton-l35-stock.html ; declasse-yosemite.html ; nagasaki-blazer.html ; vapid-caracara.html ; ../carte.html ; ../vehicules.html ; ../armes.html ; ../collectibles.html ; ../progression.html ; ../calculateurs.html ; ../a-propos.html ; ../contact.html ; ../mentions-legales.html
vehicules/nagasaki-police-buzzard.html,/vehicules/nagasaki-police-buzzard.html,fiche véhicule,Nagasaki Police Buzzard — GTA VI | Leonidakit,https://www.leonidakit.com/vehicules/nagasaki-police-buzzard.html,,../search-index.js ; ../vehicules-data.js ; ../assets-manifest.js ; ../common.js ; ../app.js ; ../fiches.js,../search-index.js ; ../vehicules-data.js ; ../assets-manifest.js,https://fonts.googleapis.com/css2?family=Archivo:wght@400;500;600;700;900&display=swap ; ../style.css ; ../fiches.css ; https://www.leonidakit.com/img/social-card.png,recherche ; galerie ; possession,#main ; ../index.html ; ../carte.html ; ../vehicules.html ; ../armes.html ; ../collectibles.html ; ../progression.html ; ../index.html ; ../vehicules.html ; ../vehicules.html#cat=helicoptere ; ../comparateur.html?type=vehicules&ids=nagasaki-police-buzzard ; #modele-reel ; https://www.google.com/search?tbm=isch&q=MH-6%20Little%20Bird ; https://fr.wikipedia.org/w/index.php?search=MH-6%20Little%20Bird ; ../vehicules.html#cat=helicoptere ; ../carte.html#lieu=g-L1610 ; ../carte.html#lieu=g-L2375 ; ../carte.html#lieu=g-L590 ; ../contact.html ; buckingham-maverick.html ; buckingham-police-maverick.html ; buckingham-supervolito.html ; buckingham-swift.html ; buckingham-valkyrie.html ; buckingham-buzzard.html ; buckingham-buzzard.html ; western-sea-sparrow.html ; ../carte.html ; ../vehicules.html ; ../armes.html ; ../collectibles.html ; ../progression.html ; ../calculateurs.html ; ../a-propos.html ; ../contact.html ; ../mentions-legales.html
vehicules/obey-8f-drafter.html,/vehicules/obey-8f-drafter.html,fiche véhicule,Obey 8F Drafter — GTA VI | Leonidakit,https://www.leonidakit.com/vehicules/obey-8f-drafter.html,,../search-index.js ; ../vehicules-data.js ; ../assets-manifest.js ; ../common.js ; ../app.js ; ../fiches.js,../search-index.js ; ../vehicules-data.js ; ../assets-manifest.js,https://fonts.googleapis.com/css2?family=Archivo:wght@400;500;600;700;900&display=swap ; ../style.css ; ../fiches.css ; https://www.leonidakit.com/img/social-card.png,recherche ; galerie ; possession,#main ; ../index.html ; ../carte.html ; ../vehicules.html ; ../armes.html ; ../collectibles.html ; ../progression.html ; ../index.html ; ../vehicules.html ; ../vehicules.html#cat=sport ; ../comparateur.html?type=vehicules&ids=obey-8f-drafter ; #modele-reel ; https://www.google.com/search?tbm=isch&q=2018%20Audi%20RS5%20Coupe ; https://fr.wikipedia.org/w/index.php?search=2018%20Audi%20RS5%20Coupe ; ../vehicules.html#slot=europeen ; ../vehicules.html#cat=sport ; ../vehicules.html#slot=europeen ; ../carte.html#lieu=g-L1610 ; ../carte.html#lieu=g-L2375 ; ../carte.html#lieu=g-L590 ; ../contact.html ; albany-manana.html ; albany-v-str.html ; annis-elegy-retro-custom.html ; benefactor-schafter-lwb.html ; bravado-banshee.html ; bravado-buffalo.html ; buick-reatta-convertible.html ; overflod-omnis-e-gt.html ; ../carte.html ; ../vehicules.html ; ../armes.html ; ../collectibles.html ; ../progression.html ; ../calculateurs.html ; ../a-propos.html ; ../contact.html ; ../mentions-legales.html
vehicules/obey-tailgater-s.html,/vehicules/obey-tailgater-s.html,fiche véhicule,Obey Tailgater S — GTA VI | Leonidakit,https://www.leonidakit.com/vehicules/obey-tailgater-s.html,,../search-index.js ; ../vehicules-data.js ; ../assets-manifest.js ; ../common.js ; ../app.js ; ../fiches.js,../search-index.js ; ../vehicules-data.js ; ../assets-manifest.js,https://fonts.googleapis.com/css2?family=Archivo:wght@400;500;600;700;900&display=swap ; ../style.css ; ../fiches.css ; https://www.leonidakit.com/img/social-card.png,recherche ; galerie ; possession,#main ; ../index.html ; ../carte.html ; ../vehicules.html ; ../armes.html ; ../collectibles.html ; ../progression.html ; ../index.html ; ../vehicules.html ; ../vehicules.html#cat=berline ; ../comparateur.html?type=vehicules&ids=obey-tailgater-s ; #modele-reel ; https://www.google.com/search?tbm=isch&q=Audi%20RS3%20Sedan ; https://fr.wikipedia.org/w/index.php?search=Audi%20RS3%20Sedan ; ../vehicules.html#slot=europeen ; ../vehicules.html#cat=berline ; ../vehicules.html#slot=europeen ; ../carte.html#lieu=g-L1610 ; ../carte.html#lieu=g-L2375 ; ../carte.html#lieu=g-L590 ; ../contact.html ; albany-emperor.html ; albany-primo.html ; albany-primo-custom.html ; benefactor-schafter-v12.html ; karin-asterope.html ; karin-asterope-gz.html ; obey-tailgater.html ; schyster-pmp-700.html ; ../carte.html ; ../vehicules.html ; ../armes.html ; ../collectibles.html ; ../progression.html ; ../calculateurs.html ; ../a-propos.html ; ../contact.html ; ../mentions-legales.html
vehicules/obey-tailgater.html,/vehicules/obey-tailgater.html,fiche véhicule,Obey Tailgater — GTA VI | Leonidakit,https://www.leonidakit.com/vehicules/obey-tailgater.html,,../search-index.js ; ../vehicules-data.js ; ../assets-manifest.js ; ../common.js ; ../app.js ; ../fiches.js,../search-index.js ; ../vehicules-data.js ; ../assets-manifest.js,https://fonts.googleapis.com/css2?family=Archivo:wght@400;500;600;700;900&display=swap ; ../style.css ; ../fiches.css ; https://www.leonidakit.com/img/social-card.png,recherche ; galerie ; possession,#main ; ../index.html ; ../carte.html ; ../vehicules.html ; ../armes.html ; ../collectibles.html ; ../progression.html ; ../index.html ; ../vehicules.html ; ../vehicules.html#cat=berline ; ../comparateur.html?type=vehicules&ids=obey-tailgater ; #modele-reel ; https://www.google.com/search?tbm=isch&q=Audi%20A6 ; https://fr.wikipedia.org/w/index.php?search=Audi%20A6 ; ../vehicules.html#slot=europeen ; ../vehicules.html#cat=berline ; ../vehicules.html#slot=europeen ; ../carte.html#lieu=g-L1610 ; ../carte.html#lieu=g-L2375 ; ../carte.html#lieu=g-L590 ; ../contact.html ; albany-emperor.html ; albany-primo.html ; albany-primo-custom.html ; benefactor-schafter-v12.html ; karin-asterope.html ; karin-asterope-gz.html ; ford-taurus.html ; obey-tailgater-s.html ; ../carte.html ; ../vehicules.html ; ../armes.html ; ../collectibles.html ; ../progression.html ; ../calculateurs.html ; ../a-propos.html ; ../contact.html ; ../mentions-legales.html
vehicules/oceanic.html,/vehicules/oceanic.html,fiche véhicule,Oceanic — GTA VI | Leonidakit,https://www.leonidakit.com/vehicules/oceanic.html,,../search-index.js ; ../vehicules-data.js ; ../assets-manifest.js ; ../common.js ; ../app.js ; ../fiches.js,../search-index.js ; ../vehicules-data.js ; ../assets-manifest.js,https://fonts.googleapis.com/css2?family=Archivo:wght@400;500;600;700;900&display=swap ; ../style.css ; ../fiches.css ; https://www.leonidakit.com/img/social-card.png,recherche ; galerie ; possession,#main ; ../index.html ; ../carte.html ; ../vehicules.html ; ../armes.html ; ../collectibles.html ; ../progression.html ; ../index.html ; ../vehicules.html ; ../vehicules.html#cat=berline ; ../comparateur.html?type=vehicules&ids=oceanic ; #modele-reel ; https://www.google.com/search?tbm=isch&q=Chevrolet%20Bel%20Air%201950 ; https://fr.wikipedia.org/w/index.php?search=Chevrolet%20Bel%20Air%201950 ; ../vehicules.html#slot=americain ; ../vehicules.html#cat=berline ; ../vehicules.html#slot=americain ; ../carte.html#lieu=g-L1610 ; ../carte.html#lieu=g-L2375 ; ../carte.html#lieu=g-L590 ; ../contact.html ; albany-emperor.html ; albany-primo.html ; albany-primo-custom.html ; benefactor-schafter-v12.html ; karin-asterope.html ; karin-asterope-gz.html ; chrysler-lebaron-town-country.html ; buick-regal-6.html ; ../carte.html ; ../vehicules.html ; ../armes.html ; ../collectibles.html ; ../progression.html ; ../calculateurs.html ; ../a-propos.html ; ../contact.html ; ../mentions-legales.html
vehicules/ocelot-jugular.html,/vehicules/ocelot-jugular.html,fiche véhicule,Ocelot Jugular — GTA VI | Leonidakit,https://www.leonidakit.com/vehicules/ocelot-jugular.html,,../search-index.js ; ../vehicules-data.js ; ../assets-manifest.js ; ../common.js ; ../app.js ; ../fiches.js,../search-index.js ; ../vehicules-data.js ; ../assets-manifest.js,https://fonts.googleapis.com/css2?family=Archivo:wght@400;500;600;700;900&display=swap ; ../style.css ; ../fiches.css ; https://www.leonidakit.com/img/social-card.png,recherche ; galerie ; possession,#main ; ../index.html ; ../carte.html ; ../vehicules.html ; ../armes.html ; ../collectibles.html ; ../progression.html ; ../index.html ; ../vehicules.html ; ../vehicules.html#cat=sport ; ../comparateur.html?type=vehicules&ids=ocelot-jugular ; #modele-reel ; https://www.google.com/search?tbm=isch&q=Jaguar%20XE%20SV%20Project%208 ; https://fr.wikipedia.org/w/index.php?search=Jaguar%20XE%20SV%20Project%208 ; ../vehicules.html#slot=europeen ; ../vehicules.html#cat=sport ; ../vehicules.html#slot=europeen ; ../carte.html#lieu=g-L1610 ; ../carte.html#lieu=g-L2375 ; ../carte.html#lieu=g-L590 ; ../contact.html ; albany-manana.html ; albany-v-str.html ; annis-elegy-retro-custom.html ; benefactor-schafter-lwb.html ; bravado-banshee.html ; bravado-buffalo.html ; overflod-omnis-e-gt.html ; pegassi-infernus-classic.html ; ../carte.html ; ../vehicules.html ; ../armes.html ; ../collectibles.html ; ../progression.html ; ../calculateurs.html ; ../a-propos.html ; ../contact.html ; ../mentions-legales.html
vehicules/overflod-omnis-e-gt.html,/vehicules/overflod-omnis-e-gt.html,fiche véhicule,Obey Omnis e-GT — GTA VI | Leonidakit,https://www.leonidakit.com/vehicules/overflod-omnis-e-gt.html,,../search-index.js ; ../vehicules-data.js ; ../assets-manifest.js ; ../common.js ; ../app.js ; ../fiches.js,../search-index.js ; ../vehicules-data.js ; ../assets-manifest.js,https://fonts.googleapis.com/css2?family=Archivo:wght@400;500;600;700;900&display=swap ; ../style.css ; ../fiches.css ; https://www.leonidakit.com/img/social-card.png,recherche ; galerie ; possession,#main ; ../index.html ; ../carte.html ; ../vehicules.html ; ../armes.html ; ../collectibles.html ; ../progression.html ; ../index.html ; ../vehicules.html ; ../vehicules.html#cat=sport ; ../comparateur.html?type=vehicules&ids=overflod-omnis-e-gt ; #modele-reel ; https://www.google.com/search?tbm=isch&q=Audi%20e-Tron%20GT ; https://fr.wikipedia.org/w/index.php?search=Audi%20e-Tron%20GT ; ../vehicules.html#slot=europeen ; ../vehicules.html#cat=sport ; ../vehicules.html#slot=europeen ; ../carte.html#lieu=g-L1610 ; ../carte.html#lieu=g-L2375 ; ../carte.html#lieu=g-L590 ; ../contact.html ; albany-manana.html ; albany-v-str.html ; annis-elegy-retro-custom.html ; benefactor-schafter-lwb.html ; bravado-banshee.html ; bravado-buffalo.html ; obey-8f-drafter.html ; ocelot-jugular.html ; ../carte.html ; ../vehicules.html ; ../armes.html ; ../collectibles.html ; ../progression.html ; ../calculateurs.html ; ../a-propos.html ; ../contact.html ; ../mentions-legales.html
vehicules/pegassi-bati-801.html,/vehicules/pegassi-bati-801.html,fiche véhicule,Pegassi Bati 801 — GTA VI | Leonidakit,https://www.leonidakit.com/vehicules/pegassi-bati-801.html,,../search-index.js ; ../vehicules-data.js ; ../assets-manifest.js ; ../common.js ; ../app.js ; ../fiches.js,../search-index.js ; ../vehicules-data.js ; ../assets-manifest.js,https://fonts.googleapis.com/css2?family=Archivo:wght@400;500;600;700;900&display=swap ; ../style.css ; ../fiches.css ; https://www.leonidakit.com/img/social-card.png,recherche ; galerie ; possession,#main ; ../index.html ; ../carte.html ; ../vehicules.html ; ../armes.html ; ../collectibles.html ; ../progression.html ; ../index.html ; ../vehicules.html ; ../vehicules.html#cat=moto ; ../comparateur.html?type=vehicules&ids=pegassi-bati-801 ; #modele-reel ; https://www.google.com/search?tbm=isch&q=Ducati%20848 ; https://fr.wikipedia.org/w/index.php?search=Ducati%20848 ; ../vehicules.html#slot=europeen ; ../vehicules.html#cat=moto ; ../vehicules.html#slot=europeen ; ../carte.html#lieu=g-L1610 ; ../carte.html#lieu=g-L2375 ; ../carte.html#lieu=g-L590 ; ../contact.html ; dinka-double-t.html ; dinka-enduro.html ; lcc-avarus.html ; maibatsu-manchez.html ; maibatsu-sanchez.html ; yamaha-bws-125.html ; nagasaki-carbon-rs.html ; pegassi-faggio.html ; ../carte.html ; ../vehicules.html ; ../armes.html ; ../collectibles.html ; ../progression.html ; ../calculateurs.html ; ../a-propos.html ; ../contact.html ; ../mentions-legales.html
vehicules/pegassi-faggio.html,/vehicules/pegassi-faggio.html,fiche véhicule,Pegassi Faggio — GTA VI | Leonidakit,https://www.leonidakit.com/vehicules/pegassi-faggio.html,,../search-index.js ; ../vehicules-data.js ; ../assets-manifest.js ; ../common.js ; ../app.js ; ../fiches.js,../search-index.js ; ../vehicules-data.js ; ../assets-manifest.js,https://fonts.googleapis.com/css2?family=Archivo:wght@400;500;600;700;900&display=swap ; ../style.css ; ../fiches.css ; https://www.leonidakit.com/img/social-card.png,recherche ; galerie ; possession,#main ; ../index.html ; ../carte.html ; ../vehicules.html ; ../armes.html ; ../collectibles.html ; ../progression.html ; ../index.html ; ../vehicules.html ; ../vehicules.html#cat=moto ; ../comparateur.html?type=vehicules&ids=pegassi-faggio ; #modele-reel ; https://www.google.com/search?tbm=isch&q=Piaggio%20Vespa ; https://fr.wikipedia.org/w/index.php?search=Piaggio%20Vespa ; ../vehicules.html#slot=europeen ; ../vehicules.html#cat=moto ; ../vehicules.html#slot=europeen ; ../carte.html#lieu=g-L1610 ; ../carte.html#lieu=g-L2375 ; ../carte.html#lieu=g-L590 ; ../contact.html ; dinka-double-t.html ; dinka-enduro.html ; lcc-avarus.html ; maibatsu-manchez.html ; maibatsu-sanchez.html ; yamaha-bws-125.html ; pegassi-bati-801.html ; principe-alvino-v1.html ; ../carte.html ; ../vehicules.html ; ../armes.html ; ../collectibles.html ; ../progression.html ; ../calculateurs.html ; ../a-propos.html ; ../contact.html ; ../mentions-legales.html
vehicules/pegassi-infernus-classic.html,/vehicules/pegassi-infernus-classic.html,fiche véhicule,Pegassi Infernus Classic — GTA VI | Leonidakit,https://www.leonidakit.com/vehicules/pegassi-infernus-classic.html,,../search-index.js ; ../vehicules-data.js ; ../assets-manifest.js ; ../common.js ; ../app.js ; ../fiches.js,../search-index.js ; ../vehicules-data.js ; ../assets-manifest.js,https://fonts.googleapis.com/css2?family=Archivo:wght@400;500;600;700;900&display=swap ; ../style.css ; ../fiches.css ; https://www.leonidakit.com/img/social-card.png,recherche ; galerie ; possession,#main ; ../index.html ; ../carte.html ; ../vehicules.html ; ../armes.html ; ../collectibles.html ; ../progression.html ; ../index.html ; ../vehicules.html ; ../vehicules.html#cat=sport ; ../comparateur.html?type=vehicules&ids=pegassi-infernus-classic ; #modele-reel ; https://www.google.com/search?tbm=isch&q=Lamborghini%20Diablo ; https://fr.wikipedia.org/w/index.php?search=Lamborghini%20Diablo ; ../vehicules.html#slot=europeen ; ../vehicules.html#cat=sport ; ../vehicules.html#slot=europeen ; ../carte.html#lieu=g-L1610 ; ../carte.html#lieu=g-L2375 ; ../carte.html#lieu=g-L590 ; ../contact.html ; albany-manana.html ; albany-v-str.html ; annis-elegy-retro-custom.html ; benefactor-schafter-lwb.html ; bravado-banshee.html ; bravado-buffalo.html ; ocelot-jugular.html ; pfister-comet-retro-custom.html ; ../carte.html ; ../vehicules.html ; ../armes.html ; ../collectibles.html ; ../progression.html ; ../calculateurs.html ; ../a-propos.html ; ../contact.html ; ../mentions-legales.html
vehicules/pegassi-speeder.html,/vehicules/pegassi-speeder.html,fiche véhicule,Pegassi Speeder — GTA VI | Leonidakit,https://www.leonidakit.com/vehicules/pegassi-speeder.html,,../search-index.js ; ../vehicules-data.js ; ../assets-manifest.js ; ../common.js ; ../app.js ; ../fiches.js,../search-index.js ; ../vehicules-data.js ; ../assets-manifest.js,https://fonts.googleapis.com/css2?family=Archivo:wght@400;500;600;700;900&display=swap ; ../style.css ; ../fiches.css ; https://www.leonidakit.com/img/social-card.png,recherche ; galerie ; possession,#main ; ../index.html ; ../carte.html ; ../vehicules.html ; ../armes.html ; ../collectibles.html ; ../progression.html ; ../index.html ; ../vehicules.html ; ../vehicules.html#cat=bateau ; ../comparateur.html?type=vehicules&ids=pegassi-speeder ; #modele-reel ; https://www.google.com/search?tbm=isch&q=Coeur%20290%20Nighthawk ; https://fr.wikipedia.org/w/index.php?search=Coeur%20290%20Nighthawk ; ../vehicules.html#cat=bateau ; ../carte.html#lieu=g-L1610 ; ../carte.html#lieu=g-L2375 ; ../carte.html#lieu=g-L590 ; ../contact.html ; airboat-09.html ; btn-delmar.html ; crest-kayak.html ; dinka-jetmax.html ; nagasaki-marquis.html ; lure-predator-l35p.html ; nagasaki-dinghy.html ; shitzu-longfin.html ; ../carte.html ; ../vehicules.html ; ../armes.html ; ../collectibles.html ; ../progression.html ; ../calculateurs.html ; ../a-propos.html ; ../contact.html ; ../mentions-legales.html
vehicules/pegassi-tempesta.html,/vehicules/pegassi-tempesta.html,fiche véhicule,Pegassi Tempesta — GTA VI | Leonidakit,https://www.leonidakit.com/vehicules/pegassi-tempesta.html,,../search-index.js ; ../vehicules-data.js ; ../assets-manifest.js ; ../common.js ; ../app.js ; ../fiches.js,../search-index.js ; ../vehicules-data.js ; ../assets-manifest.js,https://fonts.googleapis.com/css2?family=Archivo:wght@400;500;600;700;900&display=swap ; ../style.css ; ../fiches.css ; https://www.leonidakit.com/img/social-card.png,recherche ; galerie ; possession,#main ; ../index.html ; ../carte.html ; ../vehicules.html ; ../armes.html ; ../collectibles.html ; ../progression.html ; ../index.html ; ../vehicules.html ; ../vehicules.html#cat=supercar ; ../comparateur.html?type=vehicules&ids=pegassi-tempesta ; #modele-reel ; https://www.google.com/search?tbm=isch&q=Lamborghini%20Hurac%C3%A1n ; https://fr.wikipedia.org/w/index.php?search=Lamborghini%20Hurac%C3%A1n ; ../vehicules.html#slot=europeen ; ../vehicules.html#cat=supercar ; ../vehicules.html#slot=europeen ; ../carte.html#lieu=g-L1610 ; ../carte.html#lieu=g-L2375 ; ../carte.html#lieu=g-L590 ; ../contact.html ; grotti-furia.html ; lamborghini-aventador.html ; pegassi-zentorno.html ; pegassi-zorrusso.html ; progen-emerus.html ; lamborghini-aventador.html ; pegassi-zentorno.html ; ../carte.html ; ../vehicules.html ; ../armes.html ; ../collectibles.html ; ../progression.html ; ../calculateurs.html ; ../a-propos.html ; ../contact.html ; ../mentions-legales.html
vehicules/pegassi-toros.html,/vehicules/pegassi-toros.html,fiche véhicule,Pegassi Toros — GTA VI | Leonidakit,https://www.leonidakit.com/vehicules/pegassi-toros.html,,../search-index.js ; ../vehicules-data.js ; ../assets-manifest.js ; ../common.js ; ../app.js ; ../fiches.js,../search-index.js ; ../vehicules-data.js ; ../assets-manifest.js,https://fonts.googleapis.com/css2?family=Archivo:wght@400;500;600;700;900&display=swap ; ../style.css ; ../fiches.css ; https://www.leonidakit.com/img/social-card.png,recherche ; galerie ; possession,#main ; ../index.html ; ../carte.html ; ../vehicules.html ; ../armes.html ; ../collectibles.html ; ../progression.html ; ../index.html ; ../vehicules.html ; ../vehicules.html#cat=suv ; ../comparateur.html?type=vehicules&ids=pegassi-toros ; #modele-reel ; https://www.google.com/search?tbm=isch&q=Lamborghini%20Urus ; https://fr.wikipedia.org/w/index.php?search=Lamborghini%20Urus ; ../vehicules.html#slot=europeen ; ../vehicules.html#cat=suv ; ../vehicules.html#slot=europeen ; ../carte.html#lieu=g-L1610 ; ../carte.html#lieu=g-L2375 ; ../carte.html#lieu=g-L590 ; ../contact.html ; albany-cavalcade-xl.html ; benefactor-dubsta.html ; benefactor-xls.html ; bravado-dorado.html ; enus-jubilee.html ; canis-mesa.html ; toyota-rav4-5.html ; pfister-astron.html ; ../carte.html ; ../vehicules.html ; ../armes.html ; ../collectibles.html ; ../progression.html ; ../calculateurs.html ; ../a-propos.html ; ../contact.html ; ../mentions-legales.html
vehicules/pegassi-zentorno.html,/vehicules/pegassi-zentorno.html,fiche véhicule,Pegassi Zentorno — GTA VI | Leonidakit,https://www.leonidakit.com/vehicules/pegassi-zentorno.html,,../search-index.js ; ../vehicules-data.js ; ../assets-manifest.js ; ../common.js ; ../app.js ; ../fiches.js,../search-index.js ; ../vehicules-data.js ; ../assets-manifest.js,https://fonts.googleapis.com/css2?family=Archivo:wght@400;500;600;700;900&display=swap ; ../style.css ; ../fiches.css ; https://www.leonidakit.com/img/social-card.png,recherche ; galerie ; possession,#main ; ../index.html ; ../carte.html ; ../vehicules.html ; ../armes.html ; ../collectibles.html ; ../progression.html ; ../index.html ; ../vehicules.html ; ../vehicules.html#cat=supercar ; ../comparateur.html?type=vehicules&ids=pegassi-zentorno ; #modele-reel ; https://www.google.com/search?tbm=isch&q=Lamborghini%20Sesto%20Elemento ; https://fr.wikipedia.org/w/index.php?search=Lamborghini%20Sesto%20Elemento ; ../vehicules.html#slot=europeen ; ../vehicules.html#cat=supercar ; ../vehicules.html#slot=europeen ; ../carte.html#lieu=g-L1610 ; ../carte.html#lieu=g-L2375 ; ../carte.html#lieu=g-L590 ; ../contact.html ; grotti-furia.html ; lamborghini-aventador.html ; pegassi-tempesta.html ; pegassi-zorrusso.html ; progen-emerus.html ; pegassi-tempesta.html ; pegassi-zorrusso.html ; ../carte.html ; ../vehicules.html ; ../armes.html ; ../collectibles.html ; ../progression.html ; ../calculateurs.html ; ../a-propos.html ; ../contact.html ; ../mentions-legales.html
vehicules/pegassi-zorrusso.html,/vehicules/pegassi-zorrusso.html,fiche véhicule,Pegassi Zorrusso — GTA VI | Leonidakit,https://www.leonidakit.com/vehicules/pegassi-zorrusso.html,,../search-index.js ; ../vehicules-data.js ; ../assets-manifest.js ; ../common.js ; ../app.js ; ../fiches.js,../search-index.js ; ../vehicules-data.js ; ../assets-manifest.js,https://fonts.googleapis.com/css2?family=Archivo:wght@400;500;600;700;900&display=swap ; ../style.css ; ../fiches.css ; https://www.leonidakit.com/img/social-card.png,recherche ; galerie ; possession,#main ; ../index.html ; ../carte.html ; ../vehicules.html ; ../armes.html ; ../collectibles.html ; ../progression.html ; ../index.html ; ../vehicules.html ; ../vehicules.html#cat=supercar ; ../comparateur.html?type=vehicules&ids=pegassi-zorrusso ; #modele-reel ; https://www.google.com/search?tbm=isch&q=Italdesign%20Zerouno ; https://fr.wikipedia.org/w/index.php?search=Italdesign%20Zerouno ; ../vehicules.html#slot=europeen ; ../vehicules.html#cat=supercar ; ../vehicules.html#slot=europeen ; ../carte.html#lieu=g-L1610 ; ../carte.html#lieu=g-L2375 ; ../carte.html#lieu=g-L590 ; ../contact.html ; grotti-furia.html ; lamborghini-aventador.html ; pegassi-tempesta.html ; pegassi-zentorno.html ; progen-emerus.html ; pegassi-zentorno.html ; progen-emerus.html ; ../carte.html ; ../vehicules.html ; ../armes.html ; ../collectibles.html ; ../progression.html ; ../calculateurs.html ; ../a-propos.html ; ../contact.html ; ../mentions-legales.html
vehicules/pfister-astron.html,/vehicules/pfister-astron.html,fiche véhicule,Pfister Astron — GTA VI | Leonidakit,https://www.leonidakit.com/vehicules/pfister-astron.html,,../search-index.js ; ../vehicules-data.js ; ../assets-manifest.js ; ../common.js ; ../app.js ; ../fiches.js,../search-index.js ; ../vehicules-data.js ; ../assets-manifest.js,https://fonts.googleapis.com/css2?family=Archivo:wght@400;500;600;700;900&display=swap ; ../style.css ; ../fiches.css ; https://www.leonidakit.com/img/social-card.png,recherche ; galerie ; possession,#main ; ../index.html ; ../carte.html ; ../vehicules.html ; ../armes.html ; ../collectibles.html ; ../progression.html ; ../index.html ; ../vehicules.html ; ../vehicules.html#cat=suv ; ../comparateur.html?type=vehicules&ids=pfister-astron ; #modele-reel ; https://www.google.com/search?tbm=isch&q=Porsche%20Macan ; https://fr.wikipedia.org/w/index.php?search=Porsche%20Macan ; ../vehicules.html#slot=europeen ; ../vehicules.html#cat=suv ; ../vehicules.html#slot=europeen ; ../carte.html#lieu=g-L1610 ; ../carte.html#lieu=g-L2375 ; ../carte.html#lieu=g-L590 ; ../contact.html ; albany-cavalcade-xl.html ; benefactor-dubsta.html ; benefactor-xls.html ; bravado-dorado.html ; enus-jubilee.html ; canis-mesa.html ; pegassi-toros.html ; ubermacht-rebla-gts.html ; ../carte.html ; ../vehicules.html ; ../armes.html ; ../collectibles.html ; ../progression.html ; ../calculateurs.html ; ../a-propos.html ; ../contact.html ; ../mentions-legales.html
vehicules/pfister-comet-retro-custom.html,/vehicules/pfister-comet-retro-custom.html,fiche véhicule,Pfister Comet Retro Custom — GTA VI | Leonidakit,https://www.leonidakit.com/vehicules/pfister-comet-retro-custom.html,,../search-index.js ; ../vehicules-data.js ; ../assets-manifest.js ; ../common.js ; ../app.js ; ../fiches.js,../search-index.js ; ../vehicules-data.js ; ../assets-manifest.js,https://fonts.googleapis.com/css2?family=Archivo:wght@400;500;600;700;900&display=swap ; ../style.css ; ../fiches.css ; https://www.leonidakit.com/img/social-card.png,recherche ; galerie ; possession,#main ; ../index.html ; ../carte.html ; ../vehicules.html ; ../armes.html ; ../collectibles.html ; ../progression.html ; ../index.html ; ../vehicules.html ; ../vehicules.html#cat=sport ; ../comparateur.html?type=vehicules&ids=pfister-comet-retro-custom ; #modele-reel ; https://www.google.com/search?tbm=isch&q=Rauh-Welt%20Porsche%20911%20930 ; https://fr.wikipedia.org/w/index.php?search=Rauh-Welt%20Porsche%20911%20930 ; ../vehicules.html#slot=europeen ; ../vehicules.html#cat=sport ; ../vehicules.html#slot=europeen ; ../carte.html#lieu=g-L1610 ; ../carte.html#lieu=g-L2375 ; ../carte.html#lieu=g-L590 ; ../contact.html ; albany-manana.html ; albany-v-str.html ; annis-elegy-retro-custom.html ; benefactor-schafter-lwb.html ; bravado-banshee.html ; bravado-buffalo.html ; pegassi-infernus-classic.html ; pfister-comet-s2.html ; ../carte.html ; ../vehicules.html ; ../armes.html ; ../collectibles.html ; ../progression.html ; ../calculateurs.html ; ../a-propos.html ; ../contact.html ; ../mentions-legales.html
vehicules/pfister-comet-s2-cabrio.html,/vehicules/pfister-comet-s2-cabrio.html,fiche véhicule,Pfister Comet S2 Cabrio — GTA VI | Leonidakit,https://www.leonidakit.com/vehicules/pfister-comet-s2-cabrio.html,,../search-index.js ; ../vehicules-data.js ; ../assets-manifest.js ; ../common.js ; ../app.js ; ../fiches.js,../search-index.js ; ../vehicules-data.js ; ../assets-manifest.js,https://fonts.googleapis.com/css2?family=Archivo:wght@400;500;600;700;900&display=swap ; ../style.css ; ../fiches.css ; https://www.leonidakit.com/img/social-card.png,recherche ; galerie ; possession,#main ; ../index.html ; ../carte.html ; ../vehicules.html ; ../armes.html ; ../collectibles.html ; ../progression.html ; ../index.html ; ../vehicules.html ; ../vehicules.html#cat=sport ; ../comparateur.html?type=vehicules&ids=pfister-comet-s2-cabrio ; #modele-reel ; https://www.google.com/search?tbm=isch&q=Porsche%20911%20Turbo%20S%20Cabriolet ; https://fr.wikipedia.org/w/index.php?search=Porsche%20911%20Turbo%20S%20Cabriolet ; ../vehicules.html#slot=europeen ; ../vehicules.html#cat=sport ; ../vehicules.html#slot=europeen ; ../carte.html#lieu=g-L1610 ; ../carte.html#lieu=g-L2375 ; ../carte.html#lieu=g-L590 ; ../contact.html ; albany-manana.html ; albany-v-str.html ; annis-elegy-retro-custom.html ; benefactor-schafter-lwb.html ; bravado-banshee.html ; bravado-buffalo.html ; pfister-comet-s2.html ; annis-growler.html ; ../carte.html ; ../vehicules.html ; ../armes.html ; ../collectibles.html ; ../progression.html ; ../calculateurs.html ; ../a-propos.html ; ../contact.html ; ../mentions-legales.html
vehicules/pfister-comet-s2.html,/vehicules/pfister-comet-s2.html,fiche véhicule,Pfister Comet S2 — GTA VI | Leonidakit,https://www.leonidakit.com/vehicules/pfister-comet-s2.html,,../search-index.js ; ../vehicules-data.js ; ../assets-manifest.js ; ../common.js ; ../app.js ; ../fiches.js,../search-index.js ; ../vehicules-data.js ; ../assets-manifest.js,https://fonts.googleapis.com/css2?family=Archivo:wght@400;500;600;700;900&display=swap ; ../style.css ; ../fiches.css ; https://www.leonidakit.com/img/social-card.png,recherche ; galerie ; possession,#main ; ../index.html ; ../carte.html ; ../vehicules.html ; ../armes.html ; ../collectibles.html ; ../progression.html ; ../index.html ; ../vehicules.html ; ../vehicules.html#cat=sport ; ../comparateur.html?type=vehicules&ids=pfister-comet-s2 ; #modele-reel ; https://www.google.com/search?tbm=isch&q=Porsche%20911%20992 ; https://fr.wikipedia.org/w/index.php?search=Porsche%20911%20992 ; ../vehicules.html#slot=europeen ; ../vehicules.html#cat=sport ; ../vehicules.html#slot=europeen ; ../carte.html#lieu=g-L1610 ; ../carte.html#lieu=g-L2375 ; ../carte.html#lieu=g-L590 ; ../contact.html ; albany-manana.html ; albany-v-str.html ; annis-elegy-retro-custom.html ; benefactor-schafter-lwb.html ; bravado-banshee.html ; bravado-buffalo.html ; pfister-comet-retro-custom.html ; pfister-comet-s2-cabrio.html ; ../carte.html ; ../vehicules.html ; ../armes.html ; ../collectibles.html ; ../progression.html ; ../calculateurs.html ; ../a-propos.html ; ../contact.html ; ../mentions-legales.html
vehicules/pfister-neon.html,/vehicules/pfister-neon.html,fiche véhicule,Pfister Neon — GTA VI | Leonidakit,https://www.leonidakit.com/vehicules/pfister-neon.html,,../search-index.js ; ../vehicules-data.js ; ../assets-manifest.js ; ../common.js ; ../app.js ; ../fiches.js,../search-index.js ; ../vehicules-data.js ; ../assets-manifest.js,https://fonts.googleapis.com/css2?family=Archivo:wght@400;500;600;700;900&display=swap ; ../style.css ; ../fiches.css ; https://www.leonidakit.com/img/social-card.png,recherche ; galerie ; possession,#main ; ../index.html ; ../carte.html ; ../vehicules.html ; ../armes.html ; ../collectibles.html ; ../progression.html ; ../index.html ; ../vehicules.html ; ../vehicules.html#cat=sport ; ../comparateur.html?type=vehicules&ids=pfister-neon ; #modele-reel ; https://www.google.com/search?tbm=isch&q=Porsche%20Taycan ; https://fr.wikipedia.org/w/index.php?search=Porsche%20Taycan ; ../vehicules.html#slot=europeen ; ../vehicules.html#cat=sport ; ../vehicules.html#slot=europeen ; ../carte.html#lieu=g-L1610 ; ../carte.html#lieu=g-L2375 ; ../carte.html#lieu=g-L590 ; ../contact.html ; albany-manana.html ; albany-v-str.html ; annis-elegy-retro-custom.html ; benefactor-schafter-lwb.html ; bravado-banshee.html ; bravado-buffalo.html ; annis-growler.html ; ubermacht-cypher.html ; ../carte.html ; ../vehicules.html ; ../armes.html ; ../collectibles.html ; ../progression.html ; ../calculateurs.html ; ../a-propos.html ; ../contact.html ; ../mentions-legales.html
vehicules/pomazoom-mobility-scooter.html,/vehicules/pomazoom-mobility-scooter.html,fiche véhicule,Pomazoom — GTA VI | Leonidakit,https://www.leonidakit.com/vehicules/pomazoom-mobility-scooter.html,,../search-index.js ; ../vehicules-data.js ; ../assets-manifest.js ; ../common.js ; ../app.js ; ../fiches.js,../search-index.js ; ../vehicules-data.js ; ../assets-manifest.js,https://fonts.googleapis.com/css2?family=Archivo:wght@400;500;600;700;900&display=swap ; ../style.css ; ../fiches.css ; https://www.leonidakit.com/img/social-card.png,recherche ; galerie ; possession,#main ; ../index.html ; ../carte.html ; ../vehicules.html ; ../armes.html ; ../collectibles.html ; ../progression.html ; ../index.html ; ../vehicules.html ; ../vehicules.html#cat=moto ; ../comparateur.html?type=vehicules&ids=pomazoom-mobility-scooter ; #modele-reel ; https://www.google.com/search?tbm=isch&q=Pride%20Maxima%203 ; https://fr.wikipedia.org/w/index.php?search=Pride%20Maxima%203 ; ../vehicules.html#cat=moto ; ../carte.html#lieu=g-L1610 ; ../carte.html#lieu=g-L2375 ; ../carte.html#lieu=g-L590 ; ../contact.html ; dinka-double-t.html ; dinka-enduro.html ; lcc-avarus.html ; maibatsu-manchez.html ; maibatsu-sanchez.html ; yamaha-bws-125.html ; suzuki-gsx-r1000.html ; nagasaki-blazer-lifeguard.html ; ../carte.html ; ../vehicules.html ; ../armes.html ; ../collectibles.html ; ../progression.html ; ../calculateurs.html ; ../a-propos.html ; ../contact.html ; ../mentions-legales.html
vehicules/principe-alvino-v1.html,/vehicules/principe-alvino-v1.html,fiche véhicule,Principe Alvino V1 — GTA VI | Leonidakit,https://www.leonidakit.com/vehicules/principe-alvino-v1.html,,../search-index.js ; ../vehicules-data.js ; ../assets-manifest.js ; ../common.js ; ../app.js ; ../fiches.js,../search-index.js ; ../vehicules-data.js ; ../assets-manifest.js,https://fonts.googleapis.com/css2?family=Archivo:wght@400;500;600;700;900&display=swap ; ../style.css ; ../fiches.css ; https://www.leonidakit.com/img/social-card.png,recherche ; galerie ; possession,#main ; ../index.html ; ../carte.html ; ../vehicules.html ; ../armes.html ; ../collectibles.html ; ../progression.html ; ../index.html ; ../vehicules.html ; ../vehicules.html#cat=moto ; ../comparateur.html?type=vehicules&ids=principe-alvino-v1 ; #modele-reel ; https://www.google.com/search?tbm=isch&q=Ducati%20Panigale%20V2%20Sport%20Bike ; https://fr.wikipedia.org/w/index.php?search=Ducati%20Panigale%20V2%20Sport%20Bike ; ../vehicules.html#slot=europeen ; ../vehicules.html#cat=moto ; ../vehicules.html#slot=europeen ; ../carte.html#lieu=g-L1610 ; ../carte.html#lieu=g-L2375 ; ../carte.html#lieu=g-L590 ; ../contact.html ; dinka-double-t.html ; dinka-enduro.html ; lcc-avarus.html ; maibatsu-manchez.html ; maibatsu-sanchez.html ; yamaha-bws-125.html ; pegassi-faggio.html ; principe-lectro.html ; ../carte.html ; ../vehicules.html ; ../armes.html ; ../collectibles.html ; ../progression.html ; ../calculateurs.html ; ../a-propos.html ; ../contact.html ; ../mentions-legales.html
vehicules/principe-lectro.html,/vehicules/principe-lectro.html,fiche véhicule,Principe Lectro — GTA VI | Leonidakit,https://www.leonidakit.com/vehicules/principe-lectro.html,,../search-index.js ; ../vehicules-data.js ; ../assets-manifest.js ; ../common.js ; ../app.js ; ../fiches.js,../search-index.js ; ../vehicules-data.js ; ../assets-manifest.js,https://fonts.googleapis.com/css2?family=Archivo:wght@400;500;600;700;900&display=swap ; ../style.css ; ../fiches.css ; https://www.leonidakit.com/img/social-card.png,recherche ; galerie ; possession,#main ; ../index.html ; ../carte.html ; ../vehicules.html ; ../armes.html ; ../collectibles.html ; ../progression.html ; ../index.html ; ../vehicules.html ; ../vehicules.html#cat=moto ; ../comparateur.html?type=vehicules&ids=principe-lectro ; #modele-reel ; https://www.google.com/search?tbm=isch&q=Ducati%20Streetfighter%20S ; https://fr.wikipedia.org/w/index.php?search=Ducati%20Streetfighter%20S ; ../vehicules.html#slot=europeen ; ../vehicules.html#cat=moto ; ../vehicules.html#slot=europeen ; ../carte.html#lieu=g-L1610 ; ../carte.html#lieu=g-L2375 ; ../carte.html#lieu=g-L590 ; ../contact.html ; dinka-double-t.html ; dinka-enduro.html ; lcc-avarus.html ; maibatsu-manchez.html ; maibatsu-sanchez.html ; yamaha-bws-125.html ; principe-alvino-v1.html ; shitzu-pcj-600.html ; ../carte.html ; ../vehicules.html ; ../armes.html ; ../collectibles.html ; ../progression.html ; ../calculateurs.html ; ../a-propos.html ; ../contact.html ; ../mentions-legales.html
vehicules/progen-emerus.html,/vehicules/progen-emerus.html,fiche véhicule,Progen Emerus — GTA VI | Leonidakit,https://www.leonidakit.com/vehicules/progen-emerus.html,,../search-index.js ; ../vehicules-data.js ; ../assets-manifest.js ; ../common.js ; ../app.js ; ../fiches.js,../search-index.js ; ../vehicules-data.js ; ../assets-manifest.js,https://fonts.googleapis.com/css2?family=Archivo:wght@400;500;600;700;900&display=swap ; ../style.css ; ../fiches.css ; https://www.leonidakit.com/img/social-card.png,recherche ; galerie ; possession,#main ; ../index.html ; ../carte.html ; ../vehicules.html ; ../armes.html ; ../collectibles.html ; ../progression.html ; ../index.html ; ../vehicules.html ; ../vehicules.html#cat=supercar ; ../comparateur.html?type=vehicules&ids=progen-emerus ; #modele-reel ; https://www.google.com/search?tbm=isch&q=McLaren%20Senna ; https://fr.wikipedia.org/w/index.php?search=McLaren%20Senna ; ../vehicules.html#slot=europeen ; ../vehicules.html#cat=supercar ; ../vehicules.html#slot=europeen ; ../carte.html#lieu=g-L1610 ; ../carte.html#lieu=g-L2375 ; ../carte.html#lieu=g-L590 ; ../contact.html ; grotti-furia.html ; lamborghini-aventador.html ; pegassi-tempesta.html ; pegassi-zentorno.html ; pegassi-zorrusso.html ; pegassi-zorrusso.html ; albany-buccaneer.html ; ../carte.html ; ../vehicules.html ; ../armes.html ; ../collectibles.html ; ../progression.html ; ../calculateurs.html ; ../a-propos.html ; ../contact.html ; ../mentions-legales.html
vehicules/ram-3500.html,/vehicules/ram-3500.html,fiche véhicule,RAM 3500 — GTA VI | Leonidakit,https://www.leonidakit.com/vehicules/ram-3500.html,,../search-index.js ; ../vehicules-data.js ; ../assets-manifest.js ; ../common.js ; ../app.js ; ../fiches.js,../search-index.js ; ../vehicules-data.js ; ../assets-manifest.js,https://fonts.googleapis.com/css2?family=Archivo:wght@400;500;600;700;900&display=swap ; ../style.css ; ../fiches.css ; https://www.leonidakit.com/img/social-card.png,recherche ; galerie ; possession,#main ; ../index.html ; ../carte.html ; ../vehicules.html ; ../armes.html ; ../collectibles.html ; ../progression.html ; ../index.html ; ../vehicules.html ; ../vehicules.html#cat=pickup ; ../comparateur.html?type=vehicules&ids=ram-3500 ; #modele-reel ; https://www.google.com/search?tbm=isch&q=RAM%203500 ; https://fr.wikipedia.org/w/index.php?search=RAM%203500 ; ../vehicules.html#cat=pickup ; ../carte.html#lieu=g-L1610 ; ../carte.html#lieu=g-L2375 ; ../carte.html#lieu=g-L590 ; ../contact.html ; annis-hellion.html ; bravado-bison-900-95-monster-truck.html ; canis-kamacho.html ; declasse-rancher.html ; declasse-walton-l35-stock.html ; declasse-yosemite.html ; ford-f-series-3.html ; jeep-scrambler-cj8.html ; ../carte.html ; ../vehicules.html ; ../armes.html ; ../collectibles.html ; ../progression.html ; ../calculateurs.html ; ../a-propos.html ; ../contact.html ; ../mentions-legales.html
vehicules/rb-s-ii.html,/vehicules/rb-s-ii.html,fiche véhicule,RB-S II — GTA VI | Leonidakit,https://www.leonidakit.com/vehicules/rb-s-ii.html,,../search-index.js ; ../vehicules-data.js ; ../assets-manifest.js ; ../common.js ; ../app.js ; ../fiches.js,../search-index.js ; ../vehicules-data.js ; ../assets-manifest.js,https://fonts.googleapis.com/css2?family=Archivo:wght@400;500;600;700;900&display=swap ; ../style.css ; ../fiches.css ; https://www.leonidakit.com/img/social-card.png,recherche ; galerie ; possession,#main ; ../index.html ; ../carte.html ; ../vehicules.html ; ../armes.html ; ../collectibles.html ; ../progression.html ; ../index.html ; ../vehicules.html ; ../vehicules.html#cat=bateau ; ../comparateur.html?type=vehicules&ids=rb-s-ii ; #modele-reel ; https://www.google.com/search?tbm=isch&q=Vedette%20garde-c%C3%B4tes%20RB-S%20II ; https://fr.wikipedia.org/w/index.php?search=Vedette%20garde-c%C3%B4tes%20RB-S%20II ; ../vehicules.html#cat=bateau ; ../carte.html#lieu=g-L1610 ; ../carte.html#lieu=g-L2375 ; ../carte.html#lieu=g-L590 ; ../contact.html ; airboat-09.html ; btn-delmar.html ; crest-kayak.html ; dinka-jetmax.html ; nagasaki-marquis.html ; lure-predator-l35p.html ; rb-s.html ; riva-86-domino.html ; ../carte.html ; ../vehicules.html ; ../armes.html ; ../collectibles.html ; ../progression.html ; ../calculateurs.html ; ../a-propos.html ; ../contact.html ; ../mentions-legales.html
vehicules/rb-s.html,/vehicules/rb-s.html,fiche véhicule,RB-S — GTA VI | Leonidakit,https://www.leonidakit.com/vehicules/rb-s.html,,../search-index.js ; ../vehicules-data.js ; ../assets-manifest.js ; ../common.js ; ../app.js ; ../fiches.js,../search-index.js ; ../vehicules-data.js ; ../assets-manifest.js,https://fonts.googleapis.com/css2?family=Archivo:wght@400;500;600;700;900&display=swap ; ../style.css ; ../fiches.css ; https://www.leonidakit.com/img/social-card.png,recherche ; galerie ; possession,#main ; ../index.html ; ../carte.html ; ../vehicules.html ; ../armes.html ; ../collectibles.html ; ../progression.html ; ../index.html ; ../vehicules.html ; ../vehicules.html#cat=bateau ; ../comparateur.html?type=vehicules&ids=rb-s ; #modele-reel ; https://www.google.com/search?tbm=isch&q=Vedette%20garde-c%C3%B4tes%20RB-S ; https://fr.wikipedia.org/w/index.php?search=Vedette%20garde-c%C3%B4tes%20RB-S ; ../vehicules.html#cat=bateau ; ../carte.html#lieu=g-L1610 ; ../carte.html#lieu=g-L2375 ; ../carte.html#lieu=g-L590 ; ../contact.html ; airboat-09.html ; btn-delmar.html ; crest-kayak.html ; dinka-jetmax.html ; nagasaki-marquis.html ; lure-predator-l35p.html ; cruise-ship.html ; rb-s-ii.html ; ../carte.html ; ../vehicules.html ; ../armes.html ; ../collectibles.html ; ../progression.html ; ../calculateurs.html ; ../a-propos.html ; ../contact.html ; ../mentions-legales.html
vehicules/rexhall-rose-air.html,/vehicules/rexhall-rose-air.html,fiche véhicule,Rose Air — GTA VI | Leonidakit,https://www.leonidakit.com/vehicules/rexhall-rose-air.html,,../search-index.js ; ../vehicules-data.js ; ../assets-manifest.js ; ../common.js ; ../app.js ; ../fiches.js,../search-index.js ; ../vehicules-data.js ; ../assets-manifest.js,https://fonts.googleapis.com/css2?family=Archivo:wght@400;500;600;700;900&display=swap ; ../style.css ; ../fiches.css ; https://www.leonidakit.com/img/social-card.png,recherche ; galerie ; possession,#main ; ../index.html ; ../carte.html ; ../vehicules.html ; ../armes.html ; ../collectibles.html ; ../progression.html ; ../index.html ; ../vehicules.html ; ../vehicules.html#cat=van ; ../comparateur.html?type=vehicules&ids=rexhall-rose-air ; #modele-reel ; https://www.google.com/search?tbm=isch&q=Rexhall%20Rose%20Air ; https://fr.wikipedia.org/w/index.php?search=Rexhall%20Rose%20Air ; ../vehicules.html#cat=van ; ../carte.html#lieu=g-L1610 ; ../carte.html#lieu=g-L2375 ; ../carte.html#lieu=g-L590 ; ../contact.html ; bravado-bison.html ; bravado-bison-1800.html ; bravado-bison-900-95.html ; bravado-rumpo.html ; bravado-youga-classic.html ; brute-boxville.html ; moocher.html ; mercedes-sprinter-2.html ; ../carte.html ; ../vehicules.html ; ../armes.html ; ../collectibles.html ; ../progression.html ; ../calculateurs.html ; ../a-propos.html ; ../contact.html ; ../mentions-legales.html
vehicules/riva-86-domino.html,/vehicules/riva-86-domino.html,fiche véhicule,Riva 86 Domino — GTA VI | Leonidakit,https://www.leonidakit.com/vehicules/riva-86-domino.html,,../search-index.js ; ../vehicules-data.js ; ../assets-manifest.js ; ../common.js ; ../app.js ; ../fiches.js,../search-index.js ; ../vehicules-data.js ; ../assets-manifest.js,https://fonts.googleapis.com/css2?family=Archivo:wght@400;500;600;700;900&display=swap ; ../style.css ; ../fiches.css ; https://www.leonidakit.com/img/social-card.png,recherche ; galerie ; possession,#main ; ../index.html ; ../carte.html ; ../vehicules.html ; ../armes.html ; ../collectibles.html ; ../progression.html ; ../index.html ; ../vehicules.html ; ../vehicules.html#cat=bateau ; ../comparateur.html?type=vehicules&ids=riva-86-domino ; #modele-reel ; https://www.google.com/search?tbm=isch&q=Riva%2086%20Domino ; https://fr.wikipedia.org/w/index.php?search=Riva%2086%20Domino ; ../vehicules.html#slot=europeen ; ../vehicules.html#cat=bateau ; ../vehicules.html#slot=europeen ; ../carte.html#lieu=g-L1610 ; ../carte.html#lieu=g-L2375 ; ../carte.html#lieu=g-L590 ; ../contact.html ; airboat-09.html ; btn-delmar.html ; crest-kayak.html ; dinka-jetmax.html ; nagasaki-marquis.html ; lure-predator-l35p.html ; rb-s-ii.html ; sea-ray-350-sundancer.html ; ../carte.html ; ../vehicules.html ; ../armes.html ; ../collectibles.html ; ../progression.html ; ../calculateurs.html ; ../a-propos.html ; ../contact.html ; ../mentions-legales.html
vehicules/schyster-deviant.html,/vehicules/schyster-deviant.html,fiche véhicule,Schyster Deviant — GTA VI | Leonidakit,https://www.leonidakit.com/vehicules/schyster-deviant.html,,../search-index.js ; ../vehicules-data.js ; ../assets-manifest.js ; ../common.js ; ../app.js ; ../fiches.js,../search-index.js ; ../vehicules-data.js ; ../assets-manifest.js,https://fonts.googleapis.com/css2?family=Archivo:wght@400;500;600;700;900&display=swap ; ../style.css ; ../fiches.css ; https://www.leonidakit.com/img/social-card.png,recherche ; galerie ; possession,#main ; ../index.html ; ../carte.html ; ../vehicules.html ; ../armes.html ; ../collectibles.html ; ../progression.html ; ../index.html ; ../vehicules.html ; ../vehicules.html#cat=muscle ; ../comparateur.html?type=vehicules&ids=schyster-deviant ; #modele-reel ; https://www.google.com/search?tbm=isch&q=1972%20AMC%20Javelin ; https://fr.wikipedia.org/w/index.php?search=1972%20AMC%20Javelin ; ../vehicules.html#slot=americain ; ../vehicules.html#cat=muscle ; ../vehicules.html#slot=americain ; ../vehicules-rares.html ; ../carte.html#lieu=g-L1610 ; ../carte.html#lieu=g-L2375 ; ../carte.html#lieu=g-L590 ; ../contact.html ; albany-buccaneer.html ; albany-buccaneer-custom.html ; albany-virgo-classic.html ; bravado-buffalo-stx.html ; bravado-gauntlet-classic.html ; vapid-gauntlet-classic-custom.html ; sirius.html ; vapid-chino.html ; ../carte.html ; ../vehicules.html ; ../armes.html ; ../collectibles.html ; ../progression.html ; ../calculateurs.html ; ../a-propos.html ; ../contact.html ; ../mentions-legales.html
vehicules/schyster-pmp-700.html,/vehicules/schyster-pmp-700.html,fiche véhicule,Schyster PMP 700 — GTA VI | Leonidakit,https://www.leonidakit.com/vehicules/schyster-pmp-700.html,,../search-index.js ; ../vehicules-data.js ; ../assets-manifest.js ; ../common.js ; ../app.js ; ../fiches.js,../search-index.js ; ../vehicules-data.js ; ../assets-manifest.js,https://fonts.googleapis.com/css2?family=Archivo:wght@400;500;600;700;900&display=swap ; ../style.css ; ../fiches.css ; https://www.leonidakit.com/img/social-card.png,recherche ; galerie ; possession,#main ; ../index.html ; ../carte.html ; ../vehicules.html ; ../armes.html ; ../collectibles.html ; ../progression.html ; ../index.html ; ../vehicules.html ; ../vehicules.html#cat=berline ; ../comparateur.html?type=vehicules&ids=schyster-pmp-700 ; #modele-reel ; https://www.google.com/search?tbm=isch&q=Chrysler%20300 ; https://fr.wikipedia.org/w/index.php?search=Chrysler%20300 ; ../vehicules.html#slot=americain ; ../vehicules.html#cat=berline ; ../vehicules.html#slot=americain ; ../carte.html#lieu=g-L1610 ; ../carte.html#lieu=g-L2375 ; ../carte.html#lieu=g-L590 ; ../contact.html ; albany-emperor.html ; albany-primo.html ; albany-primo-custom.html ; benefactor-schafter-v12.html ; karin-asterope.html ; karin-asterope-gz.html ; obey-tailgater-s.html ; vapid-stanier-moderne.html ; ../carte.html ; ../vehicules.html ; ../armes.html ; ../collectibles.html ; ../progression.html ; ../calculateurs.html ; ../a-propos.html ; ../contact.html ; ../mentions-legales.html
vehicules/scorcher.html,/vehicules/scorcher.html,fiche véhicule,Scorcher — GTA VI | Leonidakit,https://www.leonidakit.com/vehicules/scorcher.html,,../search-index.js ; ../vehicules-data.js ; ../assets-manifest.js ; ../common.js ; ../app.js ; ../fiches.js,../search-index.js ; ../vehicules-data.js ; ../assets-manifest.js,https://fonts.googleapis.com/css2?family=Archivo:wght@400;500;600;700;900&display=swap ; ../style.css ; ../fiches.css ; https://www.leonidakit.com/img/social-card.png,recherche ; galerie ; possession,#main ; ../index.html ; ../carte.html ; ../vehicules.html ; ../armes.html ; ../collectibles.html ; ../progression.html ; ../index.html ; ../vehicules.html ; ../vehicules.html#cat=divers ; ../comparateur.html?type=vehicules&ids=scorcher ; #modele-reel ; https://www.google.com/search?tbm=isch&q=Saracen%20Zen ; https://fr.wikipedia.org/w/index.php?search=Saracen%20Zen ; ../vehicules.html#cat=divers ; ../carte.html#lieu=g-L1610 ; ../carte.html#lieu=g-L2375 ; ../carte.html#lieu=g-L590 ; ../contact.html ; endurex-race-bike.html ; bmx.html ; cruiser.html ; lombike.html ; monorail-de-vice-city.html ; electric-scooter.html ; monorail-de-vice-city.html ; electric-scooter.html ; ../carte.html ; ../vehicules.html ; ../armes.html ; ../collectibles.html ; ../progression.html ; ../calculateurs.html ; ../a-propos.html ; ../contact.html ; ../mentions-legales.html
vehicules/sea-doo-rxt-x-300.html,/vehicules/sea-doo-rxt-x-300.html,fiche véhicule,Sea-Doo RXT-X 300 — GTA VI | Leonidakit,https://www.leonidakit.com/vehicules/sea-doo-rxt-x-300.html,,../search-index.js ; ../vehicules-data.js ; ../assets-manifest.js ; ../common.js ; ../app.js ; ../fiches.js,../search-index.js ; ../vehicules-data.js ; ../assets-manifest.js,https://fonts.googleapis.com/css2?family=Archivo:wght@400;500;600;700;900&display=swap ; ../style.css ; ../fiches.css ; https://www.leonidakit.com/img/social-card.png,recherche ; galerie ; possession,#main ; ../index.html ; ../carte.html ; ../vehicules.html ; ../armes.html ; ../collectibles.html ; ../progression.html ; ../index.html ; ../vehicules.html ; ../vehicules.html#cat=bateau ; ../comparateur.html?type=vehicules&ids=sea-doo-rxt-x-300 ; #modele-reel ; https://www.google.com/search?tbm=isch&q=Sea-Doo%20RXT-X%20300 ; https://fr.wikipedia.org/w/index.php?search=Sea-Doo%20RXT-X%20300 ; ../vehicules.html#slot=americain ; ../vehicules.html#cat=bateau ; ../vehicules.html#slot=americain ; ../carte.html#lieu=g-L1610 ; ../carte.html#lieu=g-L2375 ; ../carte.html#lieu=g-L590 ; ../contact.html ; airboat-09.html ; btn-delmar.html ; crest-kayak.html ; dinka-jetmax.html ; nagasaki-marquis.html ; lure-predator-l35p.html ; sea-ray-350-sundancer.html ; skater-388.html ; ../carte.html ; ../vehicules.html ; ../armes.html ; ../collectibles.html ; ../progression.html ; ../calculateurs.html ; ../a-propos.html ; ../contact.html ; ../mentions-legales.html
vehicules/sea-ray-350-sundancer.html,/vehicules/sea-ray-350-sundancer.html,fiche véhicule,Sea Ray 350 Sundancer — GTA VI | Leonidakit,https://www.leonidakit.com/vehicules/sea-ray-350-sundancer.html,,../search-index.js ; ../vehicules-data.js ; ../assets-manifest.js ; ../common.js ; ../app.js ; ../fiches.js,../search-index.js ; ../vehicules-data.js ; ../assets-manifest.js,https://fonts.googleapis.com/css2?family=Archivo:wght@400;500;600;700;900&display=swap ; ../style.css ; ../fiches.css ; https://www.leonidakit.com/img/social-card.png,recherche ; galerie ; possession,#main ; ../index.html ; ../carte.html ; ../vehicules.html ; ../armes.html ; ../collectibles.html ; ../progression.html ; ../index.html ; ../vehicules.html ; ../vehicules.html#cat=bateau ; ../comparateur.html?type=vehicules&ids=sea-ray-350-sundancer ; #modele-reel ; https://www.google.com/search?tbm=isch&q=Sea%20Ray%20350%20Sundancer ; https://fr.wikipedia.org/w/index.php?search=Sea%20Ray%20350%20Sundancer ; ../vehicules.html#slot=americain ; ../vehicules.html#cat=bateau ; ../vehicules.html#slot=americain ; ../carte.html#lieu=g-L1610 ; ../carte.html#lieu=g-L2375 ; ../carte.html#lieu=g-L590 ; ../contact.html ; airboat-09.html ; btn-delmar.html ; crest-kayak.html ; dinka-jetmax.html ; nagasaki-marquis.html ; lure-predator-l35p.html ; riva-86-domino.html ; sea-doo-rxt-x-300.html ; ../carte.html ; ../vehicules.html ; ../armes.html ; ../collectibles.html ; ../progression.html ; ../calculateurs.html ; ../a-propos.html ; ../contact.html ; ../mentions-legales.html
vehicules/shipyard-de-hoop-brion.html,/vehicules/shipyard-de-hoop-brion.html,fiche véhicule,De Hoop Brion — GTA VI | Leonidakit,https://www.leonidakit.com/vehicules/shipyard-de-hoop-brion.html,,../search-index.js ; ../vehicules-data.js ; ../assets-manifest.js ; ../common.js ; ../app.js ; ../fiches.js,../search-index.js ; ../vehicules-data.js ; ../assets-manifest.js,https://fonts.googleapis.com/css2?family=Archivo:wght@400;500;600;700;900&display=swap ; ../style.css ; ../fiches.css ; https://www.leonidakit.com/img/social-card.png,recherche ; galerie ; possession,#main ; ../index.html ; ../carte.html ; ../vehicules.html ; ../armes.html ; ../collectibles.html ; ../progression.html ; ../index.html ; ../vehicules.html ; ../vehicules.html#cat=bateau ; ../comparateur.html?type=vehicules&ids=shipyard-de-hoop-brion ; #modele-reel ; https://www.google.com/search?tbm=isch&q=Shipyard%20De%20Hoop%20Brion ; https://fr.wikipedia.org/w/index.php?search=Shipyard%20De%20Hoop%20Brion ; ../vehicules.html#cat=bateau ; ../carte.html#lieu=g-L1610 ; ../carte.html#lieu=g-L2375 ; ../carte.html#lieu=g-L590 ; ../contact.html ; airboat-09.html ; btn-delmar.html ; crest-kayak.html ; dinka-jetmax.html ; nagasaki-marquis.html ; lure-predator-l35p.html ; crusader-boats-gfy.html ; ferry.html ; ../carte.html ; ../vehicules.html ; ../armes.html ; ../collectibles.html ; ../progression.html ; ../calculateurs.html ; ../a-propos.html ; ../contact.html ; ../mentions-legales.html
vehicules/shitzu-longfin.html,/vehicules/shitzu-longfin.html,fiche véhicule,Shitzu Longfin — GTA VI | Leonidakit,https://www.leonidakit.com/vehicules/shitzu-longfin.html,,../search-index.js ; ../vehicules-data.js ; ../assets-manifest.js ; ../common.js ; ../app.js ; ../fiches.js,../search-index.js ; ../vehicules-data.js ; ../assets-manifest.js,https://fonts.googleapis.com/css2?family=Archivo:wght@400;500;600;700;900&display=swap ; ../style.css ; ../fiches.css ; https://www.leonidakit.com/img/social-card.png,recherche ; galerie ; possession,#main ; ../index.html ; ../carte.html ; ../vehicules.html ; ../armes.html ; ../collectibles.html ; ../progression.html ; ../index.html ; ../vehicules.html ; ../vehicules.html#cat=bateau ; ../comparateur.html?type=vehicules&ids=shitzu-longfin ; #modele-reel ; https://www.google.com/search?tbm=isch&q=Vedette%20de%20p%C3%AAche%20hauturi%C3%A8re ; https://fr.wikipedia.org/w/index.php?search=Vedette%20de%20p%C3%AAche%20hauturi%C3%A8re ; ../vehicules.html#cat=bateau ; ../carte.html#lieu=g-L1610 ; ../carte.html#lieu=g-L2375 ; ../carte.html#lieu=g-L590 ; ../contact.html ; airboat-09.html ; btn-delmar.html ; crest-kayak.html ; dinka-jetmax.html ; nagasaki-marquis.html ; lure-predator-l35p.html ; pegassi-speeder.html ; shitzu-squalo.html ; ../carte.html ; ../vehicules.html ; ../armes.html ; ../collectibles.html ; ../progression.html ; ../calculateurs.html ; ../a-propos.html ; ../contact.html ; ../mentions-legales.html
vehicules/shitzu-pcj-600.html,/vehicules/shitzu-pcj-600.html,fiche véhicule,Shitzu PCJ-600 — GTA VI | Leonidakit,https://www.leonidakit.com/vehicules/shitzu-pcj-600.html,,../search-index.js ; ../vehicules-data.js ; ../assets-manifest.js ; ../common.js ; ../app.js ; ../fiches.js,../search-index.js ; ../vehicules-data.js ; ../assets-manifest.js,https://fonts.googleapis.com/css2?family=Archivo:wght@400;500;600;700;900&display=swap ; ../style.css ; ../fiches.css ; https://www.leonidakit.com/img/social-card.png,recherche ; galerie ; possession,#main ; ../index.html ; ../carte.html ; ../vehicules.html ; ../armes.html ; ../collectibles.html ; ../progression.html ; ../index.html ; ../vehicules.html ; ../vehicules.html#cat=moto ; ../comparateur.html?type=vehicules&ids=shitzu-pcj-600 ; #modele-reel ; https://www.google.com/search?tbm=isch&q=Yamaha%20YZF-R6 ; https://fr.wikipedia.org/w/index.php?search=Yamaha%20YZF-R6 ; ../vehicules.html#slot=japonais ; ../vehicules.html#cat=moto ; ../vehicules.html#slot=japonais ; ../carte.html#lieu=g-L1610 ; ../carte.html#lieu=g-L2375 ; ../carte.html#lieu=g-L590 ; ../contact.html ; dinka-double-t.html ; dinka-enduro.html ; lcc-avarus.html ; maibatsu-manchez.html ; maibatsu-sanchez.html ; yamaha-bws-125.html ; principe-lectro.html ; western-nightblade.html ; ../carte.html ; ../vehicules.html ; ../armes.html ; ../collectibles.html ; ../progression.html ; ../calculateurs.html ; ../a-propos.html ; ../contact.html ; ../mentions-legales.html
vehicules/shitzu-squalo.html,/vehicules/shitzu-squalo.html,fiche véhicule,Shitzu Squalo — GTA VI | Leonidakit,https://www.leonidakit.com/vehicules/shitzu-squalo.html,,../search-index.js ; ../vehicules-data.js ; ../assets-manifest.js ; ../common.js ; ../app.js ; ../fiches.js,../search-index.js ; ../vehicules-data.js ; ../assets-manifest.js,https://fonts.googleapis.com/css2?family=Archivo:wght@400;500;600;700;900&display=swap ; ../style.css ; ../fiches.css ; https://www.leonidakit.com/img/social-card.png,recherche ; galerie ; possession,#main ; ../index.html ; ../carte.html ; ../vehicules.html ; ../armes.html ; ../collectibles.html ; ../progression.html ; ../index.html ; ../vehicules.html ; ../vehicules.html#cat=bateau ; ../comparateur.html?type=vehicules&ids=shitzu-squalo ; #modele-reel ; https://www.google.com/search?tbm=isch&q=Chris-Craft%20Stinger%20390x ; https://fr.wikipedia.org/w/index.php?search=Chris-Craft%20Stinger%20390x ; ../vehicules.html#slot=americain ; ../vehicules.html#cat=bateau ; ../vehicules.html#slot=americain ; ../vehicules-rares.html ; ../carte.html#lieu=g-L1610 ; ../carte.html#lieu=g-L2375 ; ../carte.html#lieu=g-L590 ; ../contact.html ; airboat-09.html ; btn-delmar.html ; crest-kayak.html ; dinka-jetmax.html ; nagasaki-marquis.html ; lure-predator-l35p.html ; shitzu-longfin.html ; shitzu-tropic.html ; ../carte.html ; ../vehicules.html ; ../armes.html ; ../collectibles.html ; ../progression.html ; ../calculateurs.html ; ../a-propos.html ; ../contact.html ; ../mentions-legales.html
vehicules/shitzu-tropic.html,/vehicules/shitzu-tropic.html,fiche véhicule,Shitzu Tropic — GTA VI | Leonidakit,https://www.leonidakit.com/vehicules/shitzu-tropic.html,,../search-index.js ; ../vehicules-data.js ; ../assets-manifest.js ; ../common.js ; ../app.js ; ../fiches.js,../search-index.js ; ../vehicules-data.js ; ../assets-manifest.js,https://fonts.googleapis.com/css2?family=Archivo:wght@400;500;600;700;900&display=swap ; ../style.css ; ../fiches.css ; https://www.leonidakit.com/img/social-card.png,recherche ; galerie ; possession,#main ; ../index.html ; ../carte.html ; ../vehicules.html ; ../armes.html ; ../collectibles.html ; ../progression.html ; ../index.html ; ../vehicules.html ; ../vehicules.html#cat=bateau ; ../comparateur.html?type=vehicules&ids=shitzu-tropic ; #modele-reel ; https://www.google.com/search?tbm=isch&q=Sea%20Ray%20300%20Sundancer ; https://fr.wikipedia.org/w/index.php?search=Sea%20Ray%20300%20Sundancer ; ../vehicules.html#slot=americain ; ../vehicules.html#cat=bateau ; ../vehicules.html#slot=americain ; ../carte.html#lieu=g-L1610 ; ../carte.html#lieu=g-L2375 ; ../carte.html#lieu=g-L590 ; ../contact.html ; airboat-09.html ; btn-delmar.html ; crest-kayak.html ; dinka-jetmax.html ; nagasaki-marquis.html ; lure-predator-l35p.html ; shitzu-squalo.html ; speedophile-seashark.html ; ../carte.html ; ../vehicules.html ; ../armes.html ; ../collectibles.html ; ../progression.html ; ../calculateurs.html ; ../a-propos.html ; ../contact.html ; ../mentions-legales.html
vehicules/sirius.html,/vehicules/sirius.html,fiche véhicule,Sirius — GTA VI | Leonidakit,https://www.leonidakit.com/vehicules/sirius.html,,../search-index.js ; ../vehicules-data.js ; ../assets-manifest.js ; ../common.js ; ../app.js ; ../fiches.js,../search-index.js ; ../vehicules-data.js ; ../assets-manifest.js,https://fonts.googleapis.com/css2?family=Archivo:wght@400;500;600;700;900&display=swap ; ../style.css ; ../fiches.css ; https://www.leonidakit.com/img/social-card.png,recherche ; galerie ; possession,#main ; ../index.html ; ../carte.html ; ../vehicules.html ; ../armes.html ; ../collectibles.html ; ../progression.html ; ../index.html ; ../vehicules.html ; ../vehicules.html#cat=muscle ; ../comparateur.html?type=vehicules&ids=sirius ; #modele-reel ; https://www.google.com/search?tbm=isch&q=1970%20Mercury%20Cougar ; https://fr.wikipedia.org/w/index.php?search=1970%20Mercury%20Cougar ; ../vehicules.html#slot=americain ; ../vehicules.html#cat=muscle ; ../vehicules.html#slot=americain ; ../vehicules-rares.html ; ../carte.html#lieu=g-L1610 ; ../carte.html#lieu=g-L2375 ; ../carte.html#lieu=g-L590 ; ../contact.html ; albany-buccaneer.html ; albany-buccaneer-custom.html ; albany-virgo-classic.html ; bravado-buffalo-stx.html ; bravado-gauntlet-classic.html ; vapid-gauntlet-classic-custom.html ; imponte-ruiner.html ; schyster-deviant.html ; ../carte.html ; ../vehicules.html ; ../armes.html ; ../collectibles.html ; ../progression.html ; ../calculateurs.html ; ../a-propos.html ; ../contact.html ; ../mentions-legales.html
vehicules/skater-388.html,/vehicules/skater-388.html,fiche véhicule,Skater 388 — GTA VI | Leonidakit,https://www.leonidakit.com/vehicules/skater-388.html,,../search-index.js ; ../vehicules-data.js ; ../assets-manifest.js ; ../common.js ; ../app.js ; ../fiches.js,../search-index.js ; ../vehicules-data.js ; ../assets-manifest.js,https://fonts.googleapis.com/css2?family=Archivo:wght@400;500;600;700;900&display=swap ; ../style.css ; ../fiches.css ; https://www.leonidakit.com/img/social-card.png,recherche ; galerie ; possession,#main ; ../index.html ; ../carte.html ; ../vehicules.html ; ../armes.html ; ../collectibles.html ; ../progression.html ; ../index.html ; ../vehicules.html ; ../vehicules.html#cat=bateau ; ../comparateur.html?type=vehicules&ids=skater-388 ; #modele-reel ; https://www.google.com/search?tbm=isch&q=Skater%20388 ; https://fr.wikipedia.org/w/index.php?search=Skater%20388 ; ../vehicules.html#slot=americain ; ../vehicules.html#cat=bateau ; ../vehicules.html#slot=americain ; ../carte.html#lieu=g-L1610 ; ../carte.html#lieu=g-L2375 ; ../carte.html#lieu=g-L590 ; ../contact.html ; airboat-09.html ; btn-delmar.html ; crest-kayak.html ; dinka-jetmax.html ; nagasaki-marquis.html ; lure-predator-l35p.html ; sea-doo-rxt-x-300.html ; nagasaki-dinghy.html ; ../carte.html ; ../vehicules.html ; ../armes.html ; ../collectibles.html ; ../progression.html ; ../calculateurs.html ; ../a-propos.html ; ../contact.html ; ../mentions-legales.html
vehicules/speedophile-seashark.html,/vehicules/speedophile-seashark.html,fiche véhicule,Speedophile Seashark — GTA VI | Leonidakit,https://www.leonidakit.com/vehicules/speedophile-seashark.html,,../search-index.js ; ../vehicules-data.js ; ../assets-manifest.js ; ../common.js ; ../app.js ; ../fiches.js,../search-index.js ; ../vehicules-data.js ; ../assets-manifest.js,https://fonts.googleapis.com/css2?family=Archivo:wght@400;500;600;700;900&display=swap ; ../style.css ; ../fiches.css ; https://www.leonidakit.com/img/social-card.png,recherche ; galerie ; possession,#main ; ../index.html ; ../carte.html ; ../vehicules.html ; ../armes.html ; ../collectibles.html ; ../progression.html ; ../index.html ; ../vehicules.html ; ../vehicules.html#cat=bateau ; ../comparateur.html?type=vehicules&ids=speedophile-seashark ; #modele-reel ; https://www.google.com/search?tbm=isch&q=Sea%20Doo%20RXT ; https://fr.wikipedia.org/w/index.php?search=Sea%20Doo%20RXT ; ../vehicules.html#slot=americain ; ../vehicules.html#cat=bateau ; ../vehicules.html#slot=americain ; ../carte.html#lieu=g-L1610 ; ../carte.html#lieu=g-L2375 ; ../carte.html#lieu=g-L590 ; ../contact.html ; airboat-09.html ; btn-delmar.html ; crest-kayak.html ; dinka-jetmax.html ; nagasaki-marquis.html ; lure-predator-l35p.html ; shitzu-tropic.html ; vortex-airboat.html ; ../carte.html ; ../vehicules.html ; ../armes.html ; ../collectibles.html ; ../progression.html ; ../calculateurs.html ; ../a-propos.html ; ../contact.html ; ../mentions-legales.html
vehicules/suzuki-gsx-r1000.html,/vehicules/suzuki-gsx-r1000.html,fiche véhicule,GSX-R1000 — GTA VI | Leonidakit,https://www.leonidakit.com/vehicules/suzuki-gsx-r1000.html,,../search-index.js ; ../vehicules-data.js ; ../assets-manifest.js ; ../common.js ; ../app.js ; ../fiches.js,../search-index.js ; ../vehicules-data.js ; ../assets-manifest.js,https://fonts.googleapis.com/css2?family=Archivo:wght@400;500;600;700;900&display=swap ; ../style.css ; ../fiches.css ; https://www.leonidakit.com/img/social-card.png,recherche ; galerie ; possession,#main ; ../index.html ; ../carte.html ; ../vehicules.html ; ../armes.html ; ../collectibles.html ; ../progression.html ; ../index.html ; ../vehicules.html ; ../vehicules.html#cat=moto ; ../comparateur.html?type=vehicules&ids=suzuki-gsx-r1000 ; #modele-reel ; https://www.google.com/search?tbm=isch&q=Suzuki%20GSX-R1000 ; https://fr.wikipedia.org/w/index.php?search=Suzuki%20GSX-R1000 ; ../vehicules.html#slot=japonais ; ../vehicules.html#cat=moto ; ../vehicules.html#slot=japonais ; ../carte.html#lieu=g-L1610 ; ../carte.html#lieu=g-L2375 ; ../carte.html#lieu=g-L590 ; ../contact.html ; dinka-double-t.html ; dinka-enduro.html ; lcc-avarus.html ; maibatsu-manchez.html ; maibatsu-sanchez.html ; yamaha-bws-125.html ; yamaha-bws-125.html ; pomazoom-mobility-scooter.html ; ../carte.html ; ../vehicules.html ; ../armes.html ; ../collectibles.html ; ../progression.html ; ../calculateurs.html ; ../a-propos.html ; ../contact.html ; ../mentions-legales.html
vehicules/swamp-buggy.html,/vehicules/swamp-buggy.html,fiche véhicule,Swamp Buggy — GTA VI | Leonidakit,https://www.leonidakit.com/vehicules/swamp-buggy.html,,../search-index.js ; ../vehicules-data.js ; ../assets-manifest.js ; ../common.js ; ../app.js ; ../fiches.js,../search-index.js ; ../vehicules-data.js ; ../assets-manifest.js,https://fonts.googleapis.com/css2?family=Archivo:wght@400;500;600;700;900&display=swap ; ../style.css ; ../fiches.css ; https://www.leonidakit.com/img/social-card.png,recherche ; galerie ; possession,#main ; ../index.html ; ../carte.html ; ../vehicules.html ; ../armes.html ; ../collectibles.html ; ../progression.html ; ../index.html ; ../vehicules.html ; ../vehicules.html#cat=pickup ; ../comparateur.html?type=vehicules&ids=swamp-buggy ; #modele-reel ; https://www.google.com/search?tbm=isch&q=Swamp%20buggy%20de%20Palm%20Beach ; https://fr.wikipedia.org/w/index.php?search=Swamp%20buggy%20de%20Palm%20Beach ; ../vehicules.html#cat=pickup ; ../carte.html#lieu=g-L1610 ; ../carte.html#lieu=g-L2375 ; ../carte.html#lieu=g-L590 ; ../contact.html ; annis-hellion.html ; bravado-bison-900-95-monster-truck.html ; canis-kamacho.html ; declasse-rancher.html ; declasse-walton-l35-stock.html ; declasse-yosemite.html ; jeep-scrambler-cj8.html ; nagasaki-blazer.html ; ../carte.html ; ../vehicules.html ; ../armes.html ; ../collectibles.html ; ../progression.html ; ../calculateurs.html ; ../a-propos.html ; ../contact.html ; ../mentions-legales.html
vehicules/toyota-rav4-5.html,/vehicules/toyota-rav4-5.html,fiche véhicule,RAV4 — GTA VI | Leonidakit,https://www.leonidakit.com/vehicules/toyota-rav4-5.html,,../search-index.js ; ../vehicules-data.js ; ../assets-manifest.js ; ../common.js ; ../app.js ; ../fiches.js,../search-index.js ; ../vehicules-data.js ; ../assets-manifest.js,https://fonts.googleapis.com/css2?family=Archivo:wght@400;500;600;700;900&display=swap ; ../style.css ; ../fiches.css ; https://www.leonidakit.com/img/social-card.png,recherche ; galerie ; possession,#main ; ../index.html ; ../carte.html ; ../vehicules.html ; ../armes.html ; ../collectibles.html ; ../progression.html ; ../index.html ; ../vehicules.html ; ../vehicules.html#cat=suv ; ../comparateur.html?type=vehicules&ids=toyota-rav4-5 ; #modele-reel ; https://www.google.com/search?tbm=isch&q=Toyota%20RAV4 ; https://fr.wikipedia.org/w/index.php?search=Toyota%20RAV4 ; ../vehicules.html#slot=japonais ; ../vehicules.html#cat=suv ; ../vehicules.html#slot=japonais ; ../carte.html#lieu=g-L1610 ; ../carte.html#lieu=g-L2375 ; ../carte.html#lieu=g-L590 ; ../contact.html ; albany-cavalcade-xl.html ; benefactor-dubsta.html ; benefactor-xls.html ; bravado-dorado.html ; enus-jubilee.html ; canis-mesa.html ; audi-q7-2.html ; pegassi-toros.html ; ../carte.html ; ../vehicules.html ; ../armes.html ; ../collectibles.html ; ../progression.html ; ../calculateurs.html ; ../a-propos.html ; ../contact.html ; ../mentions-legales.html
vehicules/ubermacht-cypher.html,/vehicules/ubermacht-cypher.html,fiche véhicule,Übermacht Cypher — GTA VI | Leonidakit,https://www.leonidakit.com/vehicules/ubermacht-cypher.html,,../search-index.js ; ../vehicules-data.js ; ../assets-manifest.js ; ../common.js ; ../app.js ; ../fiches.js,../search-index.js ; ../vehicules-data.js ; ../assets-manifest.js,https://fonts.googleapis.com/css2?family=Archivo:wght@400;500;600;700;900&display=swap ; ../style.css ; ../fiches.css ; https://www.leonidakit.com/img/social-card.png,recherche ; galerie ; possession,#main ; ../index.html ; ../carte.html ; ../vehicules.html ; ../armes.html ; ../collectibles.html ; ../progression.html ; ../index.html ; ../vehicules.html ; ../vehicules.html#cat=sport ; ../comparateur.html?type=vehicules&ids=ubermacht-cypher ; #modele-reel ; https://www.google.com/search?tbm=isch&q=BMW%20M2%20F87 ; https://fr.wikipedia.org/w/index.php?search=BMW%20M2%20F87 ; ../vehicules.html#slot=europeen ; ../vehicules.html#cat=sport ; ../vehicules.html#slot=europeen ; ../carte.html#lieu=g-L1610 ; ../carte.html#lieu=g-L2375 ; ../carte.html#lieu=g-L590 ; ../contact.html ; albany-manana.html ; albany-v-str.html ; annis-elegy-retro-custom.html ; benefactor-schafter-lwb.html ; bravado-banshee.html ; bravado-buffalo.html ; pfister-neon.html ; ubermacht-sentinel-classic.html ; ../carte.html ; ../vehicules.html ; ../armes.html ; ../collectibles.html ; ../progression.html ; ../calculateurs.html ; ../a-propos.html ; ../contact.html ; ../mentions-legales.html
vehicules/ubermacht-rebla-gts.html,/vehicules/ubermacht-rebla-gts.html,fiche véhicule,Übermacht Rebla GTS — GTA VI | Leonidakit,https://www.leonidakit.com/vehicules/ubermacht-rebla-gts.html,,../search-index.js ; ../vehicules-data.js ; ../assets-manifest.js ; ../common.js ; ../app.js ; ../fiches.js,../search-index.js ; ../vehicules-data.js ; ../assets-manifest.js,https://fonts.googleapis.com/css2?family=Archivo:wght@400;500;600;700;900&display=swap ; ../style.css ; ../fiches.css ; https://www.leonidakit.com/img/social-card.png,recherche ; galerie ; possession,#main ; ../index.html ; ../carte.html ; ../vehicules.html ; ../armes.html ; ../collectibles.html ; ../progression.html ; ../index.html ; ../vehicules.html ; ../vehicules.html#cat=suv ; ../comparateur.html?type=vehicules&ids=ubermacht-rebla-gts ; #modele-reel ; https://www.google.com/search?tbm=isch&q=BMW%20X5 ; https://fr.wikipedia.org/w/index.php?search=BMW%20X5 ; ../vehicules.html#slot=europeen ; ../vehicules.html#cat=suv ; ../vehicules.html#slot=europeen ; ../carte.html#lieu=g-L1610 ; ../carte.html#lieu=g-L2375 ; ../carte.html#lieu=g-L590 ; ../contact.html ; albany-cavalcade-xl.html ; benefactor-dubsta.html ; benefactor-xls.html ; bravado-dorado.html ; enus-jubilee.html ; canis-mesa.html ; pfister-astron.html ; vapid-aleutian.html ; ../carte.html ; ../vehicules.html ; ../armes.html ; ../collectibles.html ; ../progression.html ; ../calculateurs.html ; ../a-propos.html ; ../contact.html ; ../mentions-legales.html
vehicules/ubermacht-sentinel-classic.html,/vehicules/ubermacht-sentinel-classic.html,fiche véhicule,Übermacht Sentinel Classic — GTA VI | Leonidakit,https://www.leonidakit.com/vehicules/ubermacht-sentinel-classic.html,,../search-index.js ; ../vehicules-data.js ; ../assets-manifest.js ; ../common.js ; ../app.js ; ../fiches.js,../search-index.js ; ../vehicules-data.js ; ../assets-manifest.js,https://fonts.googleapis.com/css2?family=Archivo:wght@400;500;600;700;900&display=swap ; ../style.css ; ../fiches.css ; https://www.leonidakit.com/img/social-card.png,recherche ; galerie ; possession,#main ; ../index.html ; ../carte.html ; ../vehicules.html ; ../armes.html ; ../collectibles.html ; ../progression.html ; ../index.html ; ../vehicules.html ; ../vehicules.html#cat=sport ; ../comparateur.html?type=vehicules&ids=ubermacht-sentinel-classic ; #modele-reel ; https://www.google.com/search?tbm=isch&q=BMW%20E30%20M3 ; https://fr.wikipedia.org/w/index.php?search=BMW%20E30%20M3 ; ../vehicules.html#slot=europeen ; ../vehicules.html#cat=sport ; ../vehicules.html#slot=europeen ; ../carte.html#lieu=g-L1610 ; ../carte.html#lieu=g-L2375 ; ../carte.html#lieu=g-L590 ; ../contact.html ; albany-manana.html ; albany-v-str.html ; annis-elegy-retro-custom.html ; benefactor-schafter-lwb.html ; bravado-banshee.html ; bravado-buffalo.html ; ubermacht-cypher.html ; ubermacht-sentinel-xs.html ; ../carte.html ; ../vehicules.html ; ../armes.html ; ../collectibles.html ; ../progression.html ; ../calculateurs.html ; ../a-propos.html ; ../contact.html ; ../mentions-legales.html
vehicules/ubermacht-sentinel-xs.html,/vehicules/ubermacht-sentinel-xs.html,fiche véhicule,Übermacht Sentinel XS — GTA VI | Leonidakit,https://www.leonidakit.com/vehicules/ubermacht-sentinel-xs.html,,../search-index.js ; ../vehicules-data.js ; ../assets-manifest.js ; ../common.js ; ../app.js ; ../fiches.js,../search-index.js ; ../vehicules-data.js ; ../assets-manifest.js,https://fonts.googleapis.com/css2?family=Archivo:wght@400;500;600;700;900&display=swap ; ../style.css ; ../fiches.css ; https://www.leonidakit.com/img/social-card.png,recherche ; galerie ; possession,#main ; ../index.html ; ../carte.html ; ../vehicules.html ; ../armes.html ; ../collectibles.html ; ../progression.html ; ../index.html ; ../vehicules.html ; ../vehicules.html#cat=sport ; ../comparateur.html?type=vehicules&ids=ubermacht-sentinel-xs ; #modele-reel ; https://www.google.com/search?tbm=isch&q=BMW%20M3%20E92 ; https://fr.wikipedia.org/w/index.php?search=BMW%20M3%20E92 ; ../vehicules.html#slot=europeen ; ../vehicules.html#cat=sport ; ../vehicules.html#slot=europeen ; ../carte.html#lieu=g-L1610 ; ../carte.html#lieu=g-L2375 ; ../carte.html#lieu=g-L590 ; ../contact.html ; albany-manana.html ; albany-v-str.html ; annis-elegy-retro-custom.html ; benefactor-schafter-lwb.html ; bravado-banshee.html ; bravado-buffalo.html ; ubermacht-sentinel-classic.html ; ubermacht-zion.html ; ../carte.html ; ../vehicules.html ; ../armes.html ; ../collectibles.html ; ../progression.html ; ../calculateurs.html ; ../a-propos.html ; ../contact.html ; ../mentions-legales.html
vehicules/ubermacht-zion-cabrio.html,/vehicules/ubermacht-zion-cabrio.html,fiche véhicule,Übermacht Zion Cabrio — GTA VI | Leonidakit,https://www.leonidakit.com/vehicules/ubermacht-zion-cabrio.html,,../search-index.js ; ../vehicules-data.js ; ../assets-manifest.js ; ../common.js ; ../app.js ; ../fiches.js,../search-index.js ; ../vehicules-data.js ; ../assets-manifest.js,https://fonts.googleapis.com/css2?family=Archivo:wght@400;500;600;700;900&display=swap ; ../style.css ; ../fiches.css ; https://www.leonidakit.com/img/social-card.png,recherche ; galerie ; possession,#main ; ../index.html ; ../carte.html ; ../vehicules.html ; ../armes.html ; ../collectibles.html ; ../progression.html ; ../index.html ; ../vehicules.html ; ../vehicules.html#cat=sport ; ../comparateur.html?type=vehicules&ids=ubermacht-zion-cabrio ; #modele-reel ; https://www.google.com/search?tbm=isch&q=BMW%20S%C3%A9rie%206%20E64 ; https://fr.wikipedia.org/w/index.php?search=BMW%20S%C3%A9rie%206%20E64 ; ../vehicules.html#slot=europeen ; ../vehicules.html#cat=sport ; ../vehicules.html#slot=europeen ; ../carte.html#lieu=g-L1610 ; ../carte.html#lieu=g-L2375 ; ../carte.html#lieu=g-L590 ; ../contact.html ; albany-manana.html ; albany-v-str.html ; annis-elegy-retro-custom.html ; benefactor-schafter-lwb.html ; bravado-banshee.html ; bravado-buffalo.html ; ubermacht-zion.html ; grotti-furia.html ; ../carte.html ; ../vehicules.html ; ../armes.html ; ../collectibles.html ; ../progression.html ; ../calculateurs.html ; ../a-propos.html ; ../contact.html ; ../mentions-legales.html
vehicules/ubermacht-zion.html,/vehicules/ubermacht-zion.html,fiche véhicule,Übermacht Zion — GTA VI | Leonidakit,https://www.leonidakit.com/vehicules/ubermacht-zion.html,,../search-index.js ; ../vehicules-data.js ; ../assets-manifest.js ; ../common.js ; ../app.js ; ../fiches.js,../search-index.js ; ../vehicules-data.js ; ../assets-manifest.js,https://fonts.googleapis.com/css2?family=Archivo:wght@400;500;600;700;900&display=swap ; ../style.css ; ../fiches.css ; https://www.leonidakit.com/img/social-card.png,recherche ; galerie ; possession,#main ; ../index.html ; ../carte.html ; ../vehicules.html ; ../armes.html ; ../collectibles.html ; ../progression.html ; ../index.html ; ../vehicules.html ; ../vehicules.html#cat=sport ; ../comparateur.html?type=vehicules&ids=ubermacht-zion ; #modele-reel ; https://www.google.com/search?tbm=isch&q=BMW%20M6%20E63 ; https://fr.wikipedia.org/w/index.php?search=BMW%20M6%20E63 ; ../vehicules.html#slot=europeen ; ../vehicules.html#cat=sport ; ../vehicules.html#slot=europeen ; ../carte.html#lieu=g-L1610 ; ../carte.html#lieu=g-L2375 ; ../carte.html#lieu=g-L590 ; ../contact.html ; albany-manana.html ; albany-v-str.html ; annis-elegy-retro-custom.html ; benefactor-schafter-lwb.html ; bravado-banshee.html ; bravado-buffalo.html ; ubermacht-sentinel-xs.html ; ubermacht-zion-cabrio.html ; ../carte.html ; ../vehicules.html ; ../armes.html ; ../collectibles.html ; ../progression.html ; ../calculateurs.html ; ../a-propos.html ; ../contact.html ; ../mentions-legales.html
vehicules/vapid-aleutian.html,/vehicules/vapid-aleutian.html,fiche véhicule,Vapid Aleutian — GTA VI | Leonidakit,https://www.leonidakit.com/vehicules/vapid-aleutian.html,,../search-index.js ; ../vehicules-data.js ; ../assets-manifest.js ; ../common.js ; ../app.js ; ../fiches.js,../search-index.js ; ../vehicules-data.js ; ../assets-manifest.js,https://fonts.googleapis.com/css2?family=Archivo:wght@400;500;600;700;900&display=swap ; ../style.css ; ../fiches.css ; https://www.leonidakit.com/img/social-card.png,recherche ; galerie ; possession,#main ; ../index.html ; ../carte.html ; ../vehicules.html ; ../armes.html ; ../collectibles.html ; ../progression.html ; ../index.html ; ../vehicules.html ; ../vehicules.html#cat=suv ; ../comparateur.html?type=vehicules&ids=vapid-aleutian ; #modele-reel ; https://www.google.com/search?tbm=isch&q=Ford%20Expedition ; https://fr.wikipedia.org/w/index.php?search=Ford%20Expedition ; ../vehicules.html#slot=americain ; ../vehicules.html#cat=suv ; ../vehicules.html#slot=americain ; ../carte.html#lieu=g-L1610 ; ../carte.html#lieu=g-L2375 ; ../carte.html#lieu=g-L590 ; ../contact.html ; albany-cavalcade-xl.html ; benefactor-dubsta.html ; benefactor-xls.html ; bravado-dorado.html ; enus-jubilee.html ; canis-mesa.html ; ubermacht-rebla-gts.html ; vapid-montagne.html ; ../carte.html ; ../vehicules.html ; ../armes.html ; ../collectibles.html ; ../progression.html ; ../calculateurs.html ; ../a-propos.html ; ../contact.html ; ../mentions-legales.html
vehicules/vapid-benson.html,/vehicules/vapid-benson.html,fiche véhicule,Vapid Benson — GTA VI | Leonidakit,https://www.leonidakit.com/vehicules/vapid-benson.html,,../search-index.js ; ../vehicules-data.js ; ../assets-manifest.js ; ../common.js ; ../app.js ; ../fiches.js,../search-index.js ; ../vehicules-data.js ; ../assets-manifest.js,https://fonts.googleapis.com/css2?family=Archivo:wght@400;500;600;700;900&display=swap ; ../style.css ; ../fiches.css ; https://www.leonidakit.com/img/social-card.png,recherche ; galerie ; possession,#main ; ../index.html ; ../carte.html ; ../vehicules.html ; ../armes.html ; ../collectibles.html ; ../progression.html ; ../index.html ; ../vehicules.html ; ../vehicules.html#cat=service ; ../comparateur.html?type=vehicules&ids=vapid-benson ; #modele-reel ; https://www.google.com/search?tbm=isch&q=International%204700%20Delivery%20Truck%20Chassis ; https://fr.wikipedia.org/w/index.php?search=International%204700%20Delivery%20Truck%20Chassis ; ../vehicules.html#cat=service ; ../carte.html#lieu=g-L1610 ; ../carte.html#lieu=g-L2375 ; ../carte.html#lieu=g-L590 ; ../contact.html ; bravado-bison-1800-police.html ; bravado-buffalo-stx-pursuit.html ; bravado-gauntlet-interceptor.html ; bravado-police-cruiser-buffalo.html ; brute-ambulance.html ; brute-bus.html ; nagasaki-caddy.html ; vapid-police-cruiser-interceptor.html ; ../carte.html ; ../vehicules.html ; ../armes.html ; ../collectibles.html ; ../progression.html ; ../calculateurs.html ; ../a-propos.html ; ../contact.html ; ../mentions-legales.html
vehicules/vapid-bobcat-xl.html,/vehicules/vapid-bobcat-xl.html,fiche véhicule,Declasse Bobcat XL — GTA VI | Leonidakit,https://www.leonidakit.com/vehicules/vapid-bobcat-xl.html,,../search-index.js ; ../vehicules-data.js ; ../assets-manifest.js ; ../common.js ; ../app.js ; ../fiches.js,../search-index.js ; ../vehicules-data.js ; ../assets-manifest.js,https://fonts.googleapis.com/css2?family=Archivo:wght@400;500;600;700;900&display=swap ; ../style.css ; ../fiches.css ; https://www.leonidakit.com/img/social-card.png,recherche ; galerie ; possession,#main ; ../index.html ; ../carte.html ; ../vehicules.html ; ../armes.html ; ../collectibles.html ; ../progression.html ; ../index.html ; ../vehicules.html ; ../vehicules.html#cat=van ; ../comparateur.html?type=vehicules&ids=vapid-bobcat-xl ; #modele-reel ; https://www.google.com/search?tbm=isch&q=Chevrolet%20C%2FK ; https://fr.wikipedia.org/w/index.php?search=Chevrolet%20C%2FK ; ../vehicules.html#slot=americain ; ../vehicules.html#cat=van ; ../vehicules.html#slot=americain ; ../carte.html#lieu=g-L1610 ; ../carte.html#lieu=g-L2375 ; ../carte.html#lieu=g-L590 ; ../contact.html ; bravado-bison.html ; bravado-bison-1800.html ; bravado-bison-900-95.html ; bravado-rumpo.html ; bravado-youga-classic.html ; brute-boxville.html ; brute-boxville.html ; declasse-burrito.html ; ../carte.html ; ../vehicules.html ; ../armes.html ; ../collectibles.html ; ../progression.html ; ../calculateurs.html ; ../a-propos.html ; ../contact.html ; ../mentions-legales.html
vehicules/vapid-caracara-4x4.html,/vehicules/vapid-caracara-4x4.html,fiche véhicule,Vapid Caracara 4x4 — GTA VI | Leonidakit,https://www.leonidakit.com/vehicules/vapid-caracara-4x4.html,,../search-index.js ; ../vehicules-data.js ; ../assets-manifest.js ; ../common.js ; ../app.js ; ../fiches.js,../search-index.js ; ../vehicules-data.js ; ../assets-manifest.js,https://fonts.googleapis.com/css2?family=Archivo:wght@400;500;600;700;900&display=swap ; ../style.css ; ../fiches.css ; https://www.leonidakit.com/img/social-card.png,recherche ; galerie ; possession,#main ; ../index.html ; ../carte.html ; ../vehicules.html ; ../armes.html ; ../collectibles.html ; ../progression.html ; ../index.html ; ../vehicules.html ; ../vehicules.html#cat=pickup ; ../comparateur.html?type=vehicules&ids=vapid-caracara-4x4 ; #modele-reel ; https://www.google.com/search?tbm=isch&q=Ford%20F-150%20Raptor ; https://fr.wikipedia.org/w/index.php?search=Ford%20F-150%20Raptor ; ../vehicules.html#slot=americain ; ../vehicules.html#cat=pickup ; ../vehicules.html#slot=americain ; ../carte.html#lieu=g-L1610 ; ../carte.html#lieu=g-L2375 ; ../carte.html#lieu=g-L590 ; ../contact.html ; annis-hellion.html ; bravado-bison-900-95-monster-truck.html ; canis-kamacho.html ; declasse-rancher.html ; declasse-walton-l35-stock.html ; declasse-yosemite.html ; vapid-caracara.html ; vapid-liberator.html ; ../carte.html ; ../vehicules.html ; ../armes.html ; ../collectibles.html ; ../progression.html ; ../calculateurs.html ; ../a-propos.html ; ../contact.html ; ../mentions-legales.html
vehicules/vapid-caracara-lifeguard.html,/vehicules/vapid-caracara-lifeguard.html,fiche véhicule,Explorer Sport Trac (Lifeguard) — GTA VI | Leonidakit,https://www.leonidakit.com/vehicules/vapid-caracara-lifeguard.html,,../search-index.js ; ../vehicules-data.js ; ../assets-manifest.js ; ../common.js ; ../app.js ; ../fiches.js,../search-index.js ; ../vehicules-data.js ; ../assets-manifest.js,https://fonts.googleapis.com/css2?family=Archivo:wght@400;500;600;700;900&display=swap ; ../style.css ; ../fiches.css ; https://www.leonidakit.com/img/social-card.png,recherche ; galerie ; possession,#main ; ../index.html ; ../carte.html ; ../vehicules.html ; ../armes.html ; ../collectibles.html ; ../progression.html ; ../index.html ; ../vehicules.html ; ../vehicules.html#cat=service ; ../comparateur.html?type=vehicules&ids=vapid-caracara-lifeguard ; #modele-reel ; https://www.google.com/search?tbm=isch&q=Ford%20Explorer%20Sport%20Trac ; https://fr.wikipedia.org/w/index.php?search=Ford%20Explorer%20Sport%20Trac ; ../vehicules.html#slot=americain ; ../vehicules.html#cat=service ; ../vehicules.html#slot=americain ; ../carte.html#lieu=g-L1610 ; ../carte.html#lieu=g-L2375 ; ../carte.html#lieu=g-L590 ; ../contact.html ; bravado-bison-1800-police.html ; bravado-buffalo-stx-pursuit.html ; bravado-gauntlet-interceptor.html ; bravado-police-cruiser-buffalo.html ; brute-ambulance.html ; brute-bus.html ; isuzu-elf-250.html ; ford-f-series-tow-truck.html ; ../carte.html ; ../vehicules.html ; ../armes.html ; ../collectibles.html ; ../progression.html ; ../calculateurs.html ; ../a-propos.html ; ../contact.html ; ../mentions-legales.html
vehicules/vapid-caracara.html,/vehicules/vapid-caracara.html,fiche véhicule,Vapid Caracara — GTA VI | Leonidakit,https://www.leonidakit.com/vehicules/vapid-caracara.html,,../search-index.js ; ../vehicules-data.js ; ../assets-manifest.js ; ../common.js ; ../app.js ; ../fiches.js,../search-index.js ; ../vehicules-data.js ; ../assets-manifest.js,https://fonts.googleapis.com/css2?family=Archivo:wght@400;500;600;700;900&display=swap ; ../style.css ; ../fiches.css ; https://www.leonidakit.com/img/social-card.png,recherche ; galerie ; possession,#main ; ../index.html ; ../carte.html ; ../vehicules.html ; ../armes.html ; ../collectibles.html ; ../progression.html ; ../index.html ; ../vehicules.html ; ../vehicules.html#cat=pickup ; ../comparateur.html?type=vehicules&ids=vapid-caracara ; #modele-reel ; https://www.google.com/search?tbm=isch&q=Ford%20F-150 ; https://fr.wikipedia.org/w/index.php?search=Ford%20F-150 ; ../vehicules.html#slot=americain ; ../vehicules.html#cat=pickup ; ../vehicules.html#slot=americain ; ../carte.html#lieu=g-L1610 ; ../carte.html#lieu=g-L2375 ; ../carte.html#lieu=g-L590 ; ../contact.html ; annis-hellion.html ; bravado-bison-900-95-monster-truck.html ; canis-kamacho.html ; declasse-rancher.html ; declasse-walton-l35-stock.html ; declasse-yosemite.html ; nagasaki-outlaw.html ; vapid-caracara-4x4.html ; ../carte.html ; ../vehicules.html ; ../armes.html ; ../collectibles.html ; ../progression.html ; ../calculateurs.html ; ../a-propos.html ; ../contact.html ; ../mentions-legales.html
vehicules/vapid-chino-custom.html,/vehicules/vapid-chino-custom.html,fiche véhicule,Vapid Chino Custom — GTA VI | Leonidakit,https://www.leonidakit.com/vehicules/vapid-chino-custom.html,,../search-index.js ; ../vehicules-data.js ; ../assets-manifest.js ; ../common.js ; ../app.js ; ../fiches.js,../search-index.js ; ../vehicules-data.js ; ../assets-manifest.js,https://fonts.googleapis.com/css2?family=Archivo:wght@400;500;600;700;900&display=swap ; ../style.css ; ../fiches.css ; https://www.leonidakit.com/img/social-card.png,recherche ; galerie ; possession,#main ; ../index.html ; ../carte.html ; ../vehicules.html ; ../armes.html ; ../collectibles.html ; ../progression.html ; ../index.html ; ../vehicules.html ; ../vehicules.html#cat=muscle ; ../comparateur.html?type=vehicules&ids=vapid-chino-custom ; #modele-reel ; https://www.google.com/search?tbm=isch&q=Lincoln%20Continental%20Mark%20IV ; https://fr.wikipedia.org/w/index.php?search=Lincoln%20Continental%20Mark%20IV ; ../vehicules.html#slot=americain ; ../vehicules.html#cat=muscle ; ../vehicules.html#slot=americain ; ../carte.html#lieu=g-L1610 ; ../carte.html#lieu=g-L2375 ; ../carte.html#lieu=g-L590 ; ../contact.html ; albany-buccaneer.html ; albany-buccaneer-custom.html ; albany-virgo-classic.html ; bravado-buffalo-stx.html ; bravado-gauntlet-classic.html ; vapid-gauntlet-classic-custom.html ; vapid-chino.html ; vapid-dominator.html ; ../carte.html ; ../vehicules.html ; ../armes.html ; ../collectibles.html ; ../progression.html ; ../calculateurs.html ; ../a-propos.html ; ../contact.html ; ../mentions-legales.html
vehicules/vapid-chino.html,/vehicules/vapid-chino.html,fiche véhicule,Vapid Chino — GTA VI | Leonidakit,https://www.leonidakit.com/vehicules/vapid-chino.html,,../search-index.js ; ../vehicules-data.js ; ../assets-manifest.js ; ../common.js ; ../app.js ; ../fiches.js,../search-index.js ; ../vehicules-data.js ; ../assets-manifest.js,https://fonts.googleapis.com/css2?family=Archivo:wght@400;500;600;700;900&display=swap ; ../style.css ; ../fiches.css ; https://www.leonidakit.com/img/social-card.png,recherche ; galerie ; possession,#main ; ../index.html ; ../carte.html ; ../vehicules.html ; ../armes.html ; ../collectibles.html ; ../progression.html ; ../index.html ; ../vehicules.html ; ../vehicules.html#cat=muscle ; ../comparateur.html?type=vehicules&ids=vapid-chino ; #modele-reel ; https://www.google.com/search?tbm=isch&q=Lincoln%20Continental ; https://fr.wikipedia.org/w/index.php?search=Lincoln%20Continental ; ../vehicules.html#slot=americain ; ../vehicules.html#cat=muscle ; ../vehicules.html#slot=americain ; ../carte.html#lieu=g-L1610 ; ../carte.html#lieu=g-L2375 ; ../carte.html#lieu=g-L590 ; ../contact.html ; albany-buccaneer.html ; albany-buccaneer-custom.html ; albany-virgo-classic.html ; bravado-buffalo-stx.html ; bravado-gauntlet-classic.html ; vapid-gauntlet-classic-custom.html ; schyster-deviant.html ; vapid-chino-custom.html ; ../carte.html ; ../vehicules.html ; ../armes.html ; ../collectibles.html ; ../progression.html ; ../calculateurs.html ; ../a-propos.html ; ../contact.html ; ../mentions-legales.html
vehicules/vapid-contender.html,/vehicules/vapid-contender.html,fiche véhicule,Karin Contender — GTA VI | Leonidakit,https://www.leonidakit.com/vehicules/vapid-contender.html,,../search-index.js ; ../vehicules-data.js ; ../assets-manifest.js ; ../common.js ; ../app.js ; ../fiches.js,../search-index.js ; ../vehicules-data.js ; ../assets-manifest.js,https://fonts.googleapis.com/css2?family=Archivo:wght@400;500;600;700;900&display=swap ; ../style.css ; ../fiches.css ; https://www.leonidakit.com/img/social-card.png,recherche ; galerie ; possession,#main ; ../index.html ; ../carte.html ; ../vehicules.html ; ../armes.html ; ../collectibles.html ; ../progression.html ; ../index.html ; ../vehicules.html ; ../vehicules.html#cat=suv ; ../comparateur.html?type=vehicules&ids=vapid-contender ; #modele-reel ; https://www.google.com/search?tbm=isch&q=Ford%20F-150%20Raptor ; https://fr.wikipedia.org/w/index.php?search=Ford%20F-150%20Raptor ; ../vehicules.html#slot=japonais ; ../vehicules.html#cat=suv ; ../vehicules.html#slot=japonais ; ../carte.html#lieu=g-L1610 ; ../carte.html#lieu=g-L2375 ; ../carte.html#lieu=g-L590 ; ../contact.html ; albany-cavalcade-xl.html ; benefactor-dubsta.html ; benefactor-xls.html ; bravado-dorado.html ; enus-jubilee.html ; canis-mesa.html ; gallivanter-baller-st.html ; karin-vivanite.html ; ../carte.html ; ../vehicules.html ; ../armes.html ; ../collectibles.html ; ../progression.html ; ../calculateurs.html ; ../a-propos.html ; ../contact.html ; ../mentions-legales.html
vehicules/vapid-dominator-67.html,/vehicules/vapid-dominator-67.html,fiche véhicule,Vapid Dominator '67 — GTA VI | Leonidakit,https://www.leonidakit.com/vehicules/vapid-dominator-67.html,,../search-index.js ; ../vehicules-data.js ; ../assets-manifest.js ; ../common.js ; ../app.js ; ../fiches.js,../search-index.js ; ../vehicules-data.js ; ../assets-manifest.js,https://fonts.googleapis.com/css2?family=Archivo:wght@400;500;600;700;900&display=swap ; ../style.css ; ../fiches.css ; https://www.leonidakit.com/img/social-card.png,recherche ; galerie ; possession,#main ; ../index.html ; ../carte.html ; ../vehicules.html ; ../armes.html ; ../collectibles.html ; ../progression.html ; ../index.html ; ../vehicules.html ; ../vehicules.html#cat=muscle ; ../comparateur.html?type=vehicules&ids=vapid-dominator-67 ; #modele-reel ; https://www.google.com/search?tbm=isch&q=Ford%20Mustang ; https://fr.wikipedia.org/w/index.php?search=Ford%20Mustang ; ../vehicules.html#slot=americain ; ../vehicules.html#cat=muscle ; ../vehicules.html#slot=americain ; ../carte.html#lieu=g-L1610 ; ../carte.html#lieu=g-L2375 ; ../carte.html#lieu=g-L590 ; ../contact.html ; albany-buccaneer.html ; albany-buccaneer-custom.html ; albany-virgo-classic.html ; bravado-buffalo-stx.html ; bravado-gauntlet-classic.html ; vapid-gauntlet-classic-custom.html ; vapid-dominator.html ; vapid-dominator-asp.html ; ../carte.html ; ../vehicules.html ; ../armes.html ; ../collectibles.html ; ../progression.html ; ../calculateurs.html ; ../a-propos.html ; ../contact.html ; ../mentions-legales.html
vehicules/vapid-dominator-asp.html,/vehicules/vapid-dominator-asp.html,fiche véhicule,Vapid Dominator ASP — GTA VI | Leonidakit,https://www.leonidakit.com/vehicules/vapid-dominator-asp.html,,../search-index.js ; ../vehicules-data.js ; ../assets-manifest.js ; ../common.js ; ../app.js ; ../fiches.js,../search-index.js ; ../vehicules-data.js ; ../assets-manifest.js,https://fonts.googleapis.com/css2?family=Archivo:wght@400;500;600;700;900&display=swap ; ../style.css ; ../fiches.css ; https://www.leonidakit.com/img/social-card.png,recherche ; galerie ; possession,#main ; ../index.html ; ../carte.html ; ../vehicules.html ; ../armes.html ; ../collectibles.html ; ../progression.html ; ../index.html ; ../vehicules.html ; ../vehicules.html#cat=muscle ; ../comparateur.html?type=vehicules&ids=vapid-dominator-asp ; #modele-reel ; https://www.google.com/search?tbm=isch&q=Ford%20Mustang%20SVT%20Cobra%20R%20(New%20Edge) ; https://fr.wikipedia.org/w/index.php?search=Ford%20Mustang%20SVT%20Cobra%20R%20(New%20Edge) ; ../vehicules.html#slot=americain ; ../vehicules.html#cat=muscle ; ../vehicules.html#slot=americain ; ../carte.html#lieu=g-L1610 ; ../carte.html#lieu=g-L2375 ; ../carte.html#lieu=g-L590 ; ../contact.html ; albany-buccaneer.html ; albany-buccaneer-custom.html ; albany-virgo-classic.html ; bravado-buffalo-stx.html ; bravado-gauntlet-classic.html ; vapid-gauntlet-classic-custom.html ; vapid-dominator-67.html ; vapid-dominator-buggy.html ; ../carte.html ; ../vehicules.html ; ../armes.html ; ../collectibles.html ; ../progression.html ; ../calculateurs.html ; ../a-propos.html ; ../contact.html ; ../mentions-legales.html
vehicules/vapid-dominator-buggy.html,/vehicules/vapid-dominator-buggy.html,fiche véhicule,Vapid Dominator Buggy '67 — GTA VI | Leonidakit,https://www.leonidakit.com/vehicules/vapid-dominator-buggy.html,,../search-index.js ; ../vehicules-data.js ; ../assets-manifest.js ; ../common.js ; ../app.js ; ../fiches.js,../search-index.js ; ../vehicules-data.js ; ../assets-manifest.js,https://fonts.googleapis.com/css2?family=Archivo:wght@400;500;600;700;900&display=swap ; ../style.css ; ../fiches.css ; https://www.leonidakit.com/img/social-card.png,recherche ; galerie ; possession,#main ; ../index.html ; ../carte.html ; ../vehicules.html ; ../armes.html ; ../collectibles.html ; ../progression.html ; ../index.html ; ../vehicules.html ; ../vehicules.html#cat=muscle ; ../comparateur.html?type=vehicules&ids=vapid-dominator-buggy ; #modele-reel ; https://www.google.com/search?tbm=isch&q=Ford%20Mustang%20de%201967 ; https://fr.wikipedia.org/w/index.php?search=Ford%20Mustang%20de%201967 ; ../vehicules.html#slot=americain ; ../vehicules.html#cat=muscle ; ../vehicules.html#slot=americain ; ../carte.html#lieu=g-L1610 ; ../carte.html#lieu=g-L2375 ; ../carte.html#lieu=g-L590 ; ../contact.html ; albany-buccaneer.html ; albany-buccaneer-custom.html ; albany-virgo-classic.html ; bravado-buffalo-stx.html ; bravado-gauntlet-classic.html ; vapid-gauntlet-classic-custom.html ; vapid-dominator-asp.html ; vapid-dominator-gt.html ; ../carte.html ; ../vehicules.html ; ../armes.html ; ../collectibles.html ; ../progression.html ; ../calculateurs.html ; ../a-propos.html ; ../contact.html ; ../mentions-legales.html
vehicules/vapid-dominator-gt.html,/vehicules/vapid-dominator-gt.html,fiche véhicule,Vapid Dominator GT — GTA VI | Leonidakit,https://www.leonidakit.com/vehicules/vapid-dominator-gt.html,,../search-index.js ; ../vehicules-data.js ; ../assets-manifest.js ; ../common.js ; ../app.js ; ../fiches.js,../search-index.js ; ../vehicules-data.js ; ../assets-manifest.js,https://fonts.googleapis.com/css2?family=Archivo:wght@400;500;600;700;900&display=swap ; ../style.css ; ../fiches.css ; https://www.leonidakit.com/img/social-card.png,recherche ; galerie ; possession,#main ; ../index.html ; ../carte.html ; ../vehicules.html ; ../armes.html ; ../collectibles.html ; ../progression.html ; ../index.html ; ../vehicules.html ; ../vehicules.html#cat=muscle ; ../comparateur.html?type=vehicules&ids=vapid-dominator-gt ; #modele-reel ; https://www.google.com/search?tbm=isch&q=Ford%20Mustang%20Convertible ; https://fr.wikipedia.org/w/index.php?search=Ford%20Mustang%20Convertible ; ../vehicules.html#slot=americain ; ../vehicules.html#cat=muscle ; ../vehicules.html#slot=americain ; ../carte.html#lieu=g-L1610 ; ../carte.html#lieu=g-L2375 ; ../carte.html#lieu=g-L590 ; ../contact.html ; albany-buccaneer.html ; albany-buccaneer-custom.html ; albany-virgo-classic.html ; bravado-buffalo-stx.html ; bravado-gauntlet-classic.html ; vapid-gauntlet-classic-custom.html ; vapid-dominator-buggy.html ; vapid-dominator-gtx.html ; ../carte.html ; ../vehicules.html ; ../armes.html ; ../collectibles.html ; ../progression.html ; ../calculateurs.html ; ../a-propos.html ; ../contact.html ; ../mentions-legales.html
vehicules/vapid-dominator-gtx.html,/vehicules/vapid-dominator-gtx.html,fiche véhicule,Vapid Dominator GTX — GTA VI | Leonidakit,https://www.leonidakit.com/vehicules/vapid-dominator-gtx.html,,../search-index.js ; ../vehicules-data.js ; ../assets-manifest.js ; ../common.js ; ../app.js ; ../fiches.js,../search-index.js ; ../vehicules-data.js ; ../assets-manifest.js,https://fonts.googleapis.com/css2?family=Archivo:wght@400;500;600;700;900&display=swap ; ../style.css ; ../fiches.css ; https://www.leonidakit.com/img/social-card.png,recherche ; galerie ; possession,#main ; ../index.html ; ../carte.html ; ../vehicules.html ; ../armes.html ; ../collectibles.html ; ../progression.html ; ../index.html ; ../vehicules.html ; ../vehicules.html#cat=muscle ; ../comparateur.html?type=vehicules&ids=vapid-dominator-gtx ; #modele-reel ; https://www.google.com/search?tbm=isch&q=Ford%20Mustang ; https://fr.wikipedia.org/w/index.php?search=Ford%20Mustang ; ../vehicules.html#slot=americain ; ../vehicules.html#cat=muscle ; ../vehicules.html#slot=americain ; ../carte.html#lieu=g-L1610 ; ../carte.html#lieu=g-L2375 ; ../carte.html#lieu=g-L590 ; ../contact.html ; albany-buccaneer.html ; albany-buccaneer-custom.html ; albany-virgo-classic.html ; bravado-buffalo-stx.html ; bravado-gauntlet-classic.html ; vapid-gauntlet-classic-custom.html ; vapid-dominator-gt.html ; vapid-ganado.html ; ../carte.html ; ../vehicules.html ; ../armes.html ; ../collectibles.html ; ../progression.html ; ../calculateurs.html ; ../a-propos.html ; ../contact.html ; ../mentions-legales.html
vehicules/vapid-dominator.html,/vehicules/vapid-dominator.html,fiche véhicule,Vapid Dominator — GTA VI | Leonidakit,https://www.leonidakit.com/vehicules/vapid-dominator.html,,../search-index.js ; ../vehicules-data.js ; ../assets-manifest.js ; ../common.js ; ../app.js ; ../fiches.js,../search-index.js ; ../vehicules-data.js ; ../assets-manifest.js,https://fonts.googleapis.com/css2?family=Archivo:wght@400;500;600;700;900&display=swap ; ../style.css ; ../fiches.css ; https://www.leonidakit.com/img/social-card.png,recherche ; galerie ; possession,#main ; ../index.html ; ../carte.html ; ../vehicules.html ; ../armes.html ; ../collectibles.html ; ../progression.html ; ../index.html ; ../vehicules.html ; ../vehicules.html#cat=muscle ; ../comparateur.html?type=vehicules&ids=vapid-dominator ; #modele-reel ; https://www.google.com/search?tbm=isch&q=Ford%20Mustang ; https://fr.wikipedia.org/w/index.php?search=Ford%20Mustang ; ../vehicules.html#slot=americain ; ../vehicules.html#cat=muscle ; ../vehicules.html#slot=americain ; ../carte.html#lieu=g-L1610 ; ../carte.html#lieu=g-L2375 ; ../carte.html#lieu=g-L590 ; ../contact.html ; albany-buccaneer.html ; albany-buccaneer-custom.html ; albany-virgo-classic.html ; bravado-buffalo-stx.html ; bravado-gauntlet-classic.html ; vapid-gauntlet-classic-custom.html ; vapid-chino-custom.html ; vapid-dominator-67.html ; ../carte.html ; ../vehicules.html ; ../armes.html ; ../collectibles.html ; ../progression.html ; ../calculateurs.html ; ../a-propos.html ; ../contact.html ; ../mentions-legales.html
vehicules/vapid-ganado.html,/vehicules/vapid-ganado.html,fiche véhicule,Vapid Ganado '70 — GTA VI | Leonidakit,https://www.leonidakit.com/vehicules/vapid-ganado.html,,../search-index.js ; ../vehicules-data.js ; ../assets-manifest.js ; ../common.js ; ../app.js ; ../fiches.js,../search-index.js ; ../vehicules-data.js ; ../assets-manifest.js,https://fonts.googleapis.com/css2?family=Archivo:wght@400;500;600;700;900&display=swap ; ../style.css ; ../fiches.css ; https://www.leonidakit.com/img/social-card.png,recherche ; galerie ; possession,#main ; ../index.html ; ../carte.html ; ../vehicules.html ; ../armes.html ; ../collectibles.html ; ../progression.html ; ../index.html ; ../vehicules.html ; ../vehicules.html#cat=muscle ; ../comparateur.html?type=vehicules&ids=vapid-ganado ; #modele-reel ; https://www.google.com/search?tbm=isch&q=Ford%20Ranchero%201970 ; https://fr.wikipedia.org/w/index.php?search=Ford%20Ranchero%201970 ; ../vehicules.html#slot=americain ; ../vehicules.html#cat=muscle ; ../vehicules.html#slot=americain ; ../carte.html#lieu=g-L1610 ; ../carte.html#lieu=g-L2375 ; ../carte.html#lieu=g-L590 ; ../contact.html ; albany-buccaneer.html ; albany-buccaneer-custom.html ; albany-virgo-classic.html ; bravado-buffalo-stx.html ; bravado-gauntlet-classic.html ; vapid-gauntlet-classic-custom.html ; vapid-dominator-gtx.html ; vapid-slamvan.html ; ../carte.html ; ../vehicules.html ; ../armes.html ; ../collectibles.html ; ../progression.html ; ../calculateurs.html ; ../a-propos.html ; ../contact.html ; ../mentions-legales.html
vehicules/vapid-gauntlet-classic-custom.html,/vehicules/vapid-gauntlet-classic-custom.html,fiche véhicule,Bravado Gauntlet Classic Custom — GTA VI | Leonidakit,https://www.leonidakit.com/vehicules/vapid-gauntlet-classic-custom.html,,../search-index.js ; ../vehicules-data.js ; ../assets-manifest.js ; ../common.js ; ../app.js ; ../fiches.js,../search-index.js ; ../vehicules-data.js ; ../assets-manifest.js,https://fonts.googleapis.com/css2?family=Archivo:wght@400;500;600;700;900&display=swap ; ../style.css ; ../fiches.css ; https://www.leonidakit.com/img/social-card.png,recherche ; galerie ; possession,#main ; ../index.html ; ../carte.html ; ../vehicules.html ; ../armes.html ; ../collectibles.html ; ../progression.html ; ../index.html ; ../vehicules.html ; ../vehicules.html#cat=muscle ; ../comparateur.html?type=vehicules&ids=vapid-gauntlet-classic-custom ; #modele-reel ; https://www.google.com/search?tbm=isch&q=Dodge%20Challenger%201970 ; https://fr.wikipedia.org/w/index.php?search=Dodge%20Challenger%201970 ; ../vehicules.html#slot=americain ; ../vehicules.html#cat=muscle ; ../vehicules.html#slot=americain ; ../carte.html#lieu=g-L1610 ; ../carte.html#lieu=g-L2375 ; ../carte.html#lieu=g-L590 ; ../contact.html ; albany-buccaneer.html ; albany-buccaneer-custom.html ; albany-virgo-classic.html ; bravado-buffalo-stx.html ; bravado-gauntlet-classic.html ; bravado-gauntlet-hellfire.html ; bravado-gauntlet-classic.html ; bravado-gauntlet-hellfire.html ; ../carte.html ; ../vehicules.html ; ../armes.html ; ../collectibles.html ; ../progression.html ; ../calculateurs.html ; ../a-propos.html ; ../contact.html ; ../mentions-legales.html
vehicules/vapid-liberator.html,/vehicules/vapid-liberator.html,fiche véhicule,Vapid Liberator — GTA VI | Leonidakit,https://www.leonidakit.com/vehicules/vapid-liberator.html,,../search-index.js ; ../vehicules-data.js ; ../assets-manifest.js ; ../common.js ; ../app.js ; ../fiches.js,../search-index.js ; ../vehicules-data.js ; ../assets-manifest.js,https://fonts.googleapis.com/css2?family=Archivo:wght@400;500;600;700;900&display=swap ; ../style.css ; ../fiches.css ; https://www.leonidakit.com/img/social-card.png,recherche ; galerie ; possession,#main ; ../index.html ; ../carte.html ; ../vehicules.html ; ../armes.html ; ../collectibles.html ; ../progression.html ; ../index.html ; ../vehicules.html ; ../vehicules.html#cat=pickup ; ../comparateur.html?type=vehicules&ids=vapid-liberator ; #modele-reel ; https://www.google.com/search?tbm=isch&q=Ford%20Expedition%20en%20monster%20truck ; https://fr.wikipedia.org/w/index.php?search=Ford%20Expedition%20en%20monster%20truck ; ../vehicules.html#slot=americain ; ../vehicules.html#cat=pickup ; ../vehicules.html#slot=americain ; ../carte.html#lieu=g-L1610 ; ../carte.html#lieu=g-L2375 ; ../carte.html#lieu=g-L590 ; ../contact.html ; annis-hellion.html ; bravado-bison-900-95-monster-truck.html ; canis-kamacho.html ; declasse-rancher.html ; declasse-walton-l35-stock.html ; declasse-yosemite.html ; vapid-caracara-4x4.html ; vapid-reclaimer.html ; ../carte.html ; ../vehicules.html ; ../armes.html ; ../collectibles.html ; ../progression.html ; ../calculateurs.html ; ../a-propos.html ; ../contact.html ; ../mentions-legales.html
vehicules/vapid-minivan.html,/vehicules/vapid-minivan.html,fiche véhicule / noindex,Fiche retiree | Leonidakit,https://www.leonidakit.com/vehicules.html,"noindex, follow",,,,,/vehicules.html
vehicules/vapid-montagne.html,/vehicules/vapid-montagne.html,fiche véhicule,Vapid Montagne — GTA VI | Leonidakit,https://www.leonidakit.com/vehicules/vapid-montagne.html,,../search-index.js ; ../vehicules-data.js ; ../assets-manifest.js ; ../common.js ; ../app.js ; ../fiches.js,../search-index.js ; ../vehicules-data.js ; ../assets-manifest.js,https://fonts.googleapis.com/css2?family=Archivo:wght@400;500;600;700;900&display=swap ; ../style.css ; ../fiches.css ; https://www.leonidakit.com/img/social-card.png,recherche ; galerie ; possession,#main ; ../index.html ; ../carte.html ; ../vehicules.html ; ../armes.html ; ../collectibles.html ; ../progression.html ; ../index.html ; ../vehicules.html ; ../vehicules.html#cat=suv ; ../comparateur.html?type=vehicules&ids=vapid-montagne ; #modele-reel ; https://www.google.com/search?tbm=isch&q=Ford%20Explorer ; https://fr.wikipedia.org/w/index.php?search=Ford%20Explorer ; ../vehicules.html#slot=americain ; ../vehicules.html#cat=suv ; ../vehicules.html#slot=americain ; ../carte.html#lieu=g-L1610 ; ../carte.html#lieu=g-L2375 ; ../carte.html#lieu=g-L590 ; ../contact.html ; albany-cavalcade-xl.html ; benefactor-dubsta.html ; benefactor-xls.html ; bravado-dorado.html ; enus-jubilee.html ; canis-mesa.html ; vapid-aleutian.html ; vapid-riata-classic.html ; ../carte.html ; ../vehicules.html ; ../armes.html ; ../collectibles.html ; ../progression.html ; ../calculateurs.html ; ../a-propos.html ; ../contact.html ; ../mentions-legales.html
vehicules/vapid-police-cruiser-interceptor.html,/vehicules/vapid-police-cruiser-interceptor.html,fiche véhicule,Vapid Police Cruiser (Interceptor) — GTA VI | Leonidakit,https://www.leonidakit.com/vehicules/vapid-police-cruiser-interceptor.html,,../search-index.js ; ../vehicules-data.js ; ../assets-manifest.js ; ../common.js ; ../app.js ; ../fiches.js,../search-index.js ; ../vehicules-data.js ; ../assets-manifest.js,https://fonts.googleapis.com/css2?family=Archivo:wght@400;500;600;700;900&display=swap ; ../style.css ; ../fiches.css ; https://www.leonidakit.com/img/social-card.png,recherche ; galerie ; possession,#main ; ../index.html ; ../carte.html ; ../vehicules.html ; ../armes.html ; ../collectibles.html ; ../progression.html ; ../index.html ; ../vehicules.html ; ../vehicules.html#cat=service ; ../comparateur.html?type=vehicules&ids=vapid-police-cruiser-interceptor ; #modele-reel ; https://www.google.com/search?tbm=isch&q=Ford%20Taurus ; https://fr.wikipedia.org/w/index.php?search=Ford%20Taurus ; ../vehicules.html#slot=americain ; ../vehicules.html#cat=service ; ../vehicules.html#slot=americain ; ../carte.html#lieu=g-L1610 ; ../carte.html#lieu=g-L2375 ; ../carte.html#lieu=g-L590 ; ../contact.html ; bravado-bison-1800-police.html ; bravado-buffalo-stx-pursuit.html ; bravado-gauntlet-interceptor.html ; bravado-police-cruiser-buffalo.html ; brute-ambulance.html ; brute-bus.html ; vapid-benson.html ; vapid-police-cruiser-stanier-le.html ; ../carte.html ; ../vehicules.html ; ../armes.html ; ../collectibles.html ; ../progression.html ; ../calculateurs.html ; ../a-propos.html ; ../contact.html ; ../mentions-legales.html
vehicules/vapid-police-cruiser-stanier-le.html,/vehicules/vapid-police-cruiser-stanier-le.html,fiche véhicule,Vapid Police Cruiser (Stanier LE) — GTA VI | Leonidakit,https://www.leonidakit.com/vehicules/vapid-police-cruiser-stanier-le.html,,../search-index.js ; ../vehicules-data.js ; ../assets-manifest.js ; ../common.js ; ../app.js ; ../fiches.js,../search-index.js ; ../vehicules-data.js ; ../assets-manifest.js,https://fonts.googleapis.com/css2?family=Archivo:wght@400;500;600;700;900&display=swap ; ../style.css ; ../fiches.css ; https://www.leonidakit.com/img/social-card.png,recherche ; galerie ; possession,#main ; ../index.html ; ../carte.html ; ../vehicules.html ; ../armes.html ; ../collectibles.html ; ../progression.html ; ../index.html ; ../vehicules.html ; ../vehicules.html#cat=service ; ../comparateur.html?type=vehicules&ids=vapid-police-cruiser-stanier-le ; #modele-reel ; https://www.google.com/search?tbm=isch&q=Ford%20Crown%20Victoria ; https://fr.wikipedia.org/w/index.php?search=Ford%20Crown%20Victoria ; ../vehicules.html#slot=americain ; ../vehicules.html#cat=service ; ../vehicules.html#slot=americain ; ../carte.html#lieu=g-L1610 ; ../carte.html#lieu=g-L2375 ; ../carte.html#lieu=g-L590 ; ../contact.html ; bravado-bison-1800-police.html ; bravado-buffalo-stx-pursuit.html ; bravado-gauntlet-interceptor.html ; bravado-police-cruiser-buffalo.html ; brute-ambulance.html ; brute-bus.html ; vapid-police-cruiser-interceptor.html ; vapid-police-ghost.html ; ../carte.html ; ../vehicules.html ; ../armes.html ; ../collectibles.html ; ../progression.html ; ../calculateurs.html ; ../a-propos.html ; ../contact.html ; ../mentions-legales.html
vehicules/vapid-police-ghost.html,/vehicules/vapid-police-ghost.html,fiche véhicule,Vapid Police Ghost (Stanier LE) — GTA VI | Leonidakit,https://www.leonidakit.com/vehicules/vapid-police-ghost.html,,../search-index.js ; ../vehicules-data.js ; ../assets-manifest.js ; ../common.js ; ../app.js ; ../fiches.js,../search-index.js ; ../vehicules-data.js ; ../assets-manifest.js,https://fonts.googleapis.com/css2?family=Archivo:wght@400;500;600;700;900&display=swap ; ../style.css ; ../fiches.css ; https://www.leonidakit.com/img/social-card.png,recherche ; galerie ; possession,#main ; ../index.html ; ../carte.html ; ../vehicules.html ; ../armes.html ; ../collectibles.html ; ../progression.html ; ../index.html ; ../vehicules.html ; ../vehicules.html#cat=service ; ../comparateur.html?type=vehicules&ids=vapid-police-ghost ; #modele-reel ; https://www.google.com/search?tbm=isch&q=Ford%20Crown%20Victoria ; https://fr.wikipedia.org/w/index.php?search=Ford%20Crown%20Victoria ; ../vehicules.html#slot=americain ; ../vehicules.html#cat=service ; ../vehicules.html#slot=americain ; ../carte.html#lieu=g-L1610 ; ../carte.html#lieu=g-L2375 ; ../carte.html#lieu=g-L590 ; ../contact.html ; bravado-bison-1800-police.html ; bravado-buffalo-stx-pursuit.html ; bravado-gauntlet-interceptor.html ; bravado-police-cruiser-buffalo.html ; brute-ambulance.html ; brute-bus.html ; vapid-police-cruiser-stanier-le.html ; ford-explorer-police.html ; ../carte.html ; ../vehicules.html ; ../armes.html ; ../collectibles.html ; ../progression.html ; ../calculateurs.html ; ../a-propos.html ; ../contact.html ; ../mentions-legales.html
vehicules/vapid-reclaimer.html,/vehicules/vapid-reclaimer.html,fiche véhicule,Vapid Reclaimer — GTA VI | Leonidakit,https://www.leonidakit.com/vehicules/vapid-reclaimer.html,,../search-index.js ; ../vehicules-data.js ; ../assets-manifest.js ; ../common.js ; ../app.js ; ../fiches.js,../search-index.js ; ../vehicules-data.js ; ../assets-manifest.js,https://fonts.googleapis.com/css2?family=Archivo:wght@400;500;600;700;900&display=swap ; ../style.css ; ../fiches.css ; https://www.leonidakit.com/img/social-card.png,recherche ; galerie ; possession,#main ; ../index.html ; ../carte.html ; ../vehicules.html ; ../armes.html ; ../collectibles.html ; ../progression.html ; ../index.html ; ../vehicules.html ; ../vehicules.html#cat=pickup ; ../comparateur.html?type=vehicules&ids=vapid-reclaimer ; #modele-reel ; https://www.google.com/search?tbm=isch&q=Ford%20Ranger%20T6 ; https://fr.wikipedia.org/w/index.php?search=Ford%20Ranger%20T6 ; ../vehicules.html#slot=americain ; ../vehicules.html#cat=pickup ; ../vehicules.html#slot=americain ; ../carte.html#lieu=g-L1610 ; ../carte.html#lieu=g-L2375 ; ../carte.html#lieu=g-L590 ; ../contact.html ; annis-hellion.html ; bravado-bison-900-95-monster-truck.html ; canis-kamacho.html ; declasse-rancher.html ; declasse-walton-l35-stock.html ; declasse-yosemite.html ; vapid-liberator.html ; vapid-sandking-xl.html ; ../carte.html ; ../vehicules.html ; ../armes.html ; ../collectibles.html ; ../progression.html ; ../calculateurs.html ; ../a-propos.html ; ../contact.html ; ../mentions-legales.html
vehicules/vapid-riata-classic.html,/vehicules/vapid-riata-classic.html,fiche véhicule,Vapid Riata Classic — GTA VI | Leonidakit,https://www.leonidakit.com/vehicules/vapid-riata-classic.html,,../search-index.js ; ../vehicules-data.js ; ../assets-manifest.js ; ../common.js ; ../app.js ; ../fiches.js,../search-index.js ; ../vehicules-data.js ; ../assets-manifest.js,https://fonts.googleapis.com/css2?family=Archivo:wght@400;500;600;700;900&display=swap ; ../style.css ; ../fiches.css ; https://www.leonidakit.com/img/social-card.png,recherche ; galerie ; possession,#main ; ../index.html ; ../carte.html ; ../vehicules.html ; ../armes.html ; ../collectibles.html ; ../progression.html ; ../index.html ; ../vehicules.html ; ../vehicules.html#cat=suv ; ../comparateur.html?type=vehicules&ids=vapid-riata-classic ; #modele-reel ; https://www.google.com/search?tbm=isch&q=Ford%20Bronco ; https://fr.wikipedia.org/w/index.php?search=Ford%20Bronco ; ../vehicules.html#slot=americain ; ../vehicules.html#cat=suv ; ../vehicules.html#slot=americain ; ../vehicules-rares.html ; ../carte.html#lieu=g-L1610 ; ../carte.html#lieu=g-L2375 ; ../carte.html#lieu=g-L590 ; ../contact.html ; albany-cavalcade-xl.html ; benefactor-dubsta.html ; benefactor-xls.html ; bravado-dorado.html ; enus-jubilee.html ; canis-mesa.html ; vapid-montagne.html ; annis-hellion.html ; ../carte.html ; ../vehicules.html ; ../armes.html ; ../collectibles.html ; ../progression.html ; ../calculateurs.html ; ../a-propos.html ; ../contact.html ; ../mentions-legales.html
vehicules/vapid-sadler.html,/vehicules/vapid-sadler.html,fiche véhicule / noindex,Fiche retiree | Leonidakit,https://www.leonidakit.com/vehicules.html,"noindex, follow",,,,,/vehicules.html
vehicules/vapid-sandking-xl.html,/vehicules/vapid-sandking-xl.html,fiche véhicule,Vapid Sandking XL — GTA VI | Leonidakit,https://www.leonidakit.com/vehicules/vapid-sandking-xl.html,,../search-index.js ; ../vehicules-data.js ; ../assets-manifest.js ; ../common.js ; ../app.js ; ../fiches.js,../search-index.js ; ../vehicules-data.js ; ../assets-manifest.js,https://fonts.googleapis.com/css2?family=Archivo:wght@400;500;600;700;900&display=swap ; ../style.css ; ../fiches.css ; https://www.leonidakit.com/img/social-card.png,recherche ; galerie ; possession,#main ; ../index.html ; ../carte.html ; ../vehicules.html ; ../armes.html ; ../collectibles.html ; ../progression.html ; ../index.html ; ../vehicules.html ; ../vehicules.html#cat=pickup ; ../comparateur.html?type=vehicules&ids=vapid-sandking-xl ; #modele-reel ; https://www.google.com/search?tbm=isch&q=Ford%20Super%20Duty ; https://fr.wikipedia.org/w/index.php?search=Ford%20Super%20Duty ; ../vehicules.html#slot=americain ; ../vehicules.html#cat=pickup ; ../vehicules.html#slot=americain ; ../carte.html#lieu=g-L1610 ; ../carte.html#lieu=g-L2375 ; ../carte.html#lieu=g-L590 ; ../contact.html ; annis-hellion.html ; bravado-bison-900-95-monster-truck.html ; canis-kamacho.html ; declasse-rancher.html ; declasse-walton-l35-stock.html ; declasse-yosemite.html ; vapid-reclaimer.html ; bravado-bison.html ; ../carte.html ; ../vehicules.html ; ../armes.html ; ../collectibles.html ; ../progression.html ; ../calculateurs.html ; ../a-propos.html ; ../contact.html ; ../mentions-legales.html
vehicules/vapid-slamvan.html,/vehicules/vapid-slamvan.html,fiche véhicule,Vapid Slamvan — GTA VI | Leonidakit,https://www.leonidakit.com/vehicules/vapid-slamvan.html,,../search-index.js ; ../vehicules-data.js ; ../assets-manifest.js ; ../common.js ; ../app.js ; ../fiches.js,../search-index.js ; ../vehicules-data.js ; ../assets-manifest.js,https://fonts.googleapis.com/css2?family=Archivo:wght@400;500;600;700;900&display=swap ; ../style.css ; ../fiches.css ; https://www.leonidakit.com/img/social-card.png,recherche ; galerie ; possession,#main ; ../index.html ; ../carte.html ; ../vehicules.html ; ../armes.html ; ../collectibles.html ; ../progression.html ; ../index.html ; ../vehicules.html ; ../vehicules.html#cat=muscle ; ../comparateur.html?type=vehicules&ids=vapid-slamvan ; #modele-reel ; https://www.google.com/search?tbm=isch&q=Ford%20F-Series%20pr%C3%A9par%C3%A9%20rat%20rod ; https://fr.wikipedia.org/w/index.php?search=Ford%20F-Series%20pr%C3%A9par%C3%A9%20rat%20rod ; ../vehicules.html#slot=americain ; ../vehicules.html#cat=muscle ; ../vehicules.html#slot=americain ; ../carte.html#lieu=g-L1610 ; ../carte.html#lieu=g-L2375 ; ../carte.html#lieu=g-L590 ; ../contact.html ; albany-buccaneer.html ; albany-buccaneer-custom.html ; albany-virgo-classic.html ; bravado-buffalo-stx.html ; bravado-gauntlet-classic.html ; vapid-gauntlet-classic-custom.html ; vapid-ganado.html ; willard-faction.html ; ../carte.html ; ../vehicules.html ; ../armes.html ; ../collectibles.html ; ../progression.html ; ../calculateurs.html ; ../a-propos.html ; ../contact.html ; ../mentions-legales.html
vehicules/vapid-speedo.html,/vehicules/vapid-speedo.html,fiche véhicule,Vapid Speedo — GTA VI | Leonidakit,https://www.leonidakit.com/vehicules/vapid-speedo.html,,../search-index.js ; ../vehicules-data.js ; ../assets-manifest.js ; ../common.js ; ../app.js ; ../fiches.js,../search-index.js ; ../vehicules-data.js ; ../assets-manifest.js,https://fonts.googleapis.com/css2?family=Archivo:wght@400;500;600;700;900&display=swap ; ../style.css ; ../fiches.css ; https://www.leonidakit.com/img/social-card.png,recherche ; galerie ; possession,#main ; ../index.html ; ../carte.html ; ../vehicules.html ; ../armes.html ; ../collectibles.html ; ../progression.html ; ../index.html ; ../vehicules.html ; ../vehicules.html#cat=van ; ../comparateur.html?type=vehicules&ids=vapid-speedo ; #modele-reel ; https://www.google.com/search?tbm=isch&q=Chevrolet%20Express ; https://fr.wikipedia.org/w/index.php?search=Chevrolet%20Express ; ../vehicules.html#slot=americain ; ../vehicules.html#cat=van ; ../vehicules.html#slot=americain ; ../carte.html#lieu=g-L1610 ; ../carte.html#lieu=g-L2375 ; ../carte.html#lieu=g-L590 ; ../contact.html ; bravado-bison.html ; bravado-bison-1800.html ; bravado-bison-900-95.html ; bravado-rumpo.html ; bravado-youga-classic.html ; brute-boxville.html ; ford-transit-cargo-4.html ; zirconium-journey.html ; ../carte.html ; ../vehicules.html ; ../armes.html ; ../collectibles.html ; ../progression.html ; ../calculateurs.html ; ../a-propos.html ; ../contact.html ; ../mentions-legales.html
vehicules/vapid-stanier-le.html,/vehicules/vapid-stanier-le.html,fiche véhicule / noindex,Vapid Stanier LE — GTA VI | Leonidakit,https://www.leonidakit.com/vehicules/vapid-stanier-le.html,"noindex, follow",../search-index.js ; ../vehicules-data.js ; ../assets-manifest.js ; ../common.js ; ../app.js ; ../fiches.js,../search-index.js ; ../vehicules-data.js ; ../assets-manifest.js,https://fonts.googleapis.com/css2?family=Archivo:wght@400;500;600;700;900&display=swap ; ../style.css ; ../fiches.css,recherche ; galerie ; possession,#main ; ../index.html ; ../carte.html ; ../vehicules.html ; ../armes.html ; ../collectibles.html ; ../progression.html ; /vehicules.html ; ../index.html ; ../vehicules.html ; ../vehicules.html#cat=service ; ../comparateur.html?type=vehicules&ids=vapid-stanier-le ; #modele-reel ; https://www.google.com/search?tbm=isch&q=Ford%20Crown%20Victoria%20Police%20Interceptor ; https://fr.wikipedia.org/w/index.php?search=Ford%20Crown%20Victoria%20Police%20Interceptor ; ../vehicules.html#slot=americain ; ../vehicules.html#cat=service ; ../vehicules.html#slot=americain ; ../carte.html#lieu=g-L1610 ; ../carte.html#lieu=g-L2375 ; ../carte.html#lieu=g-L590 ; ../contact.html ; dashound.html ; bravado-buffalo-stx-pursuit.html ; bravado-gauntlet-interceptor.html ; bravado-police-cruiser-buffalo.html ; brute-bus.html ; brute-police-riot.html ; vapid-sadler.html ; vapid-taxi.html ; ../carte.html ; ../vehicules.html ; ../armes.html ; ../collectibles.html ; ../progression.html ; ../calculateurs.html ; ../a-propos.html ; ../contact.html ; ../mentions-legales.html
vehicules/vapid-stanier-moderne.html,/vehicules/vapid-stanier-moderne.html,fiche véhicule,Vapid Stanier — GTA VI | Leonidakit,https://www.leonidakit.com/vehicules/vapid-stanier-moderne.html,,../search-index.js ; ../vehicules-data.js ; ../assets-manifest.js ; ../common.js ; ../app.js ; ../fiches.js,../search-index.js ; ../vehicules-data.js ; ../assets-manifest.js,https://fonts.googleapis.com/css2?family=Archivo:wght@400;500;600;700;900&display=swap ; ../style.css ; ../fiches.css ; https://www.leonidakit.com/img/social-card.png,recherche ; galerie ; possession,#main ; ../index.html ; ../carte.html ; ../vehicules.html ; ../armes.html ; ../collectibles.html ; ../progression.html ; ../index.html ; ../vehicules.html ; ../vehicules.html#cat=berline ; ../comparateur.html?type=vehicules&ids=vapid-stanier-moderne ; #modele-reel ; https://www.google.com/search?tbm=isch&q=Ford%20Crown%20Victoria ; https://fr.wikipedia.org/w/index.php?search=Ford%20Crown%20Victoria ; ../vehicules.html#slot=americain ; ../vehicules.html#cat=berline ; ../vehicules.html#slot=americain ; ../carte.html#lieu=g-L1610 ; ../carte.html#lieu=g-L2375 ; ../carte.html#lieu=g-L590 ; ../contact.html ; albany-emperor.html ; albany-primo.html ; albany-primo-custom.html ; benefactor-schafter-v12.html ; karin-asterope.html ; karin-asterope-gz.html ; schyster-pmp-700.html ; vapid-stanier.html ; ../carte.html ; ../vehicules.html ; ../armes.html ; ../collectibles.html ; ../progression.html ; ../calculateurs.html ; ../a-propos.html ; ../contact.html ; ../mentions-legales.html
vehicules/vapid-stanier.html,/vehicules/vapid-stanier.html,fiche véhicule,Vapid Stanier '55 — GTA VI | Leonidakit,https://www.leonidakit.com/vehicules/vapid-stanier.html,,../search-index.js ; ../vehicules-data.js ; ../assets-manifest.js ; ../common.js ; ../app.js ; ../fiches.js,../search-index.js ; ../vehicules-data.js ; ../assets-manifest.js,https://fonts.googleapis.com/css2?family=Archivo:wght@400;500;600;700;900&display=swap ; ../style.css ; ../fiches.css ; https://www.leonidakit.com/img/social-card.png,recherche ; galerie ; possession,#main ; ../index.html ; ../carte.html ; ../vehicules.html ; ../armes.html ; ../collectibles.html ; ../progression.html ; ../index.html ; ../vehicules.html ; ../vehicules.html#cat=berline ; ../comparateur.html?type=vehicules&ids=vapid-stanier ; #modele-reel ; https://www.google.com/search?tbm=isch&q=1956%20Ford%20Fairlane%20Club%20Sedan ; https://fr.wikipedia.org/w/index.php?search=1956%20Ford%20Fairlane%20Club%20Sedan ; ../vehicules.html#slot=americain ; ../vehicules.html#cat=berline ; ../vehicules.html#slot=americain ; ../vehicules-rares.html ; ../carte.html#lieu=g-L1610 ; ../carte.html#lieu=g-L2375 ; ../carte.html#lieu=g-L590 ; ../contact.html ; albany-emperor.html ; albany-primo.html ; albany-primo-custom.html ; benefactor-schafter-v12.html ; karin-asterope.html ; karin-asterope-gz.html ; vapid-stanier-moderne.html ; declasse-stratum.html ; ../carte.html ; ../vehicules.html ; ../armes.html ; ../collectibles.html ; ../progression.html ; ../calculateurs.html ; ../a-propos.html ; ../contact.html ; ../mentions-legales.html
vehicules/vapid-taxi.html,/vehicules/vapid-taxi.html,fiche véhicule,Vapid Stanier Taxi — GTA VI | Leonidakit,https://www.leonidakit.com/vehicules/vapid-taxi.html,,../search-index.js ; ../vehicules-data.js ; ../assets-manifest.js ; ../common.js ; ../app.js ; ../fiches.js,../search-index.js ; ../vehicules-data.js ; ../assets-manifest.js,https://fonts.googleapis.com/css2?family=Archivo:wght@400;500;600;700;900&display=swap ; ../style.css ; ../fiches.css ; https://www.leonidakit.com/img/social-card.png,recherche ; galerie ; possession,#main ; ../index.html ; ../carte.html ; ../vehicules.html ; ../armes.html ; ../collectibles.html ; ../progression.html ; ../index.html ; ../vehicules.html ; ../vehicules.html#cat=service ; ../comparateur.html?type=vehicules&ids=vapid-taxi ; #modele-reel ; https://www.google.com/search?tbm=isch&q=Ford%20Crown%20Victoria ; https://fr.wikipedia.org/w/index.php?search=Ford%20Crown%20Victoria ; ../vehicules.html#slot=americain ; ../vehicules.html#cat=service ; ../vehicules.html#slot=americain ; ../carte.html#lieu=g-L1610 ; ../carte.html#lieu=g-L2375 ; ../carte.html#lieu=g-L590 ; ../contact.html ; bravado-bison-1800-police.html ; bravado-buffalo-stx-pursuit.html ; bravado-gauntlet-interceptor.html ; bravado-police-cruiser-buffalo.html ; brute-ambulance.html ; brute-bus.html ; ford-explorer-police.html ; vapid-tow-truck.html ; ../carte.html ; ../vehicules.html ; ../armes.html ; ../collectibles.html ; ../progression.html ; ../calculateurs.html ; ../a-propos.html ; ../contact.html ; ../mentions-legales.html
vehicules/vapid-tow-truck.html,/vehicules/vapid-tow-truck.html,fiche véhicule,Vapid Tow Truck — GTA VI | Leonidakit,https://www.leonidakit.com/vehicules/vapid-tow-truck.html,,../search-index.js ; ../vehicules-data.js ; ../assets-manifest.js ; ../common.js ; ../app.js ; ../fiches.js,../search-index.js ; ../vehicules-data.js ; ../assets-manifest.js,https://fonts.googleapis.com/css2?family=Archivo:wght@400;500;600;700;900&display=swap ; ../style.css ; ../fiches.css ; https://www.leonidakit.com/img/social-card.png,recherche ; galerie ; possession,#main ; ../index.html ; ../carte.html ; ../vehicules.html ; ../armes.html ; ../collectibles.html ; ../progression.html ; ../index.html ; ../vehicules.html ; ../vehicules.html#cat=service ; ../comparateur.html?type=vehicules&ids=vapid-tow-truck ; #modele-reel ; https://www.google.com/search?tbm=isch&q=International%20Harvester%20s%C3%A9rie%20S%20des%20ann%C3%A9es%2080 ; https://fr.wikipedia.org/w/index.php?search=International%20Harvester%20s%C3%A9rie%20S%20des%20ann%C3%A9es%2080 ; ../vehicules.html#cat=service ; ../carte.html#lieu=g-L1610 ; ../carte.html#lieu=g-L2375 ; ../carte.html#lieu=g-L590 ; ../contact.html ; bravado-bison-1800-police.html ; bravado-buffalo-stx-pursuit.html ; bravado-gauntlet-interceptor.html ; bravado-police-cruiser-buffalo.html ; brute-ambulance.html ; brute-bus.html ; vapid-taxi.html ; endurex-race-bike.html ; ../carte.html ; ../vehicules.html ; ../armes.html ; ../collectibles.html ; ../progression.html ; ../calculateurs.html ; ../a-propos.html ; ../contact.html ; ../mentions-legales.html
vehicules/vcia-train.html,/vehicules/vcia-train.html,fiche véhicule,VCIA Train — GTA VI | Leonidakit,https://www.leonidakit.com/vehicules/vcia-train.html,,../search-index.js ; ../vehicules-data.js ; ../assets-manifest.js ; ../common.js ; ../app.js ; ../fiches.js,../search-index.js ; ../vehicules-data.js ; ../assets-manifest.js,https://fonts.googleapis.com/css2?family=Archivo:wght@400;500;600;700;900&display=swap ; ../style.css ; ../fiches.css ; https://www.leonidakit.com/img/social-card.png,recherche ; galerie ; possession,#main ; ../index.html ; ../carte.html ; ../vehicules.html ; ../armes.html ; ../collectibles.html ; ../progression.html ; ../index.html ; ../vehicules.html ; ../vehicules.html#cat=divers ; ../comparateur.html?type=vehicules&ids=vcia-train ; #modele-reel ; https://www.google.com/search?tbm=isch&q=Navette%20automatique%20d'a%C3%A9roport ; https://fr.wikipedia.org/w/index.php?search=Navette%20automatique%20d'a%C3%A9roport ; ../vehicules.html#cat=divers ; ../carte.html#lieu=g-L1610 ; ../carte.html#lieu=g-L2375 ; ../carte.html#lieu=g-L590 ; ../contact.html ; endurex-race-bike.html ; bmx.html ; cruiser.html ; lombike.html ; monorail-de-vice-city.html ; scorcher.html ; electric-scooter.html ; vcmm-train.html ; ../carte.html ; ../vehicules.html ; ../armes.html ; ../collectibles.html ; ../progression.html ; ../calculateurs.html ; ../a-propos.html ; ../contact.html ; ../mentions-legales.html
vehicules/vcmm-train.html,/vehicules/vcmm-train.html,fiche véhicule,VCMM Train — GTA VI | Leonidakit,https://www.leonidakit.com/vehicules/vcmm-train.html,,../search-index.js ; ../vehicules-data.js ; ../assets-manifest.js ; ../common.js ; ../app.js ; ../fiches.js,../search-index.js ; ../vehicules-data.js ; ../assets-manifest.js,https://fonts.googleapis.com/css2?family=Archivo:wght@400;500;600;700;900&display=swap ; ../style.css ; ../fiches.css ; https://www.leonidakit.com/img/social-card.png,recherche ; galerie ; possession,#main ; ../index.html ; ../carte.html ; ../vehicules.html ; ../armes.html ; ../collectibles.html ; ../progression.html ; ../index.html ; ../vehicules.html ; ../vehicules.html#cat=divers ; ../comparateur.html?type=vehicules&ids=vcmm-train ; #modele-reel ; https://www.google.com/search?tbm=isch&q=Metrorail%20de%20Miami ; https://fr.wikipedia.org/w/index.php?search=Metrorail%20de%20Miami ; ../vehicules.html#cat=divers ; ../carte.html#lieu=g-L1610 ; ../carte.html#lieu=g-L2375 ; ../carte.html#lieu=g-L590 ; ../contact.html ; endurex-race-bike.html ; bmx.html ; cruiser.html ; lombike.html ; monorail-de-vice-city.html ; scorcher.html ; vcia-train.html ; albany-emperor.html ; ../carte.html ; ../vehicules.html ; ../armes.html ; ../collectibles.html ; ../progression.html ; ../calculateurs.html ; ../a-propos.html ; ../contact.html ; ../mentions-legales.html
vehicules/vehicules.html,/vehicules/vehicules.html,fiche véhicule / noindex,Véhicules | Leonidakit,https://www.leonidakit.com/vehicules.html,"noindex, follow",,,,,/vehicules.html
vehicules/volkswagen-jetta.html,/vehicules/volkswagen-jetta.html,fiche véhicule,Jetta — GTA VI | Leonidakit,https://www.leonidakit.com/vehicules/volkswagen-jetta.html,,../search-index.js ; ../vehicules-data.js ; ../assets-manifest.js ; ../common.js ; ../app.js ; ../fiches.js,../search-index.js ; ../vehicules-data.js ; ../assets-manifest.js,https://fonts.googleapis.com/css2?family=Archivo:wght@400;500;600;700;900&display=swap ; ../style.css ; ../fiches.css ; https://www.leonidakit.com/img/social-card.png,recherche ; galerie ; possession,#main ; ../index.html ; ../carte.html ; ../vehicules.html ; ../armes.html ; ../collectibles.html ; ../progression.html ; ../index.html ; ../vehicules.html ; ../vehicules.html#cat=berline ; ../comparateur.html?type=vehicules&ids=volkswagen-jetta ; #modele-reel ; https://www.google.com/search?tbm=isch&q=Volkswagen%20Jetta ; https://fr.wikipedia.org/w/index.php?search=Volkswagen%20Jetta ; ../vehicules.html#slot=europeen ; ../vehicules.html#cat=berline ; ../vehicules.html#slot=europeen ; ../carte.html#lieu=g-L1610 ; ../carte.html#lieu=g-L2375 ; ../carte.html#lieu=g-L590 ; ../contact.html ; albany-emperor.html ; albany-primo.html ; albany-primo-custom.html ; benefactor-schafter-v12.html ; karin-asterope.html ; karin-asterope-gz.html ; chevrolet-impala-10.html ; chrysler-lebaron-town-country.html ; ../carte.html ; ../vehicules.html ; ../armes.html ; ../collectibles.html ; ../progression.html ; ../calculateurs.html ; ../a-propos.html ; ../contact.html ; ../mentions-legales.html
vehicules/vortex-airboat.html,/vehicules/vortex-airboat.html,fiche véhicule,Vortex Airboat — GTA VI | Leonidakit,https://www.leonidakit.com/vehicules/vortex-airboat.html,,../search-index.js ; ../vehicules-data.js ; ../assets-manifest.js ; ../common.js ; ../app.js ; ../fiches.js,../search-index.js ; ../vehicules-data.js ; ../assets-manifest.js,https://fonts.googleapis.com/css2?family=Archivo:wght@400;500;600;700;900&display=swap ; ../style.css ; ../fiches.css ; https://www.leonidakit.com/img/social-card.png,recherche ; galerie ; possession,#main ; ../index.html ; ../carte.html ; ../vehicules.html ; ../armes.html ; ../collectibles.html ; ../progression.html ; ../index.html ; ../vehicules.html ; ../vehicules.html#cat=bateau ; ../comparateur.html?type=vehicules&ids=vortex-airboat ; #modele-reel ; https://www.google.com/search?tbm=isch&q=Hydroglisseur%20Panther%20Airboat ; https://fr.wikipedia.org/w/index.php?search=Hydroglisseur%20Panther%20Airboat ; ../vehicules.html#cat=bateau ; ../carte.html#lieu=g-L1610 ; ../carte.html#lieu=g-L2375 ; ../carte.html#lieu=g-L590 ; ../contact.html ; airboat-09.html ; btn-delmar.html ; crest-kayak.html ; dinka-jetmax.html ; nagasaki-marquis.html ; lure-predator-l35p.html ; speedophile-seashark.html ; bravado-bison-1800-police.html ; ../carte.html ; ../vehicules.html ; ../armes.html ; ../collectibles.html ; ../progression.html ; ../calculateurs.html ; ../a-propos.html ; ../contact.html ; ../mentions-legales.html
vehicules/vulcar-ingot.html,/vehicules/vulcar-ingot.html,fiche véhicule / noindex,Fiche retiree | Leonidakit,https://www.leonidakit.com/vehicules.html,"noindex, follow",,,,,/vehicules.html
vehicules/water-taxi.html,/vehicules/water-taxi.html,fiche véhicule,Bateau-taxi — GTA VI | Leonidakit,https://www.leonidakit.com/vehicules/water-taxi.html,,../search-index.js ; ../vehicules-data.js ; ../assets-manifest.js ; ../common.js ; ../app.js ; ../fiches.js,../search-index.js ; ../vehicules-data.js ; ../assets-manifest.js,https://fonts.googleapis.com/css2?family=Archivo:wght@400;500;600;700;900&display=swap ; ../style.css ; ../fiches.css ; https://www.leonidakit.com/img/social-card.png,recherche ; galerie ; possession,#main ; ../index.html ; ../carte.html ; ../vehicules.html ; ../armes.html ; ../collectibles.html ; ../progression.html ; ../index.html ; ../vehicules.html ; ../vehicules.html#cat=bateau ; ../comparateur.html?type=vehicules&ids=water-taxi ; #modele-reel ; https://www.google.com/search?tbm=isch&q=Bateau-taxi%20de%20Miami ; https://fr.wikipedia.org/w/index.php?search=Bateau-taxi%20de%20Miami ; ../vehicules.html#cat=bateau ; ../carte.html#lieu=g-L1610 ; ../carte.html#lieu=g-L2375 ; ../carte.html#lieu=g-L590 ; ../contact.html ; airboat-09.html ; btn-delmar.html ; crest-kayak.html ; dinka-jetmax.html ; nagasaki-marquis.html ; lure-predator-l35p.html ; fishing-boat.html ; bavaria-sr33.html ; ../carte.html ; ../vehicules.html ; ../armes.html ; ../collectibles.html ; ../progression.html ; ../calculateurs.html ; ../a-propos.html ; ../contact.html ; ../mentions-legales.html
vehicules/western-company-duster.html,/vehicules/western-company-duster.html,fiche véhicule,Western Company Duster — GTA VI | Leonidakit,https://www.leonidakit.com/vehicules/western-company-duster.html,,../search-index.js ; ../vehicules-data.js ; ../assets-manifest.js ; ../common.js ; ../app.js ; ../fiches.js,../search-index.js ; ../vehicules-data.js ; ../assets-manifest.js,https://fonts.googleapis.com/css2?family=Archivo:wght@400;500;600;700;900&display=swap ; ../style.css ; ../fiches.css ; https://www.leonidakit.com/img/social-card.png,recherche ; galerie ; possession,#main ; ../index.html ; ../carte.html ; ../vehicules.html ; ../armes.html ; ../collectibles.html ; ../progression.html ; ../index.html ; ../vehicules.html ; ../vehicules.html#cat=avion ; ../comparateur.html?type=vehicules&ids=western-company-duster ; #modele-reel ; https://www.google.com/search?tbm=isch&q=Stearman%20Model%2075 ; https://fr.wikipedia.org/w/index.php?search=Stearman%20Model%2075 ; ../vehicules.html#slot=americain ; ../vehicules.html#cat=avion ; ../vehicules.html#slot=americain ; ../carte.html#lieu=g-L1610 ; ../carte.html#lieu=g-L2375 ; ../carte.html#lieu=g-L590 ; ../contact.html ; buckingham-luxor.html ; buckingham-nimbus.html ; buckingham-shamal.html ; jobuilt-mammatus.html ; mammoth-dodo.html ; mammoth-streamer216.html ; jet.html ; xero-blimp.html ; ../carte.html ; ../vehicules.html ; ../armes.html ; ../collectibles.html ; ../progression.html ; ../calculateurs.html ; ../a-propos.html ; ../contact.html ; ../mentions-legales.html
vehicules/western-nightblade.html,/vehicules/western-nightblade.html,fiche véhicule,Western Nightblade — GTA VI | Leonidakit,https://www.leonidakit.com/vehicules/western-nightblade.html,,../search-index.js ; ../vehicules-data.js ; ../assets-manifest.js ; ../common.js ; ../app.js ; ../fiches.js,../search-index.js ; ../vehicules-data.js ; ../assets-manifest.js,https://fonts.googleapis.com/css2?family=Archivo:wght@400;500;600;700;900&display=swap ; ../style.css ; ../fiches.css ; https://www.leonidakit.com/img/social-card.png,recherche ; galerie ; possession,#main ; ../index.html ; ../carte.html ; ../vehicules.html ; ../armes.html ; ../collectibles.html ; ../progression.html ; ../index.html ; ../vehicules.html ; ../vehicules.html#cat=moto ; ../comparateur.html?type=vehicules&ids=western-nightblade ; #modele-reel ; https://www.google.com/search?tbm=isch&q=Harley-Davidson%20Night%20Rod%20Special ; https://fr.wikipedia.org/w/index.php?search=Harley-Davidson%20Night%20Rod%20Special ; ../vehicules.html#slot=americain ; ../vehicules.html#cat=moto ; ../vehicules.html#slot=americain ; ../carte.html#lieu=g-L1610 ; ../carte.html#lieu=g-L2375 ; ../carte.html#lieu=g-L590 ; ../contact.html ; dinka-double-t.html ; dinka-enduro.html ; lcc-avarus.html ; maibatsu-manchez.html ; maibatsu-sanchez.html ; yamaha-bws-125.html ; shitzu-pcj-600.html ; western-sovereign.html ; ../carte.html ; ../vehicules.html ; ../armes.html ; ../collectibles.html ; ../progression.html ; ../calculateurs.html ; ../a-propos.html ; ../contact.html ; ../mentions-legales.html
vehicules/western-sea-sparrow.html,/vehicules/western-sea-sparrow.html,fiche véhicule,Western Sea Sparrow — GTA VI | Leonidakit,https://www.leonidakit.com/vehicules/western-sea-sparrow.html,,../search-index.js ; ../vehicules-data.js ; ../assets-manifest.js ; ../common.js ; ../app.js ; ../fiches.js,../search-index.js ; ../vehicules-data.js ; ../assets-manifest.js,https://fonts.googleapis.com/css2?family=Archivo:wght@400;500;600;700;900&display=swap ; ../style.css ; ../fiches.css ; https://www.leonidakit.com/img/social-card.png,recherche ; galerie ; possession,#main ; ../index.html ; ../carte.html ; ../vehicules.html ; ../armes.html ; ../collectibles.html ; ../progression.html ; ../index.html ; ../vehicules.html ; ../vehicules.html#cat=helicoptere ; ../comparateur.html?type=vehicules&ids=western-sea-sparrow ; #modele-reel ; https://www.google.com/search?tbm=isch&q=Sikorsky%20S-300 ; https://fr.wikipedia.org/w/index.php?search=Sikorsky%20S-300 ; ../vehicules.html#cat=helicoptere ; ../carte.html#lieu=g-L1610 ; ../carte.html#lieu=g-L2375 ; ../carte.html#lieu=g-L590 ; ../contact.html ; buckingham-maverick.html ; buckingham-police-maverick.html ; buckingham-supervolito.html ; buckingham-swift.html ; buckingham-valkyrie.html ; buckingham-buzzard.html ; nagasaki-police-buzzard.html ; buckingham-luxor.html ; ../carte.html ; ../vehicules.html ; ../armes.html ; ../collectibles.html ; ../progression.html ; ../calculateurs.html ; ../a-propos.html ; ../contact.html ; ../mentions-legales.html
vehicules/western-sovereign.html,/vehicules/western-sovereign.html,fiche véhicule,Western Sovereign — GTA VI | Leonidakit,https://www.leonidakit.com/vehicules/western-sovereign.html,,../search-index.js ; ../vehicules-data.js ; ../assets-manifest.js ; ../common.js ; ../app.js ; ../fiches.js,../search-index.js ; ../vehicules-data.js ; ../assets-manifest.js,https://fonts.googleapis.com/css2?family=Archivo:wght@400;500;600;700;900&display=swap ; ../style.css ; ../fiches.css ; https://www.leonidakit.com/img/social-card.png,recherche ; galerie ; possession,#main ; ../index.html ; ../carte.html ; ../vehicules.html ; ../armes.html ; ../collectibles.html ; ../progression.html ; ../index.html ; ../vehicules.html ; ../vehicules.html#cat=moto ; ../comparateur.html?type=vehicules&ids=western-sovereign ; #modele-reel ; https://www.google.com/search?tbm=isch&q=Harley%20Davidson%20Road%20King ; https://fr.wikipedia.org/w/index.php?search=Harley%20Davidson%20Road%20King ; ../vehicules.html#slot=americain ; ../vehicules.html#cat=moto ; ../vehicules.html#slot=americain ; ../carte.html#lieu=g-L1610 ; ../carte.html#lieu=g-L2375 ; ../carte.html#lieu=g-L590 ; ../contact.html ; dinka-double-t.html ; dinka-enduro.html ; lcc-avarus.html ; maibatsu-manchez.html ; maibatsu-sanchez.html ; yamaha-bws-125.html ; western-nightblade.html ; western-zombie-chopper.html ; ../carte.html ; ../vehicules.html ; ../armes.html ; ../collectibles.html ; ../progression.html ; ../calculateurs.html ; ../a-propos.html ; ../contact.html ; ../mentions-legales.html
vehicules/western-zombie-chopper.html,/vehicules/western-zombie-chopper.html,fiche véhicule,Western Zombie Chopper — GTA VI | Leonidakit,https://www.leonidakit.com/vehicules/western-zombie-chopper.html,,../search-index.js ; ../vehicules-data.js ; ../assets-manifest.js ; ../common.js ; ../app.js ; ../fiches.js,../search-index.js ; ../vehicules-data.js ; ../assets-manifest.js,https://fonts.googleapis.com/css2?family=Archivo:wght@400;500;600;700;900&display=swap ; ../style.css ; ../fiches.css ; https://www.leonidakit.com/img/social-card.png,recherche ; galerie ; possession,#main ; ../index.html ; ../carte.html ; ../vehicules.html ; ../armes.html ; ../collectibles.html ; ../progression.html ; ../index.html ; ../vehicules.html ; ../vehicules.html#cat=moto ; ../comparateur.html?type=vehicules&ids=western-zombie-chopper ; #modele-reel ; https://www.google.com/search?tbm=isch&q=Harley%20Davidson%20Fat%20Bob%20Custom ; https://fr.wikipedia.org/w/index.php?search=Harley%20Davidson%20Fat%20Bob%20Custom ; ../vehicules.html#slot=americain ; ../vehicules.html#cat=moto ; ../vehicules.html#slot=americain ; ../carte.html#lieu=g-L1610 ; ../carte.html#lieu=g-L2375 ; ../carte.html#lieu=g-L590 ; ../contact.html ; dinka-double-t.html ; dinka-enduro.html ; lcc-avarus.html ; maibatsu-manchez.html ; maibatsu-sanchez.html ; yamaha-bws-125.html ; western-sovereign.html ; buckingham-maverick.html ; ../carte.html ; ../vehicules.html ; ../armes.html ; ../collectibles.html ; ../progression.html ; ../calculateurs.html ; ../a-propos.html ; ../contact.html ; ../mentions-legales.html
vehicules/willard-faction-custom-donk.html,/vehicules/willard-faction-custom-donk.html,fiche véhicule,Willard Faction Custom Donk — GTA VI | Leonidakit,https://www.leonidakit.com/vehicules/willard-faction-custom-donk.html,,../search-index.js ; ../vehicules-data.js ; ../assets-manifest.js ; ../common.js ; ../app.js ; ../fiches.js,../search-index.js ; ../vehicules-data.js ; ../assets-manifest.js,https://fonts.googleapis.com/css2?family=Archivo:wght@400;500;600;700;900&display=swap ; ../style.css ; ../fiches.css ; https://www.leonidakit.com/img/social-card.png,recherche ; galerie ; possession,#main ; ../index.html ; ../carte.html ; ../vehicules.html ; ../armes.html ; ../collectibles.html ; ../progression.html ; ../index.html ; ../vehicules.html ; ../vehicules.html#cat=muscle ; ../comparateur.html?type=vehicules&ids=willard-faction-custom-donk ; #modele-reel ; https://www.google.com/search?tbm=isch&q=Buick%20Regal%20en%20configuration%20donk ; https://fr.wikipedia.org/w/index.php?search=Buick%20Regal%20en%20configuration%20donk ; ../vehicules.html#slot=americain ; ../vehicules.html#cat=muscle ; ../vehicules.html#slot=americain ; ../carte.html#lieu=g-L1610 ; ../carte.html#lieu=g-L2375 ; ../carte.html#lieu=g-L590 ; ../contact.html ; albany-buccaneer.html ; albany-buccaneer-custom.html ; albany-virgo-classic.html ; bravado-buffalo-stx.html ; bravado-gauntlet-classic.html ; vapid-gauntlet-classic-custom.html ; willard-faction.html ; albany-cavalcade-xl.html ; ../carte.html ; ../vehicules.html ; ../armes.html ; ../collectibles.html ; ../progression.html ; ../calculateurs.html ; ../a-propos.html ; ../contact.html ; ../mentions-legales.html
vehicules/willard-faction.html,/vehicules/willard-faction.html,fiche véhicule,Willard Faction — GTA VI | Leonidakit,https://www.leonidakit.com/vehicules/willard-faction.html,,../search-index.js ; ../vehicules-data.js ; ../assets-manifest.js ; ../common.js ; ../app.js ; ../fiches.js,../search-index.js ; ../vehicules-data.js ; ../assets-manifest.js,https://fonts.googleapis.com/css2?family=Archivo:wght@400;500;600;700;900&display=swap ; ../style.css ; ../fiches.css ; https://www.leonidakit.com/img/social-card.png,recherche ; galerie ; possession,#main ; ../index.html ; ../carte.html ; ../vehicules.html ; ../armes.html ; ../collectibles.html ; ../progression.html ; ../index.html ; ../vehicules.html ; ../vehicules.html#cat=muscle ; ../comparateur.html?type=vehicules&ids=willard-faction ; #modele-reel ; https://www.google.com/search?tbm=isch&q=Buick%20Regal%20des%20ann%C3%A9es%2080 ; https://fr.wikipedia.org/w/index.php?search=Buick%20Regal%20des%20ann%C3%A9es%2080 ; ../vehicules.html#slot=americain ; ../vehicules.html#cat=muscle ; ../vehicules.html#slot=americain ; ../carte.html#lieu=g-L1610 ; ../carte.html#lieu=g-L2375 ; ../carte.html#lieu=g-L590 ; ../contact.html ; albany-buccaneer.html ; albany-buccaneer-custom.html ; albany-virgo-classic.html ; bravado-buffalo-stx.html ; bravado-gauntlet-classic.html ; vapid-gauntlet-classic-custom.html ; vapid-slamvan.html ; willard-faction-custom-donk.html ; ../carte.html ; ../vehicules.html ; ../armes.html ; ../collectibles.html ; ../progression.html ; ../calculateurs.html ; ../a-propos.html ; ../contact.html ; ../mentions-legales.html
vehicules/xero-blimp.html,/vehicules/xero-blimp.html,fiche véhicule,Xero Blimp — GTA VI | Leonidakit,https://www.leonidakit.com/vehicules/xero-blimp.html,,../search-index.js ; ../vehicules-data.js ; ../assets-manifest.js ; ../common.js ; ../app.js ; ../fiches.js,../search-index.js ; ../vehicules-data.js ; ../assets-manifest.js,https://fonts.googleapis.com/css2?family=Archivo:wght@400;500;600;700;900&display=swap ; ../style.css ; ../fiches.css ; https://www.leonidakit.com/img/social-card.png,recherche ; galerie ; possession,#main ; ../index.html ; ../carte.html ; ../vehicules.html ; ../armes.html ; ../collectibles.html ; ../progression.html ; ../index.html ; ../vehicules.html ; ../vehicules.html#cat=avion ; ../comparateur.html?type=vehicules&ids=xero-blimp ; #modele-reel ; https://www.google.com/search?tbm=isch&q=Goodyear%20Aerospace%20GZ-20 ; https://fr.wikipedia.org/w/index.php?search=Goodyear%20Aerospace%20GZ-20 ; ../vehicules.html#cat=avion ; ../carte.html#lieu=g-L1610 ; ../carte.html#lieu=g-L2375 ; ../carte.html#lieu=g-L590 ; ../contact.html ; buckingham-luxor.html ; buckingham-nimbus.html ; buckingham-shamal.html ; jobuilt-mammatus.html ; mammoth-dodo.html ; mammoth-streamer216.html ; western-company-duster.html ; airboat-09.html ; ../carte.html ; ../vehicules.html ; ../armes.html ; ../collectibles.html ; ../progression.html ; ../calculateurs.html ; ../a-propos.html ; ../contact.html ; ../mentions-legales.html
vehicules/yamaha-bws-125.html,/vehicules/yamaha-bws-125.html,fiche véhicule,BWs 125 — GTA VI | Leonidakit,https://www.leonidakit.com/vehicules/yamaha-bws-125.html,,../search-index.js ; ../vehicules-data.js ; ../assets-manifest.js ; ../common.js ; ../app.js ; ../fiches.js,../search-index.js ; ../vehicules-data.js ; ../assets-manifest.js,https://fonts.googleapis.com/css2?family=Archivo:wght@400;500;600;700;900&display=swap ; ../style.css ; ../fiches.css ; https://www.leonidakit.com/img/social-card.png,recherche ; galerie ; possession,#main ; ../index.html ; ../carte.html ; ../vehicules.html ; ../armes.html ; ../collectibles.html ; ../progression.html ; ../index.html ; ../vehicules.html ; ../vehicules.html#cat=moto ; ../comparateur.html?type=vehicules&ids=yamaha-bws-125 ; #modele-reel ; https://www.google.com/search?tbm=isch&q=Yamaha%20BWs%20125 ; https://fr.wikipedia.org/w/index.php?search=Yamaha%20BWs%20125 ; ../vehicules.html#slot=japonais ; ../vehicules.html#cat=moto ; ../vehicules.html#slot=japonais ; ../carte.html#lieu=g-L1610 ; ../carte.html#lieu=g-L2375 ; ../carte.html#lieu=g-L590 ; ../contact.html ; dinka-double-t.html ; dinka-enduro.html ; lcc-avarus.html ; maibatsu-manchez.html ; maibatsu-sanchez.html ; suzuki-gsx-r1000.html ; maibatsu-sanchez.html ; suzuki-gsx-r1000.html ; ../carte.html ; ../vehicules.html ; ../armes.html ; ../collectibles.html ; ../progression.html ; ../calculateurs.html ; ../a-propos.html ; ../contact.html ; ../mentions-legales.html
vehicules/zirconium-journey-ii.html,/vehicules/zirconium-journey-ii.html,fiche véhicule,Zirconium Journey II — GTA VI | Leonidakit,https://www.leonidakit.com/vehicules/zirconium-journey-ii.html,,../search-index.js ; ../vehicules-data.js ; ../assets-manifest.js ; ../common.js ; ../app.js ; ../fiches.js,../search-index.js ; ../vehicules-data.js ; ../assets-manifest.js,https://fonts.googleapis.com/css2?family=Archivo:wght@400;500;600;700;900&display=swap ; ../style.css ; ../fiches.css ; https://www.leonidakit.com/img/social-card.png,recherche ; galerie ; possession,#main ; ../index.html ; ../carte.html ; ../vehicules.html ; ../armes.html ; ../collectibles.html ; ../progression.html ; ../index.html ; ../vehicules.html ; ../vehicules.html#cat=van ; ../comparateur.html?type=vehicules&ids=zirconium-journey-ii ; #modele-reel ; https://www.google.com/search?tbm=isch&q=Winnebago%20Chieftain ; https://fr.wikipedia.org/w/index.php?search=Winnebago%20Chieftain ; ../vehicules.html#slot=americain ; ../vehicules.html#cat=van ; ../vehicules.html#slot=americain ; ../carte.html#lieu=g-L1610 ; ../carte.html#lieu=g-L2375 ; ../carte.html#lieu=g-L590 ; ../contact.html ; bravado-bison.html ; bravado-bison-1800.html ; bravado-bison-900-95.html ; bravado-rumpo.html ; bravado-youga-classic.html ; brute-boxville.html ; zirconium-journey.html ; dinka-double-t.html ; ../carte.html ; ../vehicules.html ; ../armes.html ; ../collectibles.html ; ../progression.html ; ../calculateurs.html ; ../a-propos.html ; ../contact.html ; ../mentions-legales.html
vehicules/zirconium-journey.html,/vehicules/zirconium-journey.html,fiche véhicule,Zirconium Journey — GTA VI | Leonidakit,https://www.leonidakit.com/vehicules/zirconium-journey.html,,../search-index.js ; ../vehicules-data.js ; ../assets-manifest.js ; ../common.js ; ../app.js ; ../fiches.js,../search-index.js ; ../vehicules-data.js ; ../assets-manifest.js,https://fonts.googleapis.com/css2?family=Archivo:wght@400;500;600;700;900&display=swap ; ../style.css ; ../fiches.css ; https://www.leonidakit.com/img/social-card.png,recherche ; galerie ; possession,#main ; ../index.html ; ../carte.html ; ../vehicules.html ; ../armes.html ; ../collectibles.html ; ../progression.html ; ../index.html ; ../vehicules.html ; ../vehicules.html#cat=van ; ../comparateur.html?type=vehicules&ids=zirconium-journey ; #modele-reel ; https://www.google.com/search?tbm=isch&q=Fleetwood%20Pace%20Arrow ; https://fr.wikipedia.org/w/index.php?search=Fleetwood%20Pace%20Arrow ; ../vehicules.html#cat=van ; ../carte.html#lieu=g-L1610 ; ../carte.html#lieu=g-L2375 ; ../carte.html#lieu=g-L590 ; ../contact.html ; bravado-bison.html ; bravado-bison-1800.html ; bravado-bison-900-95.html ; bravado-rumpo.html ; bravado-youga-classic.html ; brute-boxville.html ; vapid-speedo.html ; zirconium-journey-ii.html ; ../carte.html ; ../vehicules.html ; ../armes.html ; ../collectibles.html ; ../progression.html ; ../calculateurs.html ; ../a-propos.html ; ../contact.html ; ../mentions-legales.html
vehicules-rares.html,/vehicules-rares.html,page racine,Véhicules rares et exclusifs de GTA VI : éditions et modèles uniques — Leonidakit,https://www.leonidakit.com/vehicules-rares.html,,vehicules-data.js ; assets-manifest.js ; common.js ; app.js ; fiches.js,vehicules-data.js ; assets-manifest.js,https://www.leonidakit.com/img/social-card.png ; https://fonts.googleapis.com/css2?family=Archivo:wght@400;500;600;700;900&display=swap ; style.css ; fiches.css,accordéons,#main ; index.html ; carte.html ; vehicules.html ; armes.html ; collectibles.html ; progression.html ; index.html ; vehicules.html ; vehicules/crest-kayak.html ; vehicules/shitzu-squalo.html ; vehicules/dinka-enduro.html ; vehicules/vapid-dominator-buggy.html ; vehicules/schyster-deviant.html ; vehicules/vapid-riata-classic.html ; vehicules/declasse-mamba-gt.html ; vehicules/grotti-cheetah-classic.html ; vehicules/vapid-stanier.html ; armes/girardi-es9.html ; armes/klose-k17.html ; armes/hawk-little-morgan.html ; armes/micro-smg.html ; armes/couteau-cran.html ; vehicules/sirius.html ; vehicules/vapid-ganado.html ; vehicules/canis-mesa.html ; carte.html ; vehicules.html ; armes.html ; collectibles.html ; progression.html ; calculateurs.html ; a-propos.html ; contact.html ; mentions-legales.html
vehicules.html,/vehicules.html,page racine,Véhicules de GTA VI : les 301 modèles recensés — Leonidakit,https://www.leonidakit.com/vehicules.html,,vehicules-data.js ; assets-manifest.js ; common.js ; app.js ; fiches.js,vehicules-data.js ; assets-manifest.js,https://www.leonidakit.com/img/social-card.png ; https://fonts.googleapis.com/css2?family=Archivo:wght@400;500;600;700;900&display=swap ; style.css ; fiches.css,filtres/tri/possessions ; accordéons,#main ; index.html ; carte.html ; vehicules.html ; armes.html ; collectibles.html ; progression.html ; vehicules/albany-emperor.html ; vehicules/albany-primo.html ; vehicules/albany-primo-custom.html ; vehicules/benefactor-schafter-v12.html ; vehicules/karin-asterope.html ; vehicules/karin-asterope-gz.html ; vehicules/lampadati-feroci.html ; vehicules/karin-intruder.html ; vehicules/audi-a7-rs7.html ; vehicules/honda-accord-10.html ; vehicules/mercedes-c-w205.html ; vehicules/chevrolet-impala-10.html ; vehicules/volkswagen-jetta.html ; vehicules/chrysler-lebaron-town-country.html ; vehicules/oceanic.html ; vehicules/buick-regal-6.html ; vehicules/chrysler-sebring-dodge-stratus.html ; vehicules/buick-skylark-6.html ; vehicules/chevrolet-sonic.html ; vehicules/ford-taurus.html ; vehicules/obey-tailgater.html ; vehicules/obey-tailgater-s.html ; vehicules/schyster-pmp-700.html ; vehicules/vapid-stanier-moderne.html ; vehicules/vapid-stanier.html ; vehicules/declasse-stratum.html ; vehicules/albany-manana.html ; vehicules/albany-v-str.html ; vehicules/annis-elegy-retro-custom.html ; vehicules/benefactor-schafter-lwb.html ; vehicules/bravado-banshee.html ; vehicules/bravado-buffalo.html ; vehicules/bravado-buffalo-s.html ; vehicules/coil-raiden.html ; vehicules/declasse-mamba-gt.html ; vehicules/dinka-blista-compact.html ; vehicules/dinka-sugoi.html ; vehicules/cheval-vectre.html ; vehicules/enus-paragon-r.html ; vehicules/enus-windsor.html ; vehicules/fathom-fr36.html ; vehicules/grotti-carbonizzare.html ; vehicules/grotti-cheetah-classic.html ; vehicules/grotti-itali-gto.html ; vehicules/grotti-itali-rsx.html ; vehicules/invetero-coquette.html ; vehicules/invetero-coquette-d10.html ; vehicules/annis-futo.html ; vehicules/karin-sultan.html ; vehicules/karin-sultan-rs.html ; vehicules/maibatsu-penumbra.html ; vehicules/maibatsu-penumbra-ff.html ; vehicules/mercedes-cle-a236.html ; vehicules/cadillac-eldorado-1959.html ; vehicules/kellison-j4.html ; vehicules/lincoln-mark-viii.html ; vehicules/buick-reatta-convertible.html ; vehicules/obey-8f-drafter.html ; vehicules/overflod-omnis-e-gt.html ; vehicules/ocelot-jugular.html ; vehicules/pegassi-infernus-classic.html ; vehicules/pfister-comet-retro-custom.html ; vehicules/pfister-comet-s2.html ; vehicules/pfister-comet-s2-cabrio.html ; vehicules/annis-growler.html ; vehicules/pfister-neon.html ; vehicules/ubermacht-cypher.html ; vehicules/ubermacht-sentinel-classic.html ; vehicules/ubermacht-sentinel-xs.html ; vehicules/ubermacht-zion.html ; vehicules/ubermacht-zion-cabrio.html ; vehicules/grotti-furia.html ; vehicules/lamborghini-aventador.html ; vehicules/pegassi-tempesta.html ; vehicules/pegassi-zentorno.html ; vehicules/pegassi-zorrusso.html ; vehicules/progen-emerus.html ; vehicules/albany-buccaneer.html ; vehicules/albany-buccaneer-custom.html ; vehicules/albany-virgo-classic.html ; vehicules/bravado-buffalo-stx.html ; vehicules/bravado-gauntlet-classic.html ; vehicules/vapid-gauntlet-classic-custom.html ; vehicules/bravado-gauntlet-hellfire.html ; vehicules/declasse-impaler-lx.html ; vehicules/declasse-impaler-sz.html ; vehicules/declasse-sabre-turbo.html ; vehicules/declasse-tulip.html ; vehicules/declasse-tulip-m100.html ; vehicules/declasse-vigero-zx-convertible.html ; vehicules/declasse-voodoo.html ; vehicules/imponte-phoenix.html ; vehicules/imponte-ruiner.html ; vehicules/sirius.html ; vehicules/schyster-deviant.html ; vehicules/vapid-chino.html ; vehicules/vapid-chino-custom.html ; vehicules/vapid-dominator.html ; vehicules/vapid-dominator-67.html ; vehicules/vapid-dominator-asp.html ; vehicules/vapid-dominator-buggy.html ; vehicules/vapid-dominator-gt.html ; vehicules/vapid-dominator-gtx.html ; vehicules/vapid-ganado.html ; vehicules/vapid-slamvan.html ; vehicules/willard-faction.html ; vehicules/willard-faction-custom-donk.html ; vehicules/albany-cavalcade-xl.html ; vehicules/benefactor-dubsta.html ; vehicules/benefactor-xls.html ; vehicules/bravado-dorado.html ; vehicules/enus-jubilee.html ; vehicules/canis-mesa.html ; vehicules/declasse-seminole-frontier.html ; vehicules/canis-terminus.html ; vehicules/declasse-granger.html ; vehicules/declasse-granger-3600lx.html ; vehicules/dundreary-landstalker-xl.html ; vehicules/gallivanter-baller.html ; vehicules/gallivanter-baller-st.html ; vehicules/vapid-contender.html ; vehicules/karin-vivanite.html ; vehicules/lampadati-novak.html ; vehicules/mammoth-patriot-mil-spec.html ; vehicules/dodge-durango-3.html ; vehicules/ford-explorer-2.html ; vehicules/audi-q7-2.html ; vehicules/toyota-rav4-5.html ; vehicules/pegassi-toros.html ; vehicules/pfister-astron.html ; vehicules/ubermacht-rebla-gts.html ; vehicules/vapid-aleutian.html ; vehicules/vapid-montagne.html ; vehicules/vapid-riata-classic.html ; vehicules/annis-hellion.html ; vehicules/bravado-bison-900-95-monster-truck.html ; vehicules/canis-kamacho.html ; vehicules/declasse-rancher.html ; vehicules/declasse-walton-l35-stock.html ; vehicules/declasse-yosemite.html ; vehicules/declasse-yosemite-1500.html ; vehicules/dinka-verus.html ; vehicules/bravado-rebel.html ; vehicules/dodge-dakota-convertible.html ; vehicules/ford-explorer-sport-trac.html ; vehicules/ford-f-series-3.html ; vehicules/ram-3500.html ; vehicules/jeep-scrambler-cj8.html ; vehicules/swamp-buggy.html ; vehicules/nagasaki-blazer.html ; vehicules/nagasaki-outlaw.html ; vehicules/vapid-caracara.html ; vehicules/vapid-caracara-4x4.html ; vehicules/vapid-liberator.html ; vehicules/vapid-reclaimer.html ; vehicules/vapid-sandking-xl.html ; vehicules/bravado-bison.html ; vehicules/bravado-bison-1800.html ; vehicules/bravado-bison-900-95.html ; vehicules/bravado-rumpo.html ; vehicules/bravado-youga-classic.html ; vehicules/brute-boxville.html ; vehicules/vapid-bobcat-xl.html ; vehicules/declasse-burrito.html ; vehicules/coach.html ; vehicules/ford-econoline-4.html ; vehicules/moocher.html ; vehicules/rexhall-rose-air.html ; vehicules/mercedes-sprinter-2.html ; vehicules/chrysler-town-country.html ; vehicules/ford-transit-4.html ; vehicules/ford-transit-cargo-4.html ; vehicules/vapid-speedo.html ; vehicules/zirconium-journey.html ; vehicules/zirconium-journey-ii.html ; vehicules/dinka-double-t.html ; vehicules/dinka-enduro.html ; vehicules/lcc-avarus.html ; vehicules/maibatsu-manchez.html ; vehicules/maibatsu-sanchez.html ; vehicules/yamaha-bws-125.html ; vehicules/suzuki-gsx-r1000.html ; vehicules/pomazoom-mobility-scooter.html ; vehicules/nagasaki-blazer-lifeguard.html ; vehicules/nagasaki-carbon-rs.html ; vehicules/pegassi-bati-801.html ; vehicules/pegassi-faggio.html ; vehicules/principe-alvino-v1.html ; vehicules/principe-lectro.html ; vehicules/shitzu-pcj-600.html ; vehicules/western-nightblade.html ; vehicules/western-sovereign.html ; vehicules/western-zombie-chopper.html ; vehicules/buckingham-maverick.html ; vehicules/buckingham-police-maverick.html ; vehicules/buckingham-supervolito.html ; vehicules/buckingham-swift.html ; vehicules/buckingham-valkyrie.html ; vehicules/buckingham-buzzard.html ; vehicules/nagasaki-police-buzzard.html ; vehicules/western-sea-sparrow.html ; vehicules/buckingham-luxor.html ; vehicules/buckingham-nimbus.html ; vehicules/buckingham-shamal.html ; vehicules/jobuilt-mammatus.html ; vehicules/mammoth-dodo.html ; vehicules/mammoth-streamer216.html ; vehicules/jet.html ; vehicules/western-company-duster.html ; vehicules/xero-blimp.html ; vehicules/airboat-09.html ; vehicules/btn-delmar.html ; vehicules/crest-kayak.html ; vehicules/dinka-jetmax.html ; vehicules/nagasaki-marquis.html ; vehicules/lure-predator-l35p.html ; vehicules/lure-predator-l35p-police.html ; vehicules/lure-predator-s23.html ; vehicules/azimut-85.html ; vehicules/azimut-atlantis-45.html ; vehicules/fishing-boat.html ; vehicules/water-taxi.html ; vehicules/bavaria-sr33.html ; vehicules/clarion.html ; vehicules/contender-39st.html ; vehicules/crownline-275-ss.html ; vehicules/crusader-boats-gfy.html ; vehicules/shipyard-de-hoop-brion.html ; vehicules/ferry.html ; vehicules/frauscher-1017-gt.html ; vehicules/highfield-sport-900.html ; vehicules/horizon-power-catamarans-pc60.html ; vehicules/lurssen-73m-coral-ocean.html ; vehicules/cruise-ship.html ; vehicules/rb-s.html ; vehicules/rb-s-ii.html ; vehicules/riva-86-domino.html ; vehicules/sea-ray-350-sundancer.html ; vehicules/sea-doo-rxt-x-300.html ; vehicules/skater-388.html ; vehicules/nagasaki-dinghy.html ; vehicules/pegassi-speeder.html ; vehicules/shitzu-longfin.html ; vehicules/shitzu-squalo.html ; vehicules/shitzu-tropic.html ; vehicules/speedophile-seashark.html ; vehicules/vortex-airboat.html ; vehicules/bravado-bison-1800-police.html ; vehicules/bravado-buffalo-stx-pursuit.html ; vehicules/bravado-gauntlet-interceptor.html ; vehicules/bravado-police-cruiser-buffalo.html ; vehicules/brute-ambulance.html ; vehicules/brute-bus.html ; vehicules/brute-police-riot.html ; vehicules/brute-rental-shuttle-bus.html ; vehicules/brute-stockade.html ; vehicules/brute-tipper-6-wheels.html ; vehicules/brute-utility-truck.html ; vehicules/declasse-granger-taxi.html ; vehicules/declasse-sheriff-suv.html ; vehicules/dundreary-police-landstalker-xl.html ; vehicules/hvy-airtug.html ; vehicules/hvy-biff.html ; vehicules/hvy-forklift.html ; vehicules/jacksheepe-excavator.html ; vehicules/mtl-flatbed.html ; vehicules/jobuilt-hauler.html ; vehicules/jobuilt-phantom.html ; vehicules/jobuilt-phantom-custom.html ; vehicules/jobuilt-rubble.html ; vehicules/maibatsu-mule.html ; vehicules/airport-bus.html ; vehicules/amloco-ge-genesis.html ; vehicules/dashound.html ; vehicules/isuzu-elf-250.html ; vehicules/vapid-caracara-lifeguard.html ; vehicules/ford-f-series-tow-truck.html ; vehicules/ford-f-series-flatbed.html ; vehicules/freight-train.html ; vehicules/chevrolet-kodiak-gmc-topkick.html ; vehicules/international-s-series-semi-truck.html ; vehicules/chevrolet-silverado-6500-hd.html ; vehicules/dodge-grand-caravan-taxi.html ; vehicules/mtl-packer.html ; vehicules/nagasaki-caddy.html ; vehicules/vapid-benson.html ; vehicules/vapid-police-cruiser-interceptor.html ; vehicules/vapid-police-cruiser-stanier-le.html ; vehicules/vapid-police-ghost.html ; vehicules/ford-explorer-police.html ; vehicules/vapid-taxi.html ; vehicules/vapid-tow-truck.html ; vehicules/endurex-race-bike.html ; vehicules/bmx.html ; vehicules/cruiser.html ; vehicules/lombike.html ; vehicules/monorail-de-vice-city.html ; vehicules/scorcher.html ; vehicules/electric-scooter.html ; vehicules/vcia-train.html ; vehicules/vcmm-train.html ; vehicules-rares.html ; classement-vehicules.html ; comparateur.html?type=vehicules ; vehicules/vapid-stanier.html ; vehicules/declasse-mamba-gt.html ; vehicules/grotti-cheetah-classic.html ; vehicules/schyster-deviant.html ; vehicules/vapid-dominator-buggy.html ; vehicules/vapid-riata-classic.html ; vehicules/dinka-enduro.html ; vehicules/crest-kayak.html ; vehicules/shitzu-squalo.html ; carte.html#lieu=g-L1610 ; carte.html#lieu=g-L1594 ; carte.html#lieu=g-L1599 ; carte.html#lieu=g-L702 ; carte.html#lieu=g-L2375 ; carte.html#lieu=g-L1381 ; carte.html#lieu=g-L348 ; carte.html#lieu=g-L120 ; carte.html#lieu=g-L328 ; carte.html#lieu=g-L326 ; carte.html#lieu=autograph-flight ; carte.html#lieu=g-L1562 ; carte.html#lieu=g-L590 ; comparateur.html ; carte.html ; vehicules.html ; armes.html ; collectibles.html ; progression.html ; calculateurs.html ; a-propos.html ; contact.html ; mentions-legales.html
