fichier,octets,sha256
404.html,10634,b5aa550f0bd6020de4518d06fdbd09630a6e564e9400ae11a10341ded1d5cdbf
LISEZ-MOI.md,3247,bea9d134ffd861121ac6fb9821a8454300148f1ee26b81dbb40e03b4f994f147
LISEZ-MOI.txt,1116,18ba67880a1db9a650a208456629206be74b57ca70f5f947e1bea5715b5e39eb
PHOTOS.md,1939,2dc85cb0bb9e94fd6c649eb730146595eb0bce9ec6729ec21d47b8b0600c891d
RAPPORT-15-09.md,7547,c576af8bb2f0cfac319fef17a6034491c03c6bbc89de2f2a580af1be42636d85
README.md,12,2af871bfb9032ce11c4bcb3c1dfb043be1dd3ddbfd8d0360c48b9b7a2a2ccc72
a-propos.html,7476,c9ac3ea44ca3eac08e64bad9582d9e54bfd2b4d9e2349e71764c9f2c09bfaf06
app.js,23164,fff80c00db1a0d61f63636882efcb61daf2a24aefb1ee19b40f36e3770a16d6a
armes/batte.html,13643,b7ce7f87b64f565752cae6b725f93e828d6463e485fd53cb22907a9319c146c0
armes/carabine.html,15580,8b75babae018ec7cf9a98854c2dea78b58da29d8137972f54e71f49b0118a156
armes/club-golf.html,13546,e7537c03760dedfbde99e54135e0057e9b02f2fb3212fdeb411a4c9c621c0174
armes/couteau-cran.html,13926,562d539b798e7441ed55dae08215bc9d74fcb81f761be7f445366702e057b774
armes/fumigene.html,15151,910bf093b710f88549522dd2c8fed0307b3b716475f248ec88fabcdaf607ec3f
armes/fusil-assaut.html,15676,23c6649445a26a7d6d5a0d03c777e79f304c661afdb500b48ddb5dcdbaca4bbf
armes/fusil-double.html,15711,32e0a16402e473fa669ed9881ff2a400d218b4a388f3642623dc985de40b578d
armes/fusil-pompe.html,15596,acd6609d7f54843fd838e1505e5b291b65e8ab5f07b4bad555aca4fc2d4f9aa5
armes/fusil-precision.html,15718,7a5a9392ccb7b702dd15a6d91b03e42b5eb472ad15c5a5fb11f6c2f8f06cd8ba
armes/girardi-es9.html,15078,f2d080abc64615dd6da4059d4f2955997aedfbe64de2d6789ad634a9f0ac508a
armes/harpon.html,15380,832875530f0109e21158a01610bb0b08093b6f196a5f8277a34894650d9810d5
armes/hawk-little-morgan.html,15249,4f4798b5d16eddae580d48a904a1d0ea40ab46a59bf856f9498b128875f28aff
armes/klose-k17.html,16055,d073a172a5a47b32a4a4b3b78848c9c6c25d9bc10e025ccc46ac39550f56737f
armes/marteau.html,13516,fccab6e69c7cd2a9a3c56cda47b85f73c7f8c4e9ca1b59b1bb33961ea674dc5f
armes/micro-smg.html,15758,53f157054599af42fca77ba69fdae17102276d6cc0c8805b9cd4ae18232a11c7
armes/mitrailleuse.html,15815,e35e38bb8f57c8b0b2b8e13f00b3b54a2267d92301e2f30656a2d7b32e40d69c
armes/molotov.html,15058,1044bff3d7b02f8a7b561c0c5688e7df40f62e65ab7cfe78cc978374d84e4eb9
armes/nipper-38.html,14949,9e0e076174f2b1659a618563ddf9e128e2bfb2bed8b924a29b01cd8217efee2d
armes/pistolet-auto.html,14908,b0b423430baf9b5ce5f5fbea675522050a18e44f5cfc08d51b476147bd63c74c
armes/pistolet-compact.html,308,a2e5693967ea99d50473acfb29e8009dfec2be68c9c758beab6e65ad51766d8a
armes/pistolet-custom.html,14803,86bf9666943d358aeacd8806947d4e92a2fdf5e63f8bd997cb935567331bcacc
armes/pistolet-jason.html,314,480278bab91c162eed738ba0eb591bbb80d9fcb3cbebb8aa8a67fa6dacd921c1
armes/pistolet-tactique.html,308,6862c59ffba0a911383d5ddb3b7f83a6472d731cfffd86317e2992645015d8b4
armes/queue-billard.html,13637,b23ffdceffe569da54b8310c39028f3bec8c1aacc94394e630baac7aec981a45
armes/revolver-357.html,335,733aa69e3fac49b651d1bc3b7f25edf2388fea32e6663746923e2e7a3f2e42f0
armes/smg-compact.html,15436,0efebdf6ba930b16493db09ea745d6a7a482d30eaec1cc18a6675699e994f453
armes/smg.html,15686,fd40f949df84c1f1877da8482db086c9527d48cbb8a87c1cee347c9a534f70a5
armes/temp.txt,1,01ba4719c80b6fe911b091a7c05124b64eeece964e09c058ef8f9805daca546b
armes-data.js,8734,ac4b25e0e0f5df9f69a1f453c268740f3d94550f7ca45474ec3476d046facf4e
armes.html,52929,232c722be17ead8a2655f530ddb698fe395b1c8e4abdfdcfd5fc0ed34ae77594
audit-final.js,3426,306726ad4d06380f37aa1e3322dcf530b55cdc01ae376cadaf12450a8eed2a4f
build.js,10546,5c4e4fc80ba10617ac0a761fc26af0661f935af74fdc8fa4b0b5c418eee34396
calculateurs.html,7075,8df3e969676fac4449eb9d4d86069d674b10372467b6e318bdcc92694b8f735a
carte-gtadb.js,952326,56d7d5df982793c19b327e99c1716d2ec7ac766b85424c7787a0e9dd2cd57fbd
carte.html,269734,aba0b2568531cc6a45f71ff91628d677dbdca22753f7c9b78532d7129f931b80
carte.js,76012,5465aec91ad598d61f5f62358054c246938c6db5df4a0671a5de282a803ffd4b
classement-vehicules.html,26624,9e14efd7cac9ad94b9f02897ddb656ef4feb398629c7f33f7a156ede68e9182c
collectibles.html,7106,4749de2400b2b509e9a8f14124934a1df35b91841e1c65aedef14a6e75a950fe
comparateur.html,9374,5d66e6681558908c41e0204f786af58bfc4bb03075a56045a46970c3caa93f5c
contact.html,6851,6e5922a2eb7384cb52e20a416c1ee5cf48785f4923b5a05b6ea8daf96695d63f
credits-images.json,490,4da0c56419a228706c1c2e02acb29672931901b12bef826bda4fc48faccd6f36
croise.js,1322,a3968508e9f1aa80d41e83f6c768ac8eb35c9c7e3f92eb513af02ff8975b11fb
fiches-gen.js,14531,2d769b31e03c5c93e25d68583f5cec65100af6162ec71a9872f9656f9fee72ff
fiches.css,17926,2acfb73761a88dd58e7aec90940cf839bc5f7176e8b4cd24376da82994d7b9d7
fiches.js,12983,bec0f808b2ae5032ff501793cfeeeec63e424909b3da79fd248f624da942a692
final.js,4527,12620c64334584db5aab5fa7aea1e5e082a385e1f12efe88740dc49845406d12
gen.js,28602,61aa54e5deaadf65e147675df1e7251b1d457e81994c3323873b4b7e6fa1ff99
googleea0091a4822a39f7.html,53,619af5ed52d258776c1c9e07e8d926c21fe223be9f0a0e2e6627e679a6a26ecf
images.js,5198,171f0ea20c3c365c640c02a4129708603ea6b4bc0c6b387bd5acf9ea6e67d719
index.html,18604,7ed1c74822b172f6c064e827272b50e0781388cd0565a85116f0a8b7e0461f22
landmarks-leonidakit.json,881776,d6ec46532454b1b9316dc0470636dab4ab82ed4361b8412ce701471ec3c2c5c0
mentions-legales.html,7594,db2022b03b391d214ba5331b78a739732f6040d114de8addb78877eae58bafa7
nouveaux.js,18122,b3076f6da2c6d06ca6276466f453bf18d7d81007867a44899266769eb21cc834
"photos/L1000,ig.jpg",212960,193f9f7b38c2904b52e8cdbe51fc56f027dba2d666fdacb9d9a38c4d770d0f39
"photos/L1000,rl.jpg",104260,a8a5e429905c2d848b988586b2ffc75b840e6197b59b212f0708e996b7bb28f4
"photos/L1006,rl.jpg",212783,e61fadc225e2b4dadcce361b3d1a4829f27a1f2da2c60a0256b818ba541b1eca
"photos/L1008,ig.jpg",9369,2567832e462aebf5d2a1c4ebab5184d28ef4c9a0b766b278c00a9f09b195d7c6
"photos/L1008,rl.jpg",148086,31b6f684cd8b0ab5b789a98d7e1b0587e33181d6f086ffd59ce82c81138e1efd
"photos/L101,ig.jpg",2604,d1a752ecda6ede5388a30de59a3325f2851f1984921395fd555f3bf7bd56b12e
"photos/L101,rl.jpg",47398,4268c976ce9822e9c4442fdc4407d7952f308fde53ffc16fff91459634a05cf1
"photos/L1027,ig.jpg",55227,0d05c6b61d61f86f15d7452d4307b796dee1bec59ad21518fa1b8eb044aea20a
"photos/L1027,rl.jpg",75741,0381d43091b8329d1bfb61b2b006665db7d10c970afeed2114e1579ba708fd4d
"photos/L1039,ig.jpg",52637,6ef0c6382274657b3670df561a5d30a87eb4a22331c1b9805678436653265e04
"photos/L1039,rl.jpg",294130,fa8cd82a2a48e5fd9dc121736a4039d4a62969ad98597e68ef050c7c19677148
"photos/L104,ig.jpg",323747,6efa5dc7457c6da166f702ecf787f5484dce0376f067e0566b19a232f6071f71
"photos/L104,rl.jpg",530402,21643d9ec2c7c2c5e8d1e752c60239a5bc58ebe1e49086d66d7438196aa7bf72
"photos/L1043,ig.jpg",59458,d8707f6a1ba721cc770bb9ec440dae1e128136c9c9a6f246c01f2704ea91120e
"photos/L1043,rl.jpg",83735,26c40a78b3020650121d28f652ce7121d574b3e2cbb78b3d7eeff93ea83e781c
"photos/L1049,ig.jpg",64722,aa65e033b6caa3d3f314f7714ce799051312cd657d22b787eb421a57377e4965
"photos/L1050,ig.jpg",14262,83196cdb2eed1c39a7cd07d8b688c44acf61ffd74661988cdab53ff08b7bd8d7
"photos/L1051,ig.jpg",18931,6b7995bed45cd86e5e9f5f8c32942766f914d6c4c15cfa14b5cd21dd81fbd4f9
"photos/L1060,ig.jpg",36063,713863dcdd0e8b6b18ed811168a1dfcfed1ab637a709ba63d2cac21f779e5876
"photos/L1060,rl.jpg",189611,a8ea488763c699fffa0dfc886dd99b1dd77698e8b5cb2b079ed5cdd6faa44ed6
"photos/L1062,ig.jpg",68810,1736e9509d89fc72b3b03ff8ced07102989059dbac7689e478e3e97721097ab3
"photos/L1062,rl.jpg",139720,9965ca4579afb70bb4fde44b5edc4fa0b35791ddeee7b251fd65a1b8aa19b060
"photos/L1064,rl.jpg",62973,466750a86aef35856a3bad63276f49ef6b960781abd404fc647c06515f40b560
"photos/L1065,ig.jpg",789388,4fdd939871affd35feb9755c620e1d96a6bac726cca7e556ff2cd0cf1279cf66
"photos/L1065,rl.jpg",392070,bf504b1c1d27e3cd7198f98bd9928a59a1ffe774eb107df0030a19735ca34e39
"photos/L1072,ig.jpg",54289,f8ff70cafd8e4666f3630bf8a95cc74a7cba9749022c5e1117a82a7eb2555dd3
"photos/L1072,rl.jpg",364434,091b04422577b53b88ebbd07fc5a11c1968fcd20d51b52832af1ff330072b9a7
"photos/L1074,ig.jpg",84601,2c54d436d3bb357e7baf4dd78274fdda4f02559659662ffd48a2ccb699bef00d
"photos/L1074,rl.jpg",171067,3f58b6db596711dee00c44080c70cf2a5838b60e32c64ec9ab6846daa8d33733
"photos/L1081,ig.jpg",57041,c01402aacd97f3a93c30618ad855c9f27d592cb7e35345941f343ea27966d83a
"photos/L1081,rl.jpg",352871,54441ccbbe9436871e8b0d42e27561018c8412419f9e5d2ab1edff10f4680223
"photos/L1086,ig.jpg",11811,9be6af1383f7442a2b79ff17294ec650f2894d2369a8b24ecf866000939c7a75
"photos/L1086,rl.jpg",207142,0ea256f0a8597459de0669c437847e90382f0ad69e65582f5fd8335480b55290
"photos/L1087,ig.jpg",11811,9be6af1383f7442a2b79ff17294ec650f2894d2369a8b24ecf866000939c7a75
"photos/L1087,rl.jpg",207142,0ea256f0a8597459de0669c437847e90382f0ad69e65582f5fd8335480b55290
"photos/L1088,ig.jpg",26491,687fa59d22a89ec9bb5ebed005b278ad1c58dd848c2b563abf93fba795184d31
"photos/L1092,ig.jpg",1419,38cb6ade73a5e1fd67c07f384b35e9369c9fca846ac31df46c85aee5ed6b8a1b
"photos/L1092,rl.jpg",65717,0fe9c0444a42dd1bb502521b0e962c119bd1d2ef105e26327f70e190492724e4
"photos/L1102,ig.jpg",46368,d9f4c24f927fcee5e6d460b54b76ce5ce80e879fec696fdf76fef15418e5c1e5
"photos/L1102,rl.jpg",35423,5d6c8122e162308a23899fd62edb9f2b31e3edc86bfb47219ed527c92d2ac044
"photos/L1105,ig.jpg",23190,f4d147380f2156fa586b1918abc9000fe5297352146950905531c0020a8f6e48
"photos/L1105,rl.jpg",82163,1a9ab084800112c1ba44dd00bb6db4cb3c6fb5f96925f0b2d820d8ca0cd2381a
"photos/L1108,ig.jpg",58358,9c1d2a9852d97dd8a6d3a0049b8e32148e08a072c9bb121d65bee631d59db30c
"photos/L1108,rl.jpg",50031,19b8dfbfdd7c0a87e859ed817fd539f80c56e677fe5b011d4d7e194f2c1e1591
"photos/L1112,ig.jpg",197980,94e3dc635d60040cfe1b544ade653192f0a564b220049a0496b36154b91f89f3
"photos/L1112,rl.jpg",31508,02f3307d2d6aafcc6c4c638e4bffdece7d96b025e2c10edc4a3dbbb3fb6f8b51
"photos/L1113,ig.jpg",5830,6ea20a7d3094136fa6b2fd1c67eb6457a1a08e20347b64d6ded546bb40bc823e
"photos/L1113,rl.jpg",12891,fbaebb06af5cb8b1fe55d48ed35aab607832ca99732df5ddaf13507ccc750c8f
"photos/L1119,ig.jpg",68943,24be6fec8e585afb32440739443722884a46634865ca0deb58c7c32f2e98e8c1
"photos/L1119,rl.jpg",128918,174960d651d29e2f3a24cc3beb08ff67c2501f18efb255c9611033877697a7ef
"photos/L1129,ig.jpg",662444,d30b35444fa89c7b8124b4473bc9502f58996e28c600519dadada6bdd52b7608
"photos/L1129,rl.jpg",398165,33373b3ed0d48c614d38450cebfb4591711d16c1db90a6e927ca68eb8bcd34a0
"photos/L1133,ig.jpg",108235,19a3a8d1fa8520c6d8b52bff54af762180bf77a384187e36592f0c08ffd866fc
"photos/L1133,rl.jpg",239840,98a83a7112ced28582437d6683389fb526790abb0479023d9b4f141fd3e6d9c5
"photos/L1139,ig.jpg",22613,0687acf1d421ab83359ed80ca7fc900714a83569631b6d3287d185e60a115504
"photos/L1139,rl.jpg",39256,4bbfbf2609bac8ee5614312c3d9928235002fc4381b7ca318bfbf0647155dd5f
"photos/L1159,ig.jpg",249621,999debbed00eabffbcfb0ddecf17c97987e3c6c1cef0e76192002258c6913782
"photos/L1159,rl.jpg",232273,36b53db0eacd2566c2dae69187fcc816264fc668269e89fa76ae62a81c7cf06f
"photos/L117,ig.jpg",36540,5d57e5b0635fcbf42081da8e7271d64b843de5a15c998fa4d38a1fe4f673cb87
"photos/L117,rl.jpg",32420,cbb57df93da43006254784bb1377a8b537be88d3ddeb1dc464fd40eae9e753fd
"photos/L1188,ig.jpg",192150,f0ebe6af8f879707702248d757f6b0e0f4fc02d8bff86b5a749b41be36af878e
"photos/L1188,rl.jpg",49052,8acdb80d0231edb08e764c13d6b09c39399dbb6726b0add1eaa9500fd6e50051
"photos/L120,ig.jpg",43317,11da94ea64ba9b5ddd9973706fafbab798883f489096230105992e87b41beb24
"photos/L120,rl.jpg",49156,d35736e850b4c4ca2123da74bf21441dc9f501cb09d94a05f8e3c09da4cd2b56
"photos/L127,ig.jpg",35770,94d53a57d904f4f79a3edf5eb321a16560f06ce3b19a2828e8fce5acb7d7122e
"photos/L127,rl.jpg",305412,84162089922bbab934f6710f3e98ce6b6d3fbdb2aa615b699bc0914d607861c0
"photos/L1277,ig.jpg",117676,6629602d89a4b82349a666bb8c8fe9f121a6d2679f0ef72d54d3491675d65ad9
"photos/L1277,rl.jpg",626505,e2287791d86708c1d18e5f3bb4bec099383af69a1331fd30d814e61103581c92
"photos/L130,ig.jpg",185857,2461dbd56d605060b9327e5a3e771ff8e4f76cc3fa035d7295188b629fb44085
"photos/L130,rl.jpg",175450,dc12f2e81fe4ef04d7d1eff0b3bfd857fce77934f2eeb4a0400fd039389b1ccd
"photos/L1303,ig.jpg",26645,d5626073c5ba133aa2c716818067cc93eda0936d459b6695ef5438cc6dfc2194
"photos/L1309,ig.jpg",1517,8dfbcdd9d3687d8d3774b9eaf288cb220e48db369e7b26b9e0542274c6214bfb
"photos/L1309,rl.jpg",27755,cc8995cddcf1170da48a06aa462b46cfe1dc903a13fa6eafaa5cfaba3a060129
"photos/L131,ig.jpg",123800,bdba59200ab1a4551ac2d8cd802cff853bc28e20f61019fbd472f31221c5e821
"photos/L131,rl.jpg",496524,259718ed9c4870ace8181c0047e82cb83d28b1f480c867fb3cc25ac6c7d28947
"photos/L1313,ig.jpg",24392,3a63799994115c27e96295a228b8edeeb8fe6107dc768f36eca67e3bc919daf3
"photos/L1313,rl.jpg",445662,0d86858fe05f6d8c7f5ec59fccae059326d5b13efd6c99ac05b1938944026970
"photos/L1316,ig.jpg",65327,6335fc0f38bdf866fc72458442c8b7b719c920d2070f046158f76259d6761bf7
"photos/L1317,ig.jpg",6340,735dad724dc692cdd534b3fbea6a5bc6548755bfe6be9154573dfabbc1ab2af3
"photos/L1318,ig.jpg",6293,daa727a5719e4a46bca21e76014876361bd2f5c4e1ca08e47d0c67cb63ca4ddb
"photos/L1328,rl.jpg",121625,b51b627ebadafe16618da5325fb8e21ea28caf973ef48c053f53316b17fb6eda
"photos/L1337,ig.jpg",123849,645ace508abe838be872e11fb06f2a4def50ee4de75796bb4972a8d1d429a80e
"photos/L1337,rl.jpg",119960,cb464b9d6385771e938195c0458bfea8fc8e45c9481133e41597f194ee0b7573
"photos/L1353,ig.jpg",35558,b1ad1b56a45c1d43b5f848fbd2e1ef80a9f6a3f2597879ec104df3e27ff83fff
"photos/L1353,rl.jpg",279647,132836e8c8a9cb8ad520e5e1826ee7509e9129f205f995d528c2c4e189af9dd2
"photos/L1354,ig.jpg",22930,c0e2e3af701c4a22cc12f04faf87d9d964bd27a7f3a3790c992ba16b381f3b3d
"photos/L1362,ig.jpg",46105,66e7c28762e817e68b812a3df9cb55aed3d7fc2517ae31ebaef5e9c9c661d13b
"photos/L1362,rl.jpg",642672,4ad9716e816d789c193df38993d95f7aa198f09f5a2e4f8f2cf968c7e5245b46
"photos/L1376,rl.jpg",234367,4dbc905c791252f2a7a41feab50046cbb10e19e9e9487d42356cfc73d63cde47
"photos/L1377,rl.jpg",129868,29bb196a7ad0e2724b89f1e365273ea3a4950eb512a29e33f6dc1aeab6bb5fa6
"photos/L1379,ig.jpg",46484,2a431adf09c2179fb71346968c34aa454ba873ba054da59987ccf0ff209cbfd8
"photos/L1379,rl.jpg",122096,4bc1d8b15da561bd202d9a0308b02de8196e3ab15864c39b97006d84a35d49c0
"photos/L1399,ig.jpg",16346,e3a613d7a8876eabf8e079862400aaa6744b6d4eb48889e882ac6b55748ff107
"photos/L1409,ig.jpg",48417,98d1e4fa649a2cd9536db7d32a1e87231b5c4c4d38ff552753a07b88350ed593
"photos/L1409,rl.jpg",85003,0d7f501ad4a842771796fe495820760181b50dd883836bf03b011ace96896152
"photos/L1412,ig.jpg",174638,63cf502b43d0114d71b97468c4b791723c317bd373fc96bd4d85d502582e2270
"photos/L1413,ig.jpg",16915,2ee9200ce02c06150626fe8f6ca5a4b63ad0523b0dc8f9a20eecd965869b133b
"photos/L1416,ig.jpg",97616,a80ef6025f85248a740aa89c95a7241e7a50b42c1601929b3fb35c04a334dbc0
"photos/L1421,ig.jpg",58580,5c621d993b00e5301723fd0b91e13b83a65e84de85d40f82f5012c0b34199ca3
"photos/L1421,rl.jpg",299454,accdafae121e8c4dd5bb7320021135d400c8dd0624f2bac7ee9a730bd385251e
"photos/L1453,ig.jpg",5387,c6ca8a6496f5c5173fc8f3a9757c923787f4090e1efb27aebc93da85b31b41b3
"photos/L1453,rl.jpg",169744,690804f2207c39db67f3812afde16cf52365f7c283e1d6eff3eb50c0e50067d9
"photos/L1469,ig.jpg",100461,42e6a9471e74b4a9a7b92f89529f3e336b0ae7ad1bc0f8e4330d96484d0d8b66
"photos/L1469,rl.jpg",99984,ed1655a86406b44a4399201312ebfca13b47d25fba085bf830ca682cff8b532f
"photos/L1470,ig.jpg",65790,4fc18595dcb70c72ddc0b0fdc8aa598c0cb98ca7674f13924cdff1edd3d5ef83
"photos/L1470,rl.jpg",218026,6cc19bb8cf61848c1882b8721365b966061ef1a16ae6ad30a1dc4e8dce60f4ca
"photos/L1472,ig.jpg",21180,55444e0fc69ae024a2b6ab416af533acef5a9bf377705e24b6330f38fc64ce58
"photos/L1472,rl.jpg",230960,e8a1c4ad94720f83f3854ccd298c72925245cc761b99d9c5f568b6adf23868f6
"photos/L1480,ig.jpg",76993,057c0fce17bbd7201fbdd7d76a22483267b468c08b52f5d7b808e8684a2e18cb
"photos/L1480,rl.jpg",77438,c0dc06366e74e7e07896cb9f053d999e0c18cf6a01c0461613eed115ff95bd3a
"photos/L1482,ig.jpg",1914049,e8b418e73972905830aab76ca0c02b14c881797c7c8d2d5c91332e63cc1b438c
"photos/L1482,rl.jpg",81044,d3a12381d7f2540958ced4f55e5ca43b5f55ef6e62c652e8c2a53d9f7815de67
"photos/L1488,ig.jpg",138966,6651e8104412384a71274ab4288ffa31fe60d5bc8706f3a8fcbbf06dfede01c5
"photos/L1488,rl.jpg",85790,3899be5c90d85825382c6a0a0e5111cc625efe6a74e371d90b12ae80a80b71ea
"photos/L1494,ig.jpg",1972072,ddf2d341d489c7bedbe780333e25518f72411ea0b46b59a62a0ac37ecd3f1d8e
"photos/L1494,rl.jpg",148067,a35c12aadd5f2a5ac5ce8a8cfa87ff154c68aa23036eb8da56c433899941ccff
"photos/L1500,ig.jpg",1752667,ef38329d9eb94ff0e056ded2157fcd89003275bb220f32055e65530bd420fdcb
"photos/L1506,ig.jpg",85663,52df646162ba5b82200ffc770e7eddcf2815fc7ec69c05f8e7afff80283789ed
"photos/L1506,rl.jpg",61787,4ec5395794eeabd2cfb483792538404c6ab66bd6298e2e6e4ae1cc357ae07d18
"photos/L1507,rl.jpg",73188,d8ffa3c5be6ef00b8c3346134ef5e9fffa254bf92460e5b8435b4b2a5e85f54e
"photos/L151,ig.jpg",21764,2174c59b0cfcce318a65c4fd5b025ad3773e9262605617402dff3b801d0d1ee4
"photos/L151,rl.jpg",35391,4b0af0955fd6032846da1546e2b1c53c2aaaba4b987cb49d102e16da5b2542ac
"photos/L1536,ig.jpg",22292,63b34834c75856a28a42f21efde27c2ae15da45402217138fa45a4cdc4bfbe92
"photos/L1536,rl.jpg",248664,db2bdbb15017211265704b8f86635be292b3266fc28cb6ed3f1993216a08f9ee
"photos/L1540,ig.jpg",3803,531302f18745ca6aad2d8fd5e090d45b2f365993114d06e9e4dd307aa5ce7f08
"photos/L1540,rl.jpg",130222,bd8e5e8cbeb574574d01b9a4528e778aed7227bb0c0d59966b198978b6da1cf8
"photos/L1544,rl.jpg",5447973,910839df546f54b3a968fda564ca73e91b6d8cf287cba06b1cdb4c1b84a7fd51
"photos/L1545,rl.jpg",276108,04e6c94ad6bb83a8a25f6124e5c3297cb21f765b9c788e653bbb65ab4723851b
"photos/L1546,rl.jpg",278842,b07b943d90df68e1f2e185c6ef0f18b0532c1174bcc17ca76842d917492707eb
"photos/L1547,rl.jpg",90812,86958575c89ce5b854bdbf5763d61addd3f03f8c2fbb956e530d923f35903218
"photos/L1548,ig.jpg",62527,a2ebe6d51eed401f9f06120ed0e6b2ac37dd0f9d038365b3a2700eded17cfc1c
"photos/L1548,rl.jpg",68454,23c08c63dadc836253c50c67fcfe7bcfbf6a4eb6834a7fff5c57aa3686946306
"photos/L1551,ig.jpg",26749,f0ce536b75a7add55df3b09ff80dfcc41a5bdeafafa736480b14d82624374e7e
"photos/L1551,rl.jpg",319033,c65651cf800da8a059b8b5aa798d22ccbfddf6fab791593a225395656b85c121
"photos/L1555,ig.jpg",326645,55504d38c81ba751a40ca414866239e95efd6e791bbbb31f3910cb830ddda117
"photos/L1555,rl.jpg",326322,b2902445e578e7c8fb977725356832bfa2e8e31b8e4de2276a819f63748791ee
"photos/L1562,rl.jpg",225484,1fe080e445071a98d3141edd8f80203de5c30fb0af3946c6b270c5b463299f8e
"photos/L1563,rl.jpg",43992,13cc0bfbd959641b124fd004cd52d7ee09a55b992de2951042a7fa93236ca941
"photos/L1568,ig.jpg",44980,486d43b33497408297bf71e33fa2f96a8bd31600b827b3ca8c013254cdb22213
"photos/L1568,rl.jpg",431579,65c7c73d392db39f062563ff301241a78b16e45e1800a8092712005c40e45407
"photos/L1570,ig.jpg",107463,5832306172d5a4530db799636d7b802a35c42f6e11306b7584b6e09bca2dae9b
"photos/L1570,rl.jpg",188414,38a1453ee674ef2bd840f61c34985382a1a018fd1c5929bcdb2696c925fdead0
"photos/L1571,ig.jpg",20175,f0d5ea8f3bc6b0928c158a13fc90426ffb99cb759b4cf2861a4814fe2cb238ee
"photos/L1571,rl.jpg",65488,6795729ac464c8cf47f7ba195d37faedda4c4843419187c5f0c7472104300495
"photos/L1587,ig.jpg",18504,4d9291318336da8c2bd5f3e00f1ff80ba7cab7465ed24ce5e9bd11e05f5a4b67
"photos/L1587,rl.jpg",356429,9bcf932d2d2c1131f424e01a25305a47b8d2be00a0925f0c11f3e34371d28b3c
"photos/L1589,ig.jpg",9249,cc6927f2b2c5fa8a724cd284417f0790cb141a77f5504e96d008771b7a49c627
"photos/L1589,rl.jpg",355837,dcc5e236a73cb9b30fcce5dfefefeabea459a9c06109924176a2ddde6a7d3b4e
"photos/L1590,ig.jpg",13036,2832123b536c1a0f3083e95e4396d071d7f4fd6723dae70abbb0375e310dc0f8
"photos/L1590,rl.jpg",279109,25012584552aea029b2539c15f059e278e5c3d1d76c244bb3e96de8b62fefe2a
"photos/L1594,ig.jpg",69799,b79021e77b068118da87d27805b9a864a53214f1a13d4b600a721fec8c4385b0
"photos/L1594,rl.jpg",139594,1bd928889408df5103d18cadfc835eb409dc2db73b40887cb572f5e280f5ec9c
"photos/L1596,ig.jpg",59273,c0ef44a5765462ea3cf3b8d3875ac6838c2c7d695ac0d26faa60d7f994949073
"photos/L1596,rl.jpg",165557,3e4cd5996519f9083108a242bfc5d70b9c2b1a8dfe9c254583819c3ec0f5f6a9
"photos/L1598,ig.jpg",42293,641468311e34696716a63a5ac5e4c2cbbe1149a44471682164dc0150e5fcacbc
"photos/L1598,rl.jpg",861604,dc8f40655963ae26fa5a14787174b6a48cd80648bc1d637c713f984703546103
"photos/L1599,ig.jpg",44059,4b2f21e632c8c5be706849252f1062e6ecb8236b8b57cc0335b79def62fae3e1
"photos/L1599,rl.jpg",145440,fe9bd5feb2b087f058670e7a99240645ad99e6b2f94c97a8ecef6f31f6e98a5e
"photos/L16,ig.jpg",13499,976f5227e8150e837659857c517d8f936407c6b7825de09c65ea8b1b491ba257
"photos/L16,rl.jpg",58188,9b95410458fe907c929e1f1c5ab8fc7dc011a85d1a6a35a7380fc5b0ed0958ae
"photos/L1601,ig.jpg",56481,652d9628daa6147d03bb3e0a4183e6035f96ea12a4a3c3039dfcfe7833ec79e0
"photos/L1601,rl.jpg",67287,8041880eb4d174f1846700fead92f5318d53dcdb61188fbd68b423e0a11f1fed
"photos/L1605,ig.jpg",19761,225bfffcbdfe820a516b9843632a187d793ba2752dfaab937f03f72188c6f6dd
"photos/L1605,rl.jpg",115183,36df42b34a38659d988a06d8c3eb6fe6a7e48b314a8190a089e723eeee87aed7
"photos/L1609,ig.jpg",53818,11c97d2cd36e64d485b22dbcef994bc27e3bcd088af5937db95b47957a4108ac
"photos/L1609,rl.jpg",68818,ec2cb42c429ee71b4a63aafc22e74985d480f14764d2a756146a3563167c5d04
"photos/L1610,ig.jpg",61834,c7b7b19504f3ac4893d662075d0cda527ecb190b59141a4f95f5953d3a26e62e
"photos/L1610,rl.jpg",1009609,b3aa7e4d215c18bee587e8ffb528f8eb1f04cb8850815f9e97e2a9a3d2d10550
"photos/L1612,ig.jpg",114014,deca7509dbea4ecae0fc04e2787fa0b92bea43819795d62b1d6778f70b72fa8c
"photos/L1612,rl.jpg",57305,5e14b185df092c66363cdfbb9374e4facbf8bedd738e187370079822d02a0434
"photos/L1615,ig.jpg",26286,799a1820f2e0a4eb22eda286cc053722b2c965804a5ac674efc7e3c1f323b34e
"photos/L1615,rl.jpg",234845,41cea634e4d81f8cec34654b6e20a7c26d68273111b661ab3fe12a6261c3fd02
"photos/L1619,ig.jpg",81381,771a4539f8cc9968b137de932984a5da6cd87f2f41a4690876e8b4fc93622ad8
"photos/L1619,rl.jpg",103189,3323bbb6ed523f9fe0db31e36be6dddc4b4d2ea695ba42ea072987fcc019c4a7
"photos/L162,ig.jpg",1369,9101b5c522f16df11bff5259201ad3d7e3061224a6a17d282f9374111e04047b
"photos/L162,rl.jpg",38723,1d83df961a7082fd1a623dd21d4248c3a2f804301bac93c62f46f0fcd796f33b
"photos/L1622,ig.jpg",14463,6cc5cdec0fc2bc99d49229c3e07e0bcb6fa6067664c45e6f3db433e80ba903fd
"photos/L1622,rl.jpg",449637,9f778655939c835063a3c307351901941069c179cea187b97fb4b56ef65d78bb
"photos/L1625,ig.jpg",77776,11749f7262631e3e0369d7e9d74038f37c3e068d654e850f6dd86b017ff62a8b
"photos/L1625,rl.jpg",513048,17ccaef47ef2c4b394344cca8b351900926698ca24f6c5a7ea5c17c2e00eee55
"photos/L163,ig.jpg",72897,f195eca4e9b0981759eeb9fa4c3688802edbd35d25ee1c6879ff67bad8bf0816
"photos/L1646,ig.jpg",42034,bda973dfc8509f5ab0031636ddc5a3691b5e0a9dde62e074d359b82a24252445
"photos/L1646,rl.jpg",78451,2924b00d3ae69fe44115287da13cf944e0138629f7f73d0ebde856d82250ea64
"photos/L165,ig.jpg",58165,b762aacd42d795d8af16c0a8164aeda9f906f7017927d11d7d9101544b3cc624
"photos/L165,rl.jpg",252799,7d6eca5d4d31f33ea41f9daaf288e463d06009b9ea7abcb930c51625f63223bb
"photos/L1654,ig.jpg",13757,a9f0eaf215436af3ed7686beb00b3f7868ee106223ca975fecae6cc4a55e3bfd
"photos/L1654,rl.jpg",614493,f4689263c010a0d57f230414e7fe2ab6a9cb4e0d67f1c40e27f12ea0ac538ee4
"photos/L1655,ig.jpg",291719,ae61bbc1d546df4339e3dc42d36fb8dbd7201e303bbb986ac249de2d0a445d89
"photos/L1655,rl.jpg",136386,1a757e631fbb2122a0fdab63f506c217f973a8d23858cf699617f5c1476b2505
"photos/L1656,ig.jpg",63975,492ba8e253fe0a7becab2368ba8586267c860c051445f61ed2cb8dfa19ecf188
"photos/L1656,rl.jpg",312005,c914dd93d4bf6765c729dff03913161dc9a266b4d4e256c279c644efc08005e1
"photos/L1668,ig.jpg",70497,08509948e4dc3e2f6230a49ceba31784a70b507b722b1a5916a0a6c25b8080f6
"photos/L1668,rl.jpg",154996,c083809495195020a87f1feab3bad293df6fb141489a4837570a5650c34cb7f7
"photos/L1669,ig.jpg",49069,576d8cc19d0fb338054a385100852a35c40df377f81c28fbb1f4615186103bdd
"photos/L1669,rl.jpg",86534,65d5032ca8e629dca8effe3c6534c8371c20d8e78ca58eb37aa23e10b357d588
"photos/L1670,ig.jpg",46905,49951975d82ee5b194dcdbf9bc795312fd8b07c60fc4557edd25dec2c456e021
"photos/L1670,rl.jpg",74255,fb870364109eb732e89210d775e8dc4752a341b578f7e6cddbfdc02217249b6b
"photos/L1672,ig.jpg",61600,d263b785cdf59b7103f614391e7744858318b2f73ea7ff7f4846d88f1063e5fb
"photos/L1672,rl.jpg",190737,33c4efce2c88ab921cdbeab9d645bfe52b34f52dca9d76d08206cbd6c31439a9
"photos/L1673,ig.jpg",13245,434bac774415a774c0f02d909424aec35db214e4b515540f215df16ca2674167
"photos/L1673,rl.jpg",185528,e6fefb952f20c004036ebce18929a135fafe2c285fe0ef159ffa1353b160af04
"photos/L168,ig.jpg",34705,d014bc97814f142d475a7fbad3c0386810bbfa5ccc09c26e411083355366079a
"photos/L168,rl.jpg",227341,54fb43bdfdc9e49e74d7d47276b03fafc54204a0f52860f45c0971b706ce64de
"photos/L1696,ig.jpg",13712,57ea234ec884057c7fbda687422282d49ca5c90215d167f6cb8edd4a06116b0f
"photos/L1696,rl.jpg",16397,841dfb77bf3c351d874e9286c564ba474446cd6d0f79475daf5d0e37776cad68
"photos/L17,ig.jpg",20664,c8d09bcf9eacf74106739b0cdb3f62ccba23f91e1132dd4895535cf74f57aa41
"photos/L17,rl.jpg",114683,839f0e4863549745e0d5d3c7084b8285225b7c7ec7eefef13c9bb78562c6d7e4
"photos/L1709,ig.jpg",39044,9d34c3dfc40077cf12873120258e4f418ab72ba6525f973efdaa109adf9c44f6
"photos/L1709,rl.jpg",81044,d3a12381d7f2540958ced4f55e5ca43b5f55ef6e62c652e8c2a53d9f7815de67
"photos/L172,ig.jpg",5928,009ddc734d23f5b9621ba91deea615b518821dc62a7a7c1d1b761788d6e19710
"photos/L172,rl.jpg",68284,20f2c715f5bdc38fde386fbc4a8ff6a8327ebeb0833aa1d8949eba9a9563c28d
"photos/L1728,rl.jpg",220481,1262dbbd11a2f1e3230f4d1e6adebcca5a6679d450981fa5199ec1e1a5e88078
"photos/L174,ig.jpg",15316,322811973955b2f90f784a3f0b70f665f95e7b72c996846022791e492ed2885a
"photos/L174,rl.jpg",546723,266199a4e59f50a396d13473ab37bb51f179f6246835d882d0fa87b29e160a15
"photos/L1742,ig.jpg",20300,db1a86d546344fdda059b808f5ce55938ed5dba18da100583f755e2554d41124
"photos/L1742,rl.jpg",287398,61c8cbe2c66f5cc550f943a929fa459cdf90d78fd8327f1497314ab9fb1cea79
"photos/L1743,ig.jpg",49296,19f641950e8ef66d627f62a9342312a9309132e86824d50360aae7e793833998
"photos/L1743,rl.jpg",74924,01eedd90cc81b6c73161573e41f83c0f1382fcc0847009fa465b8a5f1719796b
"photos/L175,ig.jpg",84987,99241e5700c1c8d6a149ef9cebdea5e6df1693cf57c0df01cfac266c5f41eb32
"photos/L175,rl.jpg",46992,5f5adc20a8d2d1251abc7d725f5df742414bf4471e1c8e220483d64a900b492e
"photos/L178,ig.jpg",9740,6f8a321544bf977abbe5f3473a1f72edad16678b6cd2ccee092d7c3175531651
"photos/L178,rl.jpg",172693,72e9819858629fc957c90cc4f5d73fa63830015f0952f03bf7b1d52823eae6d8
"photos/L1786,ig.jpg",5507,9d76dc130108cb8d15448d93a5b38f0cd5609aa9c64d6190ea4fdf0aed7737bc
"photos/L1786,rl.jpg",388818,ed721fb38c5663a4ed5c40eab8248c923d80159ee2bc4c856cdabc117147abd8
"photos/L1789,ig.jpg",216134,ee853191665a7667d4226ae56d16f0f5640e60a700c6e40f4d03d230597fe296
"photos/L1789,rl.jpg",390531,ea18f934a546241de6ea857f6f5c6fa02599c2f48d48378fd6d068ee1ce617a9
"photos/L179,ig.jpg",37949,b5dc49069a0d539cb721c4878d1eec69d00b5c55a67e368543a8dc8203888e79
"photos/L179,rl.jpg",57200,c7c79683be547c670cbbcce44dfd839368574a7014a3d4fa1ff5588664128a58
"photos/L1790,ig.jpg",216134,ee853191665a7667d4226ae56d16f0f5640e60a700c6e40f4d03d230597fe296
"photos/L1790,rl.jpg",376295,cb8b365dbb722e15e3ed75c2c7e9cbdea9cfc319b421ca5a1ea95a7031116f0a
"photos/L18,ig.jpg",39906,3e0e66854475936190008df4537e9c9a9a08c3bfda63c390ad46ea7a1eac2e0b
"photos/L18,rl.jpg",168813,d23246bd789a1789cc3b63a80c25f419628af06665a321e9fd6ea5272d89114d
"photos/L1829,ig.jpg",59269,ceb141b25adc396061217955a4413b809ec2faf2b1b0e3dcb9d064d1497eb21e
"photos/L1829,rl.jpg",205029,1f2b4d2475a1b30b47ddc3f9854d9e968b1609097b30b3f6f45f2456cbd112f8
"photos/L185,ig.jpg",25750,80a6827712c394676c467cbb95dbf4195bfc7c6816d379f4ec9f1032d93d8e27
"photos/L185,rl.jpg",37816,9226524373c0d2e1ef756ca9a4d610e2e5accb63a1836172b98bd6f228d7dbd7
"photos/L1859,rl.jpg",347583,5632ad6c7441cd8cc5f82ec7bcca9d008b147944b8b81d978ee3667225282a33
"photos/L186,ig.jpg",48852,404dcce02037283e6dcef5c7b89ec0c83bf5cd91f5acd89fe3dbc24e69218af7
"photos/L186,rl.jpg",91451,0aeeaf4be11b681b981a09ae15273e0d7bc6b9f4545f5096027c38d4c68b1be5
"photos/L1862,ig.jpg",139502,32a0f40ea526494df215c2ba2cc608e61e0ab92c33ce27f80b955fa24be6fdc1
"photos/L1862,rl.jpg",289659,c99fe6adbfb83c9d83c260643118e8c7378aa7f7a639a6b32208902acb660c7a
"photos/L1867,ig.jpg",23009,2139e9c8af20bda993e196e80a9572d71d3eb068b0845c15068812aee771f5a6
"photos/L1867,rl.jpg",88355,d25fc95ab8b2d1b53d7d1b2b04089e6a3f8815364ecdd414e322b23fcf163ad6
"photos/L1868,ig.jpg",19248,008b33a658c7acc41befcf2cd3f7310b901966ead3a8f0296e679eb4eb2ace5a
"photos/L1868,rl.jpg",111073,5b95365c45ca039118a34fc8482315c7c44fbf93f32a24a22ed63da7a592bb21
"photos/L1869,ig.jpg",70501,69f9cea8ddedb7d2565545fe49c6b4034d4d5ae35eb48dd7363378753c71a312
"photos/L1869,rl.jpg",77016,1a10983f8175bdcad0e77df7711495873ab1dd5698f99bb12d443dbe8e675232
"photos/L187,ig.jpg",27521,ee76c2796a3b0aa87420f1ce6b74dcfba1b5212b91ab2888a6ba310538653df4
"photos/L187,rl.jpg",49808,b4e9a335e59d5b48664c4f475f07f30a9883c220901005fd7cba4e2bc28fcb8c
"photos/L1870,ig.jpg",28508,828b75245730bb3e23b3b27efcfad653fb66ac973f719b8e9da2f09e7e3c6e6a
"photos/L1870,rl.jpg",57679,01c247699681f7b20b9480340a91a4c3b4aa0388da7fd28e2a60ecf16a8dfd52
"photos/L1872,ig.jpg",45862,34628e81d36138a4d17b90a4f9076a7b114fdb4581930c5d97aef09000f65e35
"photos/L1878,rl.jpg",169348,64942cde0bbb47a6a4a7be57c3c1710e41b759ead30c59dda20e2d859ad5b0e6
"photos/L1892,rl.jpg",37371,a7c3c8858e1249829679d6ca838b23afed36e307f6028caef2f568521ea3fd8a
"photos/L190,ig.jpg",53445,a7ff0f3b81b2550bd6b363ec43f4b1d47692808de911e0fb355eb52858f1b528
"photos/L190,rl.jpg",66011,2c4cd4e3877ccabf36347b9f59911b72ecc3545059da7808d152ed5b6b785c13
"photos/L1918,ig.jpg",1072394,65b6bae12758bedd73369374085a24e5d018e0f298ea3c76b4690dcd4d016f66
"photos/L1918,rl.jpg",683154,dd189003fe9088df62dc137877230d458b8a3d390ba0d908d1acfbe029c46209
"photos/L192,ig.jpg",500951,895b5a8c09ca046b3a9a4fc6729ff883ced023eceba751858004605697301fd8
"photos/L193,ig.jpg",71143,a1f246df204c79cd2a12cda779e38b92b4a825ea0a2d1ea03f50d5e28af9f4a2
"photos/L193,rl.jpg",132237,383787f84d0608e7ac0331e54b95dc4fdab035a144c2eabb65ed5a56cd29bb28
"photos/L1930,ig.jpg",4119,4ac12f87a6fe77376eb58e739566e5676392a7694e85f75f63ed1fa198b957a6
"photos/L1930,rl.jpg",85123,4ffbd21de70491de23669e46e1d5f4dbf2ef6cd57b68515e96079cb5770cb39f
"photos/L1932,ig.jpg",59454,5b9311a93b54c2d47f8df6f02e8065f8e4f61243bfbb3aa3bc55807140abb4d7
"photos/L1933,ig.jpg",56202,49995b75a64f5243c6982e254079596c9a3506a1ad3529e8ea88d183725b290f
"photos/L1934,ig.jpg",38756,35e4cef655e1b1ab495b6a07dcd78ccdf9068e788047f1ec512dc4f1f26576f2
"photos/L194,ig.jpg",48571,03901cd23f6e9f0a968c90188955316a143ba062af4a6e768febf5098302735c
"photos/L194,rl.jpg",110045,0031dc59a207f4fd5ee4015952093e9d72ff5cad9873b6dc763a2f0b93f278c1
"photos/L195,ig.jpg",35046,c2ea1acc5a087c70088eeb06e510c88e5ae2105f710c71d7a016dda29e95090b
"photos/L195,rl.jpg",42139,efe0ccfc8b2bb85627cf78b0e6c103d8f13b0feb425602e812c04a98f528a617
"photos/L196,ig.jpg",1776,cad9de1a11a54f5cb2c0edb31c4cdca27fce215663f20ba5e7b527675b0868bf
"photos/L196,rl.jpg",39235,3249acf5606de27f09bcea4643182090771d34d022448ff6b000e99a9bed451f
"photos/L199,ig.jpg",126947,3af40215c243bc77f3ddef1d248228141f3291922dc0396fd973a1670867cef9
"photos/L199,rl.jpg",74559,1d293cecd307124aeae51773ca9bfa230b7b651193a5054dda55807423e9397b
"photos/L200,ig.jpg",12636,74655066694d526c9e404950e0093466e703f65fdb3dcf06d67da7f6f4705c80
"photos/L200,rl.jpg",34512,221a523dd3de3eedefe9088a79fb1a440ddebd57ae0a85683b438f04ab62b541
"photos/L2019,ig.jpg",64650,c3bfc159343265416b3ef265306369cf2cd1faed7615bd456ad362b369e52ba2
"photos/L2019,rl.jpg",137703,4d74fb18f8b7401944ad31d62b5f76bf6abaaf2ec586adabb5d8137c9fd78784
"photos/L205,ig.jpg",17725,baf68b06a9cbe969714dea13074272ec48c9b184534cddb2e94a4eafe4e6a9d3
"photos/L205,rl.jpg",104782,b046b9a3735c9e73d396e7685185436ea22aa1b3c81e9c128b3d56d33e7030d3
"photos/L208,ig.jpg",106297,b5f4442c9779386da45d84b07579e9df74e4d3bbf05d933a0a0704f0f6466626
"photos/L208,rl.jpg",98815,6bc1285db9ca51d75ef0cdd8172cceca7333d327fa18c5b2457f0a03aa7cc790
"photos/L2100,ig.jpg",108314,e1c0905da5664422cdee8ab46efbb64a499090b1dfb2e1e38eb47570838c3b47
"photos/L2100,rl.jpg",98122,8d667337398ad9c0b36881f0bf05d8b3cb21d8093640d57cab7f828f108d8d9b
"photos/L2150,ig.jpg",93879,66457d4c3d10d3b46580ee27c924c90574119d464d0ca086163f91079782d485
"photos/L2150,rl.jpg",160085,d37935e7c2f23a9ac0bb54c20c73c7c30b8e22299926a24da0b4967fdb5374a9
"photos/L2151,ig.jpg",55498,5765305ea3824160b9b0bd270eb0a26bb76a48684da72c6247ab61eeb08a0678
"photos/L2151,rl.jpg",84787,f0450de10ec9cbad73dbfe730bfcf7eb5f07ad2aadf0c87d51e1c882c219eaef
"photos/L2155,ig.jpg",17800,d0ea2b87f04030954655aba25d74831f7387ce319d0464b40720922998b03ab9
"photos/L2155,rl.jpg",113587,67b3911c6ec4c5eed40d7afed2eaa356cde54b33a16900ca1c9fadf6ccb0dd57
"photos/L218,ig.jpg",109097,2a918fda0fe4ac9a2eb33c20d326ed51f43eea62e661e4d4780e687aad8f4d04
"photos/L218,rl.jpg",158625,f7bc787a56fb098c90eb24369219d5bb1e0d01e39fe98ffb14272cb30fa430c6
"photos/L2181,ig.jpg",44828,63f5b510c4c9ff13de0ec2d80d6d14ebda00ecb40b83bd814c25fae0da89a3b4
"photos/L2181,rl.jpg",79281,4b709873f11e649ed4578eabfcc0a44af3b7c2abe1e9e8293330d93217492b0a
"photos/L2183,ig.jpg",8025,c03835728e9760ac0f3694e831e51e227cf10165f088ad7fef86309d821f268f
"photos/L2183,rl.jpg",75467,b37295fdb1c5f85395a5da4fbc81c58c87407ebb20d45ff349f7aab5426bb721
"photos/L2188,ig.jpg",7522,91e26aec4547beebb7219bd5cb4026f241fd55e610fcf401bef4bb95e3773460
"photos/L2188,rl.jpg",30794,dea3955e3a235383637851ca530ac864a2146a411e13d808b1946636f594e366
"photos/L2189,ig.jpg",17508,f06bf0d981ce247e42a9c6070e184d496d099a20c9410a5bc42279ed6374e02f
"photos/L2189,rl.jpg",41845,81506c089e5e71292193f65ee8ded5c60396c6258158b759f74fe1e6b6757c2c
"photos/L2195,ig.jpg",38059,438424059ff164f1ab672c4b11cc42c9272b20292e9f4d96991367e90ca82923
"photos/L2195,rl.jpg",80621,96d762245a63c41daabf47ea594813746b54528a7833607fc952836bdbbd62c3
"photos/L22,ig.jpg",34793,f716e14de9014ba82e1852a727dff3a765b47f7062f19b795b83e7a7364f3d13
"photos/L22,rl.jpg",42257,e2138670a1c1b83f79b19a38a846b52e6ff52e7d7fb2d05dc04352d2a55b06dd
"photos/L221,ig.jpg",5809,2fb8f7bfea4203382c8b32f0a8602bf8048e2f33357abe5065d114f24a4a68ef
"photos/L221,rl.jpg",55713,05d150cd886177679f7662f57ffe8fec8d73e01b000f9bc961c23bfb0a015f28
"photos/L224,ig.jpg",5458,9f71dd347a7aff0a6772c9af09f0c4bcde6cf6bf577fec4f9e39a330ac0f9374
"photos/L224,rl.jpg",44663,3ca48013b880b5decc11570ad162cc50f27d5cd8853ab66a7a4cc9fca2cd40bc
"photos/L2245,ig.jpg",1413406,f822d6a1381c85e77f90dd7c6f08808d8734b6a581dfbfee43415858e2f08391
"photos/L2245,rl.jpg",359419,cce8b410e3424154a0753f5f5e842ab3675e1ed7113302aa62553bc94cbf021c
"photos/L2265,ig.jpg",150876,8ee07e30f0175db017818e5168d26e521983f1b87fc6f9976a0accab498afa68
"photos/L2265,rl.jpg",1334733,1cdda81b92e24f9ea0ceb7fe4232871f796df0c49fec5614ffdab6b9f3fdc301
"photos/L230,ig.jpg",62645,87084442f7797f69a81c7d4a030bd7b7786d8eb500c1300768d4f5ce462ecc36
"photos/L230,rl.jpg",102028,8548cf831211bc96c06c5ac596556f5ba63284bcac14e9fa3697d3864f224776
"photos/L232,ig.jpg",73057,6d2bc414928075bebb23ca0cc50c904098fe3ad0053679ecde82a49de0b42ee6
"photos/L232,rl.jpg",188616,852006099b449202dc7490a1ee19c23e2d7120a340b88fdf248905834ed5ba1b
"photos/L2324,ig.jpg",8130,c55ebcab4644c4be46ec5b235a0c4bd988539fed56070068ac910f3031e774f8
"photos/L2324,rl.jpg",166961,c6198b5df9d466ae9dac2f576506ed34417be7b1c3be0ae8579ff6188b031546
"photos/L2360,ig.jpg",219712,6600be6ff777d22b291533db1de39e85c96006294cb214b9a1f0a573f3edeb84
"photos/L2360,rl.jpg",170706,5c7e281026e3d972b5e8402b5a0cbf33f11dfceef83431a65f7ff23aa3c299d8
"photos/L2361,ig.jpg",247548,664d6c090df5d3214b237681528b7004fd96c14fdec42c7a3fec00e54f7934f3
"photos/L2361,rl.jpg",170706,5c7e281026e3d972b5e8402b5a0cbf33f11dfceef83431a65f7ff23aa3c299d8
"photos/L2376,ig.jpg",28943,3689efb6f90afc18da9bdcc6dac2737ea3cf833baa95836611aaf6b1084897d3
"photos/L2376,rl.jpg",236448,a237fbe428cbe6b4798084d3352ab0731da4ac82844a450d93302c75f3b60be8
"photos/L2377,ig.jpg",56504,9d454b5c641dc8e4185d354f25525f4055963b50666a7d793f7177c77955e185
"photos/L2377,rl.jpg",153249,1f52173da373d5af82053a52b4ea22ae8ae17343aababc324e2e24a081a2a808
"photos/L240,ig.jpg",3607,97a0b834742e1d3a9a5086930d3584bbe4fd9dc3d4ee5ee5dec62b5f9a88a5ed
"photos/L240,rl.jpg",59716,adc834e5fdf419cda78c1aac1fec7a335026223d3f43fcf04c84ab5104552bd1
"photos/L241,ig.jpg",32468,967916f5f4f8c56cdb288dbb7ee9493ca6c9096a731927fe310443bac15120c3
"photos/L241,rl.jpg",45505,17a2775b212a01ffab433293b5648a5b9b19a812fb397b4482a2ec272684fb7d
"photos/L2423,ig.jpg",44005,4f312dbf56b8642c283be4e2983ea73ca2c71119a73ff857a0bc4b0a558bc957
"photos/L2423,rl.jpg",143923,5941a0d8b6d5e97426ede4829bc00d386e7a973aa52023c2db78bec4fef2e82c
"photos/L2428,ig.jpg",127730,fb56b71c52c38a9a232d688182b969abc803326f834234df9175fc5a39e9c70b
"photos/L2428,rl.jpg",279153,91902d845be0c9622bc9603ef2fd9eb833074419779d5333780439ce39d0804c
"photos/L2433,ig.jpg",32687,fd7397ea6b4d74402594c966929650a17722bfb41a6fbaa67a3f6ab265e72d9a
"photos/L2433,rl.jpg",347621,d7e019a8eb645b14e7a64fa84da07678dcf89a6118e035564011e22c9d23ea8f
"photos/L2436,ig.jpg",19144,976e0a68dc1ab4f4cb7f47020eb62e6fc3a171a7b79b7510cfc7846e5062d794
"photos/L2436,rl.jpg",618407,2e23175ac2580d7013ca5d61c46b8d57daa0ffc0afbaaa0e38546658e7f7ff80
"photos/L2446,ig.jpg",95647,0ccf8e00a45ddb6e0a7b9540337759d6bc5398e300367a0f73f00459cba1d47e
"photos/L2446,rl.jpg",425571,b83a01d28bf1456ff5c13347d4216e42acd47b799acf0b1217d7d53b62bed946
"photos/L2471,ig.jpg",83107,df69963edb2f06afec6e82f675315e80f0d23ee8ee7e298f041ceb1cddba728b
"photos/L2471,rl.jpg",447951,4904da785a01c96f33bc1862484db234ac82b10e3481837df3f1ea59872ac0b4
"photos/L2473,ig.jpg",397382,fe5761479b1c51da76a2ce4146ce95b04cda04fe3d29ec5b1704960f620a5afe
"photos/L2473,rl.jpg",264185,91eed78fecbe2fcf6cf3a5b7633d504c881bd8dcd93f5a4865b1402031449f89
"photos/L2475,ig.jpg",21590,a56efb68e0d8656f890b1c45014c27e3303f81d29aab67a4cdd70d636ccf80c4
"photos/L2475,rl.jpg",7762,b115369832617900b16503c54997c3a1b6b64e7d29809456c36ade232447bb0b
"photos/L2487,rl.jpg",96494,46b2085719a996719670f4e0cb93fca3003122239ec7c17f9b1ca5e2eaff1230
"photos/L2492,ig.jpg",44610,e9b24f8ee6689ceccb1be62cb1d40747ca4936dd33078589a9e755b511e4cc8b
"photos/L2492,rl.jpg",191007,1e7944aa2a008be82b0fc5abd70b6daff49c6871703c457d22960162859cb90c
"photos/L25,ig.jpg",7491,292d0610e25ca93e1562a96e2fee0a5dadc3c91045347b06c1fa660106d6ccc2
"photos/L25,rl.jpg",153329,0584e49baaa678c1b3005f7ebbeb2d1f466044b48ed9cec2f4e237e37c10fa3c
"photos/L250,ig.jpg",9656,13150a52e229a8c0ce02523a7d9b607421b04fd24346371925e66d2e0003e508
"photos/L250,rl.jpg",140402,1ac96b94e2303d4ec9f88aac7a0796b7ea54bae762438599d0ed2f929b238590
"photos/L252,rl.jpg",83198,bca43e640a42c56a50049037be1486ca77133c6e63640f0991b6a86b9293584f
"photos/L2525,ig.jpg",14688,42083adf27ea54a44efb342da06283891daaae9a4b9d549669457bdb1d775727
"photos/L2537,ig.jpg",35627,faef9d9e5d5304de3e61a83af034c988cdfd7767ffc6b1b6d1e54321daa8ac77
"photos/L2537,rl.jpg",132301,78a4fb5536e8fcbe4b4516a2572f8569727954123da1448a26ca6b154d2717ac
"photos/L2541,ig.jpg",215287,14c99e070e69ef4fa8fafcaa564812894fc6ba569e93472a1de94f9e86776396
"photos/L2541,rl.jpg",217044,9b620de61bb859fd0136ca41a1efaf5bfb50fbe0ab93a6e276f7b7f2d25d53af
"photos/L255,ig.jpg",68289,0cbc5f6b3b2a8c76a5a41919aef1b485d8194b3260f677e320d7f396a8a6cf04
"photos/L255,rl.jpg",225319,88321c82f80862744f064f7043d58e20713a322f9daee47b302e8b210e344066
"photos/L256,ig.jpg",2039,961f7160b111d85f57ddf0e87ed68cff1ffeee6ce69f61ee73602aa151ea304a
"photos/L256,rl.jpg",14320,728e6b6596ce3ffc700a5f81f7bb21eab8c4702e7cf52fc01273e14dabce874e
"photos/L257,ig.jpg",26612,e247d8bebae96fc8ea45cca51710aaa59821bd6bde6288e5a6fbde0a653d7be8
"photos/L257,rl.jpg",159276,af20d1a839204a5246db261422f7425353fc5020dab4df011151a4d79409890f
"photos/L2573,ig.jpg",27175,cd4d993b3caf7bfdcfd253b4af8955669d29b828d81107f3a1a888fc3ae17de7
"photos/L2573,rl.jpg",477126,3df39e6df6fe4ab4b726d2bcdcf27ef2cbd245a979d52102de8ac21635bd872d
"photos/L2574,rl.jpg",402351,a2f6a9884270aae7af37a28e3ffce73ba36dd55e8d5c9222b7e72dcc558c4eb0
"photos/L258,ig.jpg",40604,efecd0907a6e8deb3f26e8f3df50f1bbd99d0c7971eb1282b2b18a43e63a358f
"photos/L258,rl.jpg",44710,dcab6e25f93b7aa6428498d30151d989826545e0313a35db50985cb364ce8403
"photos/L259,ig.jpg",74092,0bac1b08054be78400e2813e3c5bb82bcd8da401b6178052683e551eaa04c619
"photos/L259,rl.jpg",101131,80e981d8fafbd517d86783b50e98f1e2ba5f61071eee6d8e8e7b84646eef36a3
"photos/L260,ig.jpg",50222,0c7fdc23d808b2f7cff1b57d4c8765f3264d59aa7b1fcaf649f0e8b1354f538c
"photos/L260,rl.jpg",31074,78b4860416f0a96f494862680008d1028ecf8a69d6282e64034de40c3a3e3dcc
"photos/L262,ig.jpg",48370,fc35f2a340f3fab701a18b289fccf1e6cb8f8cc7c63b1ee1cfdf8f2f2c5d780b
"photos/L262,rl.jpg",14780,a0f4c9728788185793856fb7503311903e7b165a4889224348eddb6ee53474ae
"photos/L263,ig.jpg",18871,4bd56e06c3c0a5b95429c09cb27b873bc9fb68bc8570dcad5ba1b3f6553efa53
"photos/L263,rl.jpg",96991,e616fa6d100570ba804f1092c13dcc9bc50b461509f6313752feee3d548f677e
"photos/L264,ig.jpg",49237,1a06a413c8e7124b06d9e546de1a0dbbb2b2a3e7a7406a32349665118596a06e
"photos/L264,rl.jpg",25385,e8e3f66a77db3414b8d03a7948723d450a6695142d49e776875c79c6eebfda2e
"photos/L265,ig.jpg",255565,89ddb11c34cb651d7d2c1af4be32a38c5de15185a2997955995de75d86db3411
"photos/L265,rl.jpg",13585,f26ffd139fc636fc8184f6beaa2952103698a0456b19d617c8b188157ad41acd
"photos/L266,ig.jpg",748203,fe3af67b3d2ebe64f088169d827fd7ded4dc1797c126ce337606bd2f12f14847
"photos/L266,rl.jpg",50209,e612fbc2fa3882527b52bc211b912932064b32e25b2e49d8e7d9dac40d4200f8
"photos/L269,ig.jpg",27294,c5e36f3fab088a726260421495d737196175de87f79da636b20727676eb3d727
"photos/L269,rl.jpg",59344,236ebe63ba96958db500d4658ade40b9fdbd0f6dcde8840272c24538d3de94cb
"photos/L273,ig.jpg",8049,059b0401be98b4f143c8b76729f004053442794279e0ff5297651f0e6e496aa1
"photos/L273,rl.jpg",7254,3238179f4eaa4f664bcf4d6a0c544f88e3d7611bbf1b0957c75aff41da097b08
"photos/L274,ig.jpg",43438,4ea84373ece377f1e57a081dc3fdd05ce3437460a330a1c381affcab0b28a8a2
"photos/L274,rl.jpg",113256,d495e9bd9dc2d928a12d06102ef1037e2c03a919d43ba14250d411c7606c4133
"photos/L277,ig.jpg",370163,7d200a7a27cf8ff677c5888d2afd66bd2dd04252f9746188330b12009ecefbc1
"photos/L277,rl.jpg",292962,06ffd64f1107bd9ff021cbab21f1a305b1245c41965f746030bccd7732fe16db
"photos/L280,ig.jpg",7932,bf2d5533da934fda9ce27b4b9e711a051e2b08785cf58c3f5776b4a2f5e57eff
"photos/L281,ig.jpg",130246,4c2e0ee6a5cbb0ad3154768833de33484522536e0de4e8cfbfd79a9a16903a2e
"photos/L281,rl.jpg",274208,ab9dfac429dfbeca31a8d9d9cc1fec40ad9d00f695704dc8e5b7e2d13da9a770
"photos/L283,ig.jpg",37606,dc26a7e6b6427d8ccd81f33c23be79cc7762ea6b6994f4026785f3f4a3033744
"photos/L283,rl.jpg",55304,b1ff28e0c1ab2c3369ba3cdd25f71272959ceaafefd4cde093777fde061914d6
"photos/L284,ig.jpg",19291,978bbdd4546a6911a8912f8da68f8e98a6b4517d65e90653452a09fe0ea15dde
"photos/L284,rl.jpg",44464,39db978318fc8243fc4e869b523ce861454f91648eb052b17b525f27941f48d1
"photos/L298,ig.jpg",186492,03f47206c09cb47eab814b006dd5d98943c10ac92a2a2eeab3364d11214dddd8
"photos/L298,rl.jpg",268086,89fba3fd4281d5e1cd7453d8389f83c00911e592fb78faac2f146bd4e68482ba
"photos/L300,ig.jpg",12509,c4f728413a2bc5fcaaafb66a760ea5ecaa0e5ccb48352c52675e5b02ffddc8e7
"photos/L300,rl.jpg",100209,6b957a0e5c33d1179241056330ba3f3c0a2075e0f7c313f0391bf758576b66b6
"photos/L301,ig.jpg",28187,752b17dca3f18a74570e49dadbce9ce61e703bd3bd6904cad04a441d816e3087
"photos/L301,rl.jpg",148672,e3807b13f622197dbf91465806a8f264ebbefff046f96f97fc776af07d332c77
"photos/L302,ig.jpg",69003,0e03f01857ff1e92985184f51c3337634bb8f34fd8e5b7cc7b7e8606be89fe31
"photos/L302,rl.jpg",163731,7f44a300d6b8c6665ba3e583e54d0f6404d99b60c1c48f088ea50bf88fd09220
"photos/L304,ig.jpg",1188998,263430f4883b3ff0145898c5f12d833facfad9a40c78dfc6cb44723cc077ee88
"photos/L304,rl.jpg",84542,61d452a346d155b7db3375c483c6dcf509fcc2c1d87481f7d0480136008efe17
"photos/L306,ig.jpg",35443,c0462c5820ae2c04117284e9445115778a82b85b5824d5f844665e9ac4f0148d
"photos/L306,rl.jpg",26563,88e03ea0c0fdc569f9a64c6f8d3be9d567521445e9df48936ef0af6045504316
"photos/L307,ig.jpg",224263,f2265fb655d4cafee4278a9b47dbaa59caf522ef1ff78640d010b315c863707a
"photos/L307,rl.jpg",189245,0213e8e3b9258b6e3e56da8f2c4b9624f28a9559a5ab9cf2e2458a9b9b69375c
"photos/L308,ig.jpg",898374,f04d67d9f4622cb6cc88eb034898e315864f15e1f4a0419f3675e496ddf74a46
"photos/L308,rl.jpg",67076,9574b611ac0cbfaf95df0062424a1d42a467b619e53e4713ade5db8e537f14fa
"photos/L309,ig.jpg",27285,3d844c59d51538e28cef3f3bf148002e933cbaa643714220f0a60ef76ef85bf1
"photos/L309,rl.jpg",44683,da08cd0933b3c3b80e673c94f54fda1a97d8e208d64a76e57c5f149ba1d0c34c
"photos/L310,ig.jpg",162556,6609c6f64c5d44304db0f96347c127d292a44196729aede2da9b9245bdd74d9f
"photos/L310,rl.jpg",48508,7cb559a98c3d912dc96cb8ade4d0f50f0370dc9f30dffdd2b762814f57266b87
"photos/L311,ig.jpg",23652,84919230d2465950007d4aa00780a870ec042e7c3b6109a0cb92a2029ea10159
"photos/L311,rl.jpg",31345,f6766d3abd09ed4cd02c607c20a144137918aeb6daa979dcb431e0896fdf3c79
"photos/L313,ig.jpg",567352,885eb68c9acdfdbd7e18d590edc93be2e87077a297f69d92abddb3ff667ab19f
"photos/L313,rl.jpg",195619,ec8e5c94d83110722d6e37c9fa4d3212b91567c74427c55a434c2042ba1c623a
"photos/L315,ig.jpg",118146,5c03f3743441a9bbcd34501593b062a277311506cba01baa9788b1d7e460c3ed
"photos/L315,rl.jpg",140137,d6bb8f4064b668d635cc780858efb68cc11ae04c522653c582936a28615b9b3a
"photos/L316,ig.jpg",25676,9a027d3a5463d10c6581f99de0be2975e16f64ff4830e541f307afef2d945223
"photos/L316,rl.jpg",27987,f8b6a30ee4bee50a3b1385b9b666ac692b247525b85ef2c78e19f3ce9df8f17f
"photos/L317,ig.jpg",287482,94dd646eb53f663839e9fc0331d4618ddb8f7ed2033c3aef37befdfb44f37bd3
"photos/L317,rl.jpg",56013,9dd717753382ce52265d05a93658aeffe20307402ec1a8e5c25e5bfd0a183e13
"photos/L32,ig.jpg",31153,476f00285e82b94b36fd5454561bfce0e030d4f55a9d4747b0303459380895b5
"photos/L32,rl.jpg",63474,91d64b20007c44dc6d60ec97f528f5856ca602cb2bea35cd5f4407af7b032d80
"photos/L323,ig.jpg",11811,9be6af1383f7442a2b79ff17294ec650f2894d2369a8b24ecf866000939c7a75
"photos/L323,rl.jpg",207142,0ea256f0a8597459de0669c437847e90382f0ad69e65582f5fd8335480b55290
"photos/L324,ig.jpg",78332,84d3666f90c721446602fa9a409a24596d5cd3ba23793c28e155f91fdff8a5f7
"photos/L324,rl.jpg",63190,5543e9d15b45afcf2cbb8286274a794288500acd855137b8ad30f7fcb5f0d123
"photos/L325,ig.jpg",1077713,ba1624a0b423f729c8cfc3743978f7bf21c55d16ab30b4709bd9a7a3ef28d39c
"photos/L325,rl.jpg",129400,73d90a2ea6e11e88e4dd70e5782f29cb428b042102750a6548d4f50d01dcbfd8
"photos/L326,ig.jpg",39480,d573d99a397bfdeea83af84cd789eb60cddf9e8beee7572acbc69ac3ba0ced46
"photos/L326,rl.jpg",25983,decd42c3107cb9467fbf74e10075ed283b6f516f8b8ab861193a51662025e6d7
"photos/L328,ig.jpg",38429,a4e4b2e69ac946be9f3b4b2ee94afa2211043a52c7debf3fcee2fefa82fe3157
"photos/L328,rl.jpg",40862,f74ad0e10f0db2e07169f7bbda25bfff5b9b80379077451f71bc4d89bb49adba
"photos/L332,ig.jpg",65710,e711e7ff31c32336e5f969a2ea9575e0d3d7973375d87a45cc50290dcf2e910a
"photos/L332,rl.jpg",29490,94a8fd142b3bbd9f5f7f9e0eb9d27d321a2b1b0a32a710269bee7895f6182639
"photos/L341,ig.jpg",72799,9a6f9acd90879bb24d4a78b6f4945b97d3ebea829e28f534d892cbaadefaad34
"photos/L341,rl.jpg",56482,b29d39d52fd3925d03f03f7af538e3bb56467e9981e1b4d06107d13be45b1b2a
"photos/L345,ig.jpg",38678,4d700321459cab57c5774bb302520b6e2f6885beea744f0b5fc6abb408ecd8e0
"photos/L345,rl.jpg",41412,4f10f1211d5d17dcada53a3f2da6c53133c2c501aea9a72f6c5e7504661b5f73
"photos/L346,ig.jpg",124885,d89be8d445473a699adc8d95ce457225a42f9c14ddf12487791270c1d45859d2
"photos/L347,ig.jpg",31859,0ecb46cd0c8920b699daad9115e104d106acd7ef5af10ec712b713226f71f85a
"photos/L347,rl.jpg",53607,ecd57112b2765da0a929f8879d5e280f8d7a2412c62d4718c0f7b19094adfe0d
"photos/L348,ig.jpg",9924,b98d9db7bda48fc53d3a2b5e8d3f2ffd0e6d6e93b7939b8ae7fa62f38afdb5a0
"photos/L348,rl.jpg",52814,83faad1b6cb9075042c0ae48a606c02faf1f4f7338c35d21261019249f1ee8e0
"photos/L35,ig.jpg",73288,2ebf808a23d964ad7395a5b522479caa404f3939d9f8e50de5e7fa56cfc63bd1
"photos/L35,rl.jpg",47439,cd8ac2749b42a55dbfe8e6a042cbfc2ea720b940f2a60fc13b44385a85bd535b
"photos/L357,ig.jpg",32933,95a1564e05cb321d94780d5889ae9888e2dba50f2169c9680837d02487f45e3d
"photos/L357,rl.jpg",356582,368c7bcbf00b3683928246a76f91ddb477470c074f7e72cface000b315bb687f
"photos/L36,ig.jpg",207181,397dfc9c235a88371b78ac686aa3fa87894dccb8f6f83c968a5e42aa55d9ddf6
"photos/L36,rl.jpg",102642,5c3ea878f04e206394806cda0822280d9ec88f33072bba914bf6895dc1f94e69
"photos/L360,ig.jpg",106073,662adc008ce4b8ce28a66d400274f5ca479a2cd64056b0f3302c99923ea74431
"photos/L360,rl.jpg",21876,6dcd0518205391de89eafec822c7a3760368a825024f038af85644532af14465
"photos/L364,ig.jpg",34121,aee544305b4c56e4fbb135cbf29725c8cff8fa222bce6f9616938bf34e6e3276
"photos/L364,rl.jpg",83151,9ccf7ca582414bc5790d83c634cf590d46acafc2d544bd28293d822a7bf5a6d3
"photos/L371,ig.jpg",16382,f483c44a2a6c27ea88a6de6823d086199cb0925cf9210c996d802ca8bc3ee19f
"photos/L371,rl.jpg",23693,1330aa2e615301b134c4fc0244712fcb93e7d7c07492e5c62ea174fafefe19b6
"photos/L373,rl.jpg",19106,995b79ce79dba4130b1212f655b4181fd7f9a3c6ec863747f3f44fba35c6afb5
"photos/L379,ig.jpg",147932,2745ce09f6e243160dc15f85f14fbd723f706f9ee1200c0d879da03f51f83372
"photos/L381,ig.jpg",4295,ee3ad064677b12a300b2d69fc643f6e6a506e922627bb722762f2995e6ee0bb0
"photos/L381,rl.jpg",27424,1becd5fb0955d49cfeb6344b22ef4769780fb486c9c3b648ec07bf12ab20885b
"photos/L383,ig.jpg",24444,d10609bb772f072bc781fe2e7d3c8542eae86c3075dc92e90d17f3c40d0750d4
"photos/L383,rl.jpg",232620,dbbeb33f13820faa8f459d3da91e4ffba04fe7dfd6b1df00880a9d7851ce034b
"photos/L387,ig.jpg",12763,c86ab93bb379466e0bbcef9a7d39325af4478dcd5c90a7fa77214304455eeb3f
"photos/L387,rl.jpg",29655,36236f61d911612f35846c5e7de1d13dd516b47f6cc6988b03b797369061b343
"photos/L393,ig.jpg",267707,5d2f1efcbd3847232263c26edf2912b1d2ed0baedddc49ec2e4835ff786f6a5c
"photos/L393,rl.jpg",279175,1e09603cdf3132b6925f35268fce1f74e482477bdd5fe0f50292069cb44841a3
"photos/L399,ig.jpg",26639,f50a4a6ca9071f6e3343657a5a7626809865420aee7534a26902f4ac0cc83511
"photos/L399,rl.jpg",53874,966156a33062b9661ef6e523753f067a6cba21be166827e8b356c7afd53946e1
"photos/L40,ig.jpg",39577,3de76cfd0ee15c4107f0270a3a1d9aec51bd2ce9157962517d3210ca4b9b011c
"photos/L40,rl.jpg",106877,73d6b958f3e7da7bad3336bd5f6ec824ed43938d3534fab1884a462a044f1457
"photos/L400,ig.jpg",45916,961a15b8308f8baa6e12442d7f66793763e2307c4b92645b81f7761b5df82232
"photos/L400,rl.jpg",81404,2e1b8542d47749c2bd24debd02adedbea04a2c89de6ed30abd33505adb4635d9
"photos/L401,ig.jpg",60736,b5fe3a3e2a22b51da9f71fa2c855fb69fa42d1426efc3b549442f38545249c75
"photos/L402,ig.jpg",31999,cc5c1ad70b76a830d779ebee822892e9fa6509e85f16d40a12e804b38c1c7c5e
"photos/L402,rl.jpg",97750,34edb2c8687e3cfcddf939d1fa729600bd91440feb2702f4579cbab07f8e66d6
"photos/L403,ig.jpg",187013,701f66d7b37f8fdb4b68b0142754967f8463ec0f47fc98eb906a8d94be32bd70
"photos/L403,rl.jpg",26696,629b3d441fb9c0bd9fae7359051906ca81e35d984e36ffe869fd27367bc89894
"photos/L406,ig.jpg",95266,4ebd592f7494d3a2a2f53be94c285e4af4c34d8462d709187453d46811ca6008
"photos/L406,rl.jpg",15981,266c013edb9948481cd316d5955767895d7a7e7fff59e544a2b68544c1d040f1
"photos/L408,ig.jpg",28321,9ff85e776d0a411a7159d91b09aa480ed0c34f5d632e549d648772fe9ae680ad
"photos/L408,rl.jpg",38795,a52a04196dc6fc542801467a0d138def6457cde58bae823ab9f4c80e3cdec538
"photos/L41,ig.jpg",39729,a514f995eb647ea10882a64090c06610b95787e3b7adcacecff675515fc668f4
"photos/L41,rl.jpg",189924,ffbe2062d885510cc4c9b9989ccbea14344e5c6cc0e64f9abeb85720e31cbb25
"photos/L419,ig.jpg",12322,e31cd3faacee95f6f57489412ce73df3fa979ebd69edd328e92c98c14f13903f
"photos/L419,rl.jpg",61875,c40e5b30692b8882b93b8d4fbe8ae17be6595cc30d292da00842eceb2b31b49e
"photos/L42,rl.jpg",53034,04f3eaae29ed9a413ef46533c7ddf17e189bd1563a839380b10ffe072b82536e
"photos/L422,ig.jpg",2781,5f0f91a8022c0503b1aa1aaf6f39fbb82599ea48d0658738bd2f4e4e24df1ad4
"photos/L422,rl.jpg",13563,62a029be07c8d1cdc52bac56f7bc5b05fcd4f3aa00a9c972eb0bbb4627614ccb
"photos/L431,ig.jpg",49069,afb1e24eb77c3fd118c155a61fe05d2e0ea1bb709ebf978037c775e59b77c0ab
"photos/L431,rl.jpg",347081,8e4d000311a621a9a81296ee6838e72502b69c8142eff8fe0ec1a3b5612e6050
"photos/L432,rl.jpg",62703,ba743ae52a27f5bda8be93ab5402d1cb7aaa059f1af084916c7fd46164bafc34
"photos/L436,ig.jpg",36181,5d250e104ed91eaca06c870d7604acdb320594d311b6e960a6db13f9cd63b94c
"photos/L436,rl.jpg",81072,df9ce424d55c2f79a6a711a944fc1859e5d58d9b76d2f14d07162226a3366898
"photos/L437,ig.jpg",33173,35cab09cb1c6254cb4b156c3079a870f89de131dacf7888afdec91d9c00b7bf1
"photos/L437,rl.jpg",36037,33ddaf1854e9ff0b4c3a759d02acfdd2a591772fade685fe4928341b734abaec
"photos/L441,ig.jpg",19754,c6da0352594527f9ba1d4146ee555e2631421f9dd6848f1166661ce4f1206b2e
"photos/L441,rl.jpg",34815,ad25735d87f0403b4b0a2743d7dbeeb83cd924e16f1262b21e31a5107ce3177f
"photos/L447,ig.jpg",180389,8b14839bbae6ba2918f71d53d741964b68693803c166b81245a7abe3325a96a5
"photos/L447,rl.jpg",198354,4bc016a2084842ddca70248891a006484786b1624cdbdba0a5b2e1d85c84c6f4
"photos/L449,ig.jpg",31864,853be1e953292e65e49982c441b72770f7b579ae0235e462198d37bd539e83bd
"photos/L449,rl.jpg",33814,ac04e2518e92a2db37f9aa54592f396fa09e8a974abf879548a367cb0b8c5cca
"photos/L45,ig.jpg",15530,b291d0d72979e7f2558b863204ad6118462aac0d4bee02f1e5a188c8ea99b87a
"photos/L45,rl.jpg",97078,d688271f39e2a2e124cbe679769e137d9c400c3a3015f44f089db14ba2cf8a3e
"photos/L456,ig.jpg",997065,087db2f1601a5dbcd946fba617b8cc7c0d1be1f1df2921948458059a5afcb6ef
"photos/L456,rl.jpg",8406,707e43cf69dfd7cb300b4386506a3825bbe71284db645abd7c988798860e0f1c
"photos/L462,ig.jpg",65328,023024e93ce5bbab960f3cf11f343cba1608c8969945c807f7d20580d0a2dd43
"photos/L462,rl.jpg",90360,7db12c0d9aef0b97d7ca21f364864f6e12966bada322e22785cace49feec8f62
"photos/L47,ig.jpg",79347,016e32863d170274db2814a1cfd3257588c3998cdb5f5b32e56f581ffe1feca0
"photos/L47,rl.jpg",58572,c30109f6b7202bf3ed1c59c8dad2cc02e34f058d38efda5945e875d6404def61
"photos/L470,ig.jpg",12879,dd3d92e46bb667cbb646944dcdb7fdfea8caf39ca2f3d737bdcbf1bb93637f66
"photos/L470,rl.jpg",51231,64e098d00bd25f1b6c7ba58831c3c10c13933f514d04739726fa18a9fd9eb24f
"photos/L472,ig.jpg",21136,48ad994fd885f094d52f48a0e1b1fba9bc9c2ae4bb9e2adcf8165e501c5a0757
"photos/L472,rl.jpg",59329,ba2ce46499068633c68e1eef3d19123b1517cf65a5e20681093cf9501d97ca16
"photos/L477,ig.jpg",18720,01f725b6a7ee7472902c0561e4e3f99b0a42129cff51c714f7000c50e4c61ba3
"photos/L477,rl.jpg",268030,88907c3cdf771f2cf40c28622dd9034f9401d95ff9dd68d209287c44e5487f27
"photos/L478,ig.jpg",77303,7c1edabb9769a50dd7d1ce3a6a500fd1a99d1037649533cd8f586dd2c02edc20
"photos/L478,rl.jpg",124347,f37a8114a3f4c6e0f4436ee26366a3af92bb63e971e32b8119885c96f33e12e5
"photos/L48,ig.jpg",67286,ad1671b39c6d58ca1583fc0867bba3c06bc6bdacbeab11595e4f3a627fc271e9
"photos/L48,rl.jpg",51769,73ac527ade13efe803d67de03412003db73d13da562519eb9c8663ba0f175f47
"photos/L49,ig.jpg",87775,0e1dcb6180f3ab8d0913fb94949b6b343dfee45f06361f721af667d2c8221ab4
"photos/L49,rl.jpg",75146,ba545de6ed45be30e55475db1449fb7b2455fee87d7f2dc85a2d87c17be1bdf2
"photos/L490,ig.jpg",77538,b8aa51962f438e36a2ff05edcab8fb327db82fb2c8b82accf017ee1af59dcdd1
"photos/L490,rl.jpg",223317,b8de7cc9ac60481d0b23092ddd6663472974a92c89f729be4204046c59b35f7e
"photos/L499,ig.jpg",47437,34d4820181f568c6a764acc6b306e33e765ed4b0ab50c6bdf73471d25857803f
"photos/L499,rl.jpg",81567,189bbc53f75737d8cb8986a7ceb8eaee2d360733bfdc25499b17a63a90636577
"photos/L50,ig.jpg",103693,ef446c69e248430d3aa461b536066c1126f9f9b943c8c5eb4efedf2b1eef3d4c
"photos/L50,rl.jpg",58642,f31868db79b68addf4a49488e086fd14e0b0da163ac079c40833cb2e4b9dad42
"photos/L501,ig.jpg",5611,84e75433b834aa2a3ba774f3c449978f1abeebfabcd275761807c81aac0d340c
"photos/L501,rl.jpg",61426,762b8f7b6b7e55b1a34d90282bd4a22c5cbb5851d7ae49eec2838d2910c215bb
"photos/L506,ig.jpg",22801,34948e51b224ed24b1223f2371f26ca55f1793792c65c18ead5adc8967baae3d
"photos/L506,rl.jpg",122222,20419fff729c1f6c41ce41f4bbd587694eea30793974160fd326adfb36df027a
"photos/L507,rl.jpg",50416,74e9a6957654bf5022933b32f93b1502335b771ea6c5941e8a4b3fd0c0dbcad7
"photos/L508,rl.jpg",83198,bca43e640a42c56a50049037be1486ca77133c6e63640f0991b6a86b9293584f
"photos/L51,ig.jpg",101646,ebfaaeb16193f4201586868d1cd660a2a989d1191cd74af05fe5589a814a30e1
"photos/L51,rl.jpg",147087,88cec5f3af50c1e1b4a627d2ab4ffd71cab2aebd4f2002edaa8b8e989153ca2f
"photos/L511,ig.jpg",84965,403e11135da332175f7f6a1f756ec5eed53a4e0a06d285522fe3260a5f1b60d4
"photos/L511,rl.jpg",81469,956f8445ad19288c236349b5775d86f77599984f01419df1cdc75eec0cb7eb04
"photos/L512,ig.jpg",476362,aa63683690853abfaf9cfe0c66348ad6fe01ff351ead9d7e2da130315331aa61
"photos/L524,ig.jpg",60597,6e6ebb9416f6eed0e7ecf056c0cdec10b1bcc46117fb85213adf5e8bfd99aea1
"photos/L524,rl.jpg",70677,103bffb6e6e802b9a70c33e9c3afc3a0397d01ccd365adf9bb053ec68aa5064d
"photos/L527,ig.jpg",92632,8004ddbb5b830226969bd3f1fba1dce260d7b94071fce68a0c88bb43ddd166d9
"photos/L527,rl.jpg",159092,79719b10b3450368a488f6e05f906bda6b060695ef5b85e582c061b526d2f214
"photos/L530,ig.jpg",43315,43c66db25e65857e7248a965676d1afde4edf2be36357bbc926985b5b7131894
"photos/L530,rl.jpg",571758,38987973dbcd37af56a46e2015bd3bdde74ba02e960890c41ab5fc6e48c64ab3
"photos/L535,ig.jpg",9067,a2b4ab256e6cbecf080ab98b01fd2722b7ea9e25f5ab91c38078e4549834adab
"photos/L535,rl.jpg",271309,54b44903db1326bd493151131ebdc076f11b9b24a3f74cb3fb9ea512b6d7b000
"photos/L536,ig.jpg",25325,cd2b73c6647e7d431aa4d1784dfbabafbf6aa41d73667f228bb80279e4185969
"photos/L537,ig.jpg",61274,5659a227f67efbce4c4162460bb113a8f0c8ff4ec437fb3c6266474f35a34991
"photos/L537,rl.jpg",19504,1c3a22de0481416428b610bd4877984f2c8012481c3ee0fc1d5f5d88d822bef1
"photos/L538,ig.jpg",78632,01dad698c14c8db2dd8eddad721b0f9d77ecd39fa626e45786d38b3c9263941a
"photos/L538,rl.jpg",69844,a7c110c0df15c9d58648c66ab199754943fb8dece576a9998014dbedc719b864
"photos/L539,ig.jpg",35331,86fdd712a0e13bbe53fcdf4d37c6ba9fa9ee5ac14ebd0ffe57dbaf7352d75537
"photos/L539,rl.jpg",31599,23cc6f35ebd708d3bb58a5958d0a0b7a03b1234f25a58c4b4939ac892c5bc8c0
"photos/L540,ig.jpg",4526,82bfc847d19487f4542e6de8800e4e411f472a652bcf96a7d98dd60049c67dbd
"photos/L540,rl.jpg",38636,3b3ecbd51395a1ce2cd2023673b0947418966d3f1368bb2273d17de2508187d6
"photos/L544,ig.jpg",63783,447e92d246730b14e792f5ec8f5368d3a9ad7522c0f417218acf5d7e605e0826
"photos/L544,rl.jpg",206220,e1f676ecfb02ee53014eef9e2cbf059015bf757d8e14f40a16c79305483741f2
"photos/L549,ig.jpg",41568,6d69f0f49fd0ac8b6d2399e714e422917fb8f9ca20fa66f6d165d054d330e24b
"photos/L549,rl.jpg",70386,93163fb5753ce93095f795ffbbd62308b10e522f6936ad2bc0145baf9c8e4835
"photos/L564,ig.jpg",15968,37e3bc074e7485e68be71decaa889a6509fb1777b267be18b5ef8ca137965ef9
"photos/L564,rl.jpg",248391,118a78d890df404c9a63a1956a28a3868d645ae647cb72d5b5c4d46d0ac7db62
"photos/L565,ig.jpg",1522,2f61f77ff2635e5ca3784a6f4927ca40ca76614f5e2ac4d64003daddba27c17e
"photos/L565,rl.jpg",72228,976aff7e5957f556481f2cd967679d6f59a4f56b471b1f76a4ed22f739b4390e
"photos/L569,ig.jpg",6735,a5c762e55a157f72db502b9f5a3033cb04beb953c73a8bcd59b3da75bdfb1852
"photos/L569,rl.jpg",93204,5ba98ceaebe53efe267219b28d29a643d5813b1e6749b0f430cd93462287a60a
"photos/L582,ig.jpg",8330,e089f877a4aa84ca31108c31f7cd7b46a678743166bd2c819b04e25cb6c0ed9e
"photos/L582,rl.jpg",48653,acba133e7a0fe76dd7b476668520d99f7796f09bd5612a874fda4b73caacd2cd
"photos/L590,ig.jpg",69389,4dac44c7aec14c992acf95dcaca545e13df11c530be9f8610330fbaae549e563
"photos/L590,rl.jpg",499026,123fd5781fc576d6409b9ac5587b860b13fc92b96ef4bc2e68161842a93a69f4
"photos/L591,ig.jpg",16307,7c5a77d1292f02959a9abc7baf9bcb4483f06a0516a6bf4c049fb93cf2150477
"photos/L591,rl.jpg",1849796,c1fcee9630873fca3837a8f8138d0612d0f0e75ae9d827ceee844af98bda0913
"photos/L597,ig.jpg",45003,071c5b4845f962887387691506c5c525f058aec527d6631f21ad140b74cf79b3
"photos/L597,rl.jpg",448305,d781ab0f82957ecb9d3b2d1c62e614a39f1edd1d5dfd7f3baac1580c7fa9d64a
"photos/L602,ig.jpg",64750,d2b8e00ffd5091e9b56ab18bd741c5cdfe661079b87a1af537db11ae4947b8d3
"photos/L602,rl.jpg",41683,abbdb3b540f93879e04ebbbead003aebc03a5a0650ff65764fba6a60b41ce8a5
"photos/L608,ig.jpg",17074,b8b45a684719c3efaddecfe4adf3918b76f7320f8e0841b3edd3fbb632befe3d
"photos/L608,rl.jpg",111697,ac81520f07c5655ede279e19f3e4cef1ee69d6156b9e704264e929d5eaa9b172
"photos/L61,rl.jpg",142653,f722d77705cf15180182638f7c8adcd00ab2ba96700512fd00670cd34506d754
"photos/L613,ig.jpg",49531,3f48460f214fce9af7e2c3387cfc961330eac4f6266aecf066c8ed08e77c386a
"photos/L613,rl.jpg",32769,b74b7b957ee4a21612c1a6ba4e82a1c11eee29c4192f37ea39f8c8a1a8d735d4
"photos/L615,ig.jpg",331753,44f5bdf88468fb91c7e40152a0f557460f9f765ad1e796a0578391c30a8f3f88
"photos/L615,rl.jpg",118594,a06c7131449dd248ab23f8a6599c4747558f8370b69e4d4cc5b987d62aeeb61a
"photos/L619,ig.jpg",79940,7bcb3582b644fdfcbaf3410682b96bee9092eeee976c0491f7627478d5a11e7e
"photos/L619,rl.jpg",198934,3308467f91c9607f7cffd2c5768ccc98d443a1fbe3e5c9dbc69b6f3ffde7c08f
"photos/L629,ig.jpg",24246,ba7ffdf1864bd761e2d5253e16dee2e992e4efe7adf6d386c8cd538fdd3c0667
"photos/L629,rl.jpg",47537,bde0121203f819fb09cf6a102736053f734b6f75f63d89faaa81c014200e3c3c
"photos/L631,rl.jpg",169782,102e76305fa4e61b4ff8c8f7d9c64547e6d2920001c659437ad9f138d5f87008
"photos/L634,rl.jpg",160791,75b676f23f5f909d4161039c18d4d3f8a1007dcb7d34823934a2487a8e59510c
"photos/L644,ig.jpg",86636,2b911bcb3bb2152323a533bc72bd853af38302464aad81e1a31e9bb4135b5b3d
"photos/L644,rl.jpg",188051,7d9771118c434f670fdfc01142e78fd99337e4367be8565c9869f33368862ff4
"photos/L652,ig.jpg",42375,3a4818f5cd7125c541c2522ddd1f5c8763b0a346f4e9749f722463ae44f1912c
"photos/L652,rl.jpg",338459,1c809a7de23ef9f439d797f53a23c439f72b41bcebc31308da88e4b3c74c1db7
"photos/L671,ig.jpg",16972,539046ce47b1980a88c6c6ebbd0a4076341c3bd62de9615499d5fb3db6ba28da
"photos/L671,rl.jpg",36822,f91a5594045d2d85cb1f0ba46cbf06430bfe007dd4e022bf354f6da7b4aefbef
"photos/L677,ig.jpg",56078,802fc6b61bf199095fac76eacec1e2d112b9765a1446a54a011df84c28db30cd
"photos/L677,rl.jpg",107944,a4839e10d43e631548b28927d95086670c752dffdc5956cbcff9bfc50a3f6180
"photos/L679,ig.jpg",35082,06f67a02b7707012d9cb45c985559712185f7d7f8f892dc8f3e3fc883ce873b1
"photos/L679,rl.jpg",113438,954bad359f7f5dac89d5c3982285a4fb1ad83764baaeb306051f6b9856d1acfc
"photos/L685,ig.jpg",51523,c04194f1f443197c16b99b8da821fe7a073f5397aa111709ae223657609130a8
"photos/L688,ig.jpg",17859,ded2e209883aceb18d67de3b4b71a03eb6fa3e2589f5d72824e8b14edbfa322c
"photos/L688,rl.jpg",148801,76da9fff084913bca9ff75263e3d1902331b029fb30d7514175f5d279d461699
"photos/L694,ig.jpg",16002,14f9402191298f4c9cffaad40d9320e24f603b48b21ab1a543d643781bbdad6e
"photos/L695,ig.jpg",15096,196c294e64620ec42bd150c40062d1d8b811db68a0b478e83e97a3066a0449cd
"photos/L696,ig.jpg",20138,71b8992ed62ad35c20a1b1f91b30eabe52bcebefb067a0066eb10b70542cb3f6
"photos/L697,ig.jpg",18654,ff8e7f745dbc3e7e7077e758d1b38ecef521c6361df9902d0a37c47814eab9ef
"photos/L702,ig.jpg",16464,6a873db83d693d34ceb352c1eb619ee86bcff276ef38c609a456c576a6b9070d
"photos/L702,rl.jpg",207303,22d7e2533b68f9b24134f810833a324b5b4d8a8c1b92231f0b4509f6ac52b897
"photos/L705,rl.jpg",77108,a3ee16a8e0da5681e032693a9659f184ace54577358ba7a2f91f22399aacbb60
"photos/L706,ig.jpg",42829,3ac8766d15b3cee0600b5878b64b8535e41aa9408c282a9a205be2cd1ff474dd
"photos/L706,rl.jpg",54616,81ef6b6baae1c5c3a7fbce3f629f8747e20bed879ff28a2753f277662347e8a5
"photos/L708,ig.jpg",15723,98ed31aff22ddbee5cd591f83306b5d0a715a56bbf8dbeaee43bba948031bbf5
"photos/L708,rl.jpg",195542,d99808e09c1b0b0eb96c929af8262f6aa65c8c1af8994689454832a124aaed22
"photos/L710,ig.jpg",3598,d2d512c4c2478749fe045e0e94769687e0e00cd8bc8c0479436ec693e83d1c7c
"photos/L710,rl.jpg",103273,b493d799e5d4cd1f7c2e292eaf47c2ffeeb1a7020a6acd6007ccef2e111297ad
"photos/L714,ig.jpg",28539,a1ec9f482fa5426a454de0e1529586616b64e7213621da9978833760fb52f900
"photos/L714,rl.jpg",118917,d565d7ed4f7145305bd67ab43d5f7c2681f7dd7c17334e68e042e4aac90a5b53
"photos/L720,rl.jpg",65542,32396b5a45101192cbf4815706c6ebfb6061c011506da1c2e16babb72ad5c5ce
"photos/L732,ig.jpg",74429,9730c68060fb1c0d036ef75c9f39370e2a5c981a5cd2c3cdcc03e8d979db8376
"photos/L732,rl.jpg",79627,6af19bb0f7cb694b98341ad66ad8a356cdc88e24642ca3381e2d9630b22c3c31
"photos/L733,ig.jpg",41417,e007928fbc15523f2e047ff7c2dcf2b9745d9054c84724443eb94c0654ec8998
"photos/L733,rl.jpg",701225,3541e1f81ce58a02abed64a911f88ed94d86c577d9fd0e05541ca3dde0e01ab8
"photos/L734,ig.jpg",149340,5c7259d3ba10f227dac7d111fa5c39b8582350f1198faa6104f255fd63af5430
"photos/L734,rl.jpg",701708,ee58e68a5a1e5255c81f0ac3faa3e9e725aef241f9551eddd08cecb1b79c2634
"photos/L744,ig.jpg",9805,9ad2ed7c16d4ad748df492cdf9519b1fe7006b24a4d0ca09bc163ad8fae46149
"photos/L744,rl.jpg",65846,6f8819de326054237707253e95e8cd4aec038e1c7c810e5f5d7eaf6b756ccdd7
"photos/L747,ig.jpg",75996,c13a0645394082d3d30d7f649abeb0b017581602184a5576baee341956102a9c
"photos/L747,rl.jpg",74692,788c40f287237526bd23d4989c12e2c935ddde240d668865c1da7ef50078ead5
"photos/L749,ig.jpg",36793,d99c5805f07cadd16d7bee57302c2e8f7bdbb8aae8aa2884cc0b2422f4e4ab0b
"photos/L749,rl.jpg",60389,4ad1a37f140d3825c518ef3851c8d0b3bc9c17a70403f701a8ab912d6de2ead1
"photos/L803,ig.jpg",304737,7a9880341c15d6a88097e3dba27e60f79dfe2df00bdb8399533e50c3ae665c2c
"photos/L803,rl.jpg",189429,989211556d0d542f80cda598c2b0b23fc7bc6fb1c14c3c0b1060b8b3d6890245
"photos/L805,ig.jpg",63606,86b0c6654b59a31adbf5133d80d28853dfc9a72bd9dcf739a0150bbd98099d6e
"photos/L805,rl.jpg",225460,93c3e538b35e03b77f6211cdc4aef2f0c4613dc1b3db2ff690bef408c9ac4fda
"photos/L810,rl.jpg",51599,cb6038616caba74fbbb9d0504a957b20f93237bdaf7137018dd0fea0f2416f5c
"photos/L820,rl.jpg",132778,d386d6341ee228ae32b87f4a651177560e768246d5d433229a202a8feac38944
"photos/L822,ig.jpg",318537,ee1c5cf263b44fd9376f1cbbdce1e987f3629828a580dbcb14104263649dcd24
"photos/L822,rl.jpg",548327,6c846b813f37ed580d5a6b9b9886f1f426c2a2cfe7f4d97483cb5ec7e60f35cc
"photos/L825,ig.jpg",7901,9f39b05ca18c4962db8148990afcfd1f197b8fb9c7f207a4598ec873b40e9265
"photos/L827,ig.jpg",5964,6cccab0ea9e6cfbffec6d456585d1a9b8e1b90bc6a510a0421c0d87715be329d
"photos/L827,rl.jpg",190072,5be878a76e5497d92dceab66baae4e9c30541c39098aa20a30da351c5781bf70
"photos/L828,ig.jpg",5723,a9006d7d47177dac4afe56b3dcf020a7c13124a3d32fdcc02b8d8df69e6e4237
"photos/L828,rl.jpg",437205,5dc36fe30489cbc75b7574136c7925b412522e898c44d86b59421c4c566dad2d
"photos/L829,ig.jpg",4007,33529257968e3a4dc76746f4ecbd5b87789220f17e31a07693b4a0ddeeb1945e
"photos/L829,rl.jpg",197158,fc4fa63d3add2dfb10a00f39a4c61079883a6e358ea3808e82f9613edcfeb0e8
"photos/L830,ig.jpg",6442,0f257ee0cb2e71739827c8e5430dc54d66c901696b6d20fc40753c18e109569e
"photos/L830,rl.jpg",136537,9f7dbd59d3858ac10402ea31e7d5a30b8bc592c78a7850f7aa0af939a728cb01
"photos/L843,rl.jpg",19977,c1d218abaa2521886a26474256b2c76e6274a2fb667a2b53c05f455ffdef71dd
"photos/L86,ig.jpg",78332,84d3666f90c721446602fa9a409a24596d5cd3ba23793c28e155f91fdff8a5f7
"photos/L86,rl.jpg",64761,abbba802c05a54739c505816119f4346cac07c42bf481065a9127d96c24a7d96
"photos/L87,ig.jpg",8878,ae543418f8b0b5f7d48a7f652a51a8466785b4a3f9467df028ee211007588752
"photos/L87,rl.jpg",56045,fd081d5d3be103ec4a535e4cbae82db8b645a3af945a22591c93d023d252f456
"photos/L875,ig.jpg",62933,aff88ab9eaeebb092ce3071d54b4c1fddead815d6d41aa010a9b450ea2f69ccd
"photos/L875,rl.jpg",113188,dcecd9a93a631e96ae9b6ae054d7a3b7cad5d2429712d4c07b6c5b09944fcfb8
"photos/L879,ig.jpg",2026,b6b3656fe0d6601ac8829a30973437a164035d6b7dae2db5dad3d42f852c0497
"photos/L879,rl.jpg",10180,84ef790b561905ec8586388b10998bf748963e1f95848c96b95a601fe03ad5cd
"photos/L880,ig.jpg",3087,d7d66535e352f1ad3e24cc33bd0e8d886a054d6e19e5a4d563f89f745aa8cae2
"photos/L880,rl.jpg",7774,02f4a2c9216c6bb69352563db43d990c6c7e8e7f73db80c7bee4d98da86950ca
"photos/L881,ig.jpg",2444,2b1fc7ede7f65c51eb8da3d95775e52210b6262cf7002f19aaf055ff72fa6764
"photos/L881,rl.jpg",32092,97ff1874ab563a84b8aab79eda00588022a8024c71af480818a8a36f61aaf3bc
"photos/L882,ig.jpg",2392,2fc896896890a460cbe4d5885505b5c83b585a46f139b191c6ac4573169b53da
"photos/L883,ig.jpg",26408,71a31bfa0bf21dba33c3d6257a43098693e9fd25f3f9f99a77193dc0640bfbe7
"photos/L883,rl.jpg",44812,5bf318c3c80cb34bc8fbeea96005a9fc6d6ee0eca4dc04b506f47015d69fd5ae
"photos/L884,ig.jpg",10072,86259f855a44410ba13cb885d518cfb848c95a62285d8ec98d0dbe6422fae8c6
"photos/L884,rl.jpg",25389,c1d31febf2918b4a6f9acf241b892730869b9d48b7558005578d9f22d01ef053
"photos/L886,ig.jpg",118496,fbc82dd5eab67f39c27c9544927533f042e091a994acdb40d645e41e636ccd13
"photos/L886,rl.jpg",62029,c5801f6f2c1257c0861365f533c53ede99055609683c2683464ce990698319ad
"photos/L887,ig.jpg",174687,1e06d9f73f54bf0c69d6dfef019d7172ffc2dd4ad03166c53588cdeb712ebd83
"photos/L887,rl.jpg",209668,7e7a9b2bbae4caee881f845dc2d01f045a2442367c24cf486874b62014c1d6ba
"photos/L888,ig.jpg",38852,1092d40942210f72aa3ee0665012b1b103afdaeca1c04e41fdea54605e635ed4
"photos/L888,rl.jpg",290201,4cc21b5f1d70e97d1b9e9b536f2f6420f9be91918ea0d72c3459b1e161d390a7
"photos/L890,rl.jpg",95446,df603779afa34eda6dff0c5f713805dc62e2ba8832a7b9f5af1a50b078d2c047
"photos/L893,ig.jpg",132785,a6b7ebd225ecffd52c25b0676c7cb7a8681d781fdd6274f07240fc86bb7342c8
"photos/L893,rl.jpg",230946,f31f8bff89d3d8cd4849bbe6037b90acdabd28818dd1f6875444ed90cbeb339b
"photos/L905,ig.jpg",340583,38135edb5df0348230517927be2d0054576c13f7d9e83142f27689d8d7f58a4a
"photos/L905,rl.jpg",184424,770f9b2f56471e44da71e7c9d1bd9ff739cd531cf2836688350ed1b022140fd8
"photos/L906,ig.jpg",594731,cf711b2784d5660cb0c378fa1abaf039d1a75fdbae5b4ba07f8daae9a9ade249
"photos/L909,ig.jpg",401615,eacfaa16055d34ec205e299548342c8303d99afbad9d393cfd6c3e108f77d049
"photos/L909,rl.jpg",311145,f38fad7aed63fbc8862a88b498bcaf18ee8cd59e9ef5db650b5f3efa94d0900d
"photos/L913,ig.jpg",67179,5817912ae79c302c85f6153faf07d57a058db606b350a96b99a72d575660747f
"photos/L913,rl.jpg",42193,17b8399b1ad819e0889171957a72eab8fdcfb2d5221024489e5b4a6432345220
"photos/L920,ig.jpg",63969,80c5cb8bbe4f7f5ae78083cf78c02460f7bb59aa4b302f5205707e19688d5b04
"photos/L921,ig.jpg",133366,8dc514440fa892007f9b4089faf8a5e69f4ce740a273fd04345a359276c90356
"photos/L921,rl.jpg",177896,b300d5104ad345403267c79955dddf839438d780907b0ae3b50bede0cc05c93b
"photos/L922,ig.jpg",136082,046bf21b8c416f1447c1a33a310b6d7909698d02f215fa154199832144acff77
"photos/L922,rl.jpg",186305,6c0a838a568c417a7ded529c7d5f28d80f228aeb9106b38224287871fc6723d1
"photos/L926,ig.jpg",44704,3637d1710ae77387776eda731a18ab8aa207c3dc47a5d17ba5038d5b9c545d24
"photos/L943,ig.jpg",30609,5a0d14833af064336bdf4b1406b874905a96d8b62b4dd09cd9491437f8f4df46
"photos/L943,rl.jpg",100534,eff4a36dab4cffebe87e34247edb88396d23c83d7754e695574b450621f8f337
"photos/L947,ig.jpg",146568,c5e8b6f841292f3af7187fb9e11b6e25f1d8bd670e4a23d3de624abd80617986
"photos/L947,rl.jpg",148382,a3c3cc1b1dd0d4fd4d5cb7e309877e21e9c02b1b309abd12ef9cc1522a28f8d7
"photos/L982,ig.jpg",26032,cf1d6e76e0190edc53bbf7c9dc9c64b4d5f51e29c2c1c1c86fd989a835bce12e
"photos/L982,rl.jpg",34684,2ab28e1c3878461dc00372ba32b2277d44c6d1904c8a2f716c5f4e4507dc93b5
photos-reelles.js,5900,967f2a819210c7c61dd824d0afbb8816ce759a3d0bf21afafd1c31f379b53385
progression.html,7548,b777a5069ab953d7a2b822bd8c2610831e6dc68d6cb69868d31b117253599679
redirections.json,272,3b5b27a61aabd8753c77187aad509e4087645a057aee0c2ec1cc4ffc3bfd1361
retraits.json,827,2fa01b02835b95488933cc3f4d6599dc87be16cc83cb86bb558f6b436f64c368
robots.txt,72,0c9bde572b0d049181a33847dbea8356d8272f2f60164b55f644d8df197a9ebd
search-index.js,37568,da128db021a2d7bd5523e39188587ca041afc9af88763ea841896f83996d834f
similarite.js,1525,a78155352cff8a9f807543b6246f8ea38741b04bfe2e3bdbf192dbe668560fc2
sitemap-fiches.xml,61021,01cd0c03d3a0b51c8ea361446bf58029a9db21c4308effc60eadc87c78350e36
sitemap.xml,63007,fff281bfef0ca8f7d5197ec2af32241cb68718422f8a73d09838d109debb224a
style.css,81055,82ddcff3997c4c84988d109c73b2bb059b42ad83d8d8ba72f7bb0b7276dbd734
v-corrige.json,162173,112e06eb555ff239c4ca2920eeba699906d4b9c3c31e3dfcc3aa7e7bf43c1eb6
vehicules/airboat-09.html,17745,0b969f30755fdd044dab5579633644f5487d0e6c430587eee7a1a1bde67137b7
vehicules/airgator-airboat-09.html,534,b536a039eb3a76f6d603e793e9bc1107ded2cc73909070996ca6e34a8c191e9e
vehicules/airport-bus.html,19634,924970ffe11121df3ec2cb569fe308f1b0141c1566de0f291f082281c4613dfe
vehicules/albany-buccaneer-custom.html,18452,e157fd60e8e390eb293a5046b192180ffffb9867d8ee802ab9df84f29114b3ce
vehicules/albany-buccaneer.html,18320,3a02e53ad4c955b64bb260767c4809ceeb924ad7d7ea04b83a2cddbf20339d6f
vehicules/albany-cavalcade-xl.html,18161,835981ec56b8a96c3dbdad7f7eab5f78bf6cc6be852314752faba5dfdfe0a4e4
vehicules/albany-emperor.html,18266,a23f24c8d2093ee0c88050ad3c76d62e1fb70dc8edabc31c3113334bd96102f4
vehicules/albany-manana.html,18289,a7fa428a940b7f16ca4dd22f06a51ff05b9162c91a6dee1f7da7736a495cce10
vehicules/albany-primo-custom.html,18083,fe1d940351ee6be8bd26c15e89a314958b79831132617c56ce3097d629754770
vehicules/albany-primo.html,18285,7f44ecb184fae9ae425137b6542ab533194595031f6538d0c40acb5bf1c99c26
vehicules/albany-v-str.html,18193,966b7afbcc554d0830ce936772bfed6a4432f4839c7cbf04ed8dc79f3a5f59f7
vehicules/albany-virgo-classic.html,18204,c2e3f222f2d8f85ab7f9f77c3d02d7abc0ad1b3a0c684953a00bed319a0ce414
vehicules/amloco-ge-genesis.html,19686,bf19bf1cec82f9b92dd0a055946b61dce58dcdd2ddc5e5c8fae02b3b54ea05c6
vehicules/annis-elegy-retro-custom.html,18531,98132981c13a2ddbc5aa7acd76f566f497a7ebc180894d24e87715b5684a381c
vehicules/annis-futo.html,18179,adc35e3bec61dd782f55cccad772893a3f7ec06f0dbf07d8b583304f4c3af29a
vehicules/annis-growler.html,18163,70283d4c1d26e7d1383a679d172cf808a242dd053e44072f82bf2faee39b33c7
vehicules/annis-hellion.html,18771,3671005cd2a5e919f66f9a77451a03111806e7d91c12af7ed81209f8d2c85445
vehicules/audi-a7-rs7.html,17855,3e216e4bcfdd3df35c071fbc32dab133c4f152eeaa0ec71b30e2f25a1f605e1c
vehicules/audi-q7-2.html,17747,24d64a369e73167b4bd81d16379336cc8c46a7ca42be4771690422db61debdec
vehicules/azimut-85.html,17497,b0b732cbdaf07d9e6e7c09f75cd18403d4d61c4f82dcabe8076f8655de00a8ff
vehicules/azimut-atlantis-45.html,17695,0a7fc83fa4ebc35805b762b5bd534653435c26c320bc38810bdda12ea87ba5b7
vehicules/bavaria-sr33.html,17529,3cb450a1014eef7dc67f4308e40a8a8517644dafb4c46d810948abca92ff1370
vehicules/benefactor-dubsta.html,18142,3974ee6490682a8667abb7b7b06122a1552daa5f316f179dbfdc4001337b7a5a
vehicules/benefactor-schafter-lwb.html,18316,6fb455162f4cd7787fad68ad06f1d5b60f1827c9f5736db1f4e3144f8750af01
vehicules/benefactor-schafter-v12.html,17921,9c2cb63afbeb8f455ef24010ed18397c689b27249b405614ff759f60092cacc7
vehicules/benefactor-xls.html,17946,316ea403857e90f96e9bdd93f1be929d86c53e3f35d061e5cbfa9b6e72cb1d6a
vehicules/bmx.html,18415,60d6428b9572bb56f5bf6f2071dc11f068059c295f2864e84147383b9632518a
vehicules/bravado-banshee.html,18234,79be491e0c6c9ebabf49ef8214a653ecdc055de727c5d92a29203d04e382c1d2
vehicules/bravado-bison-1800-police.html,19452,d0f564db9ca8c5b2cd055c33ca2a6498b7263c32f1d620040930294c7caf23af
vehicules/bravado-bison-1800.html,18167,ac2cf1a8537c6516bdc6ccf010d459e36135a52856c88c04e01705862fadee37
vehicules/bravado-bison-900-95-monster-truck.html,19295,55333e5eb39177620b5798b0d334a14559f639e64de3c0d0a4be8ba0cf260471
vehicules/bravado-bison-900-95.html,18605,bc8d0b21ed103b2bbc2a06f2133af5b3a941a2bf0c0046b7fced4c4d6daf1c4e
vehicules/bravado-bison.html,18451,af8b5a509de7d40702667c325f748066519a640abefbf7d643b2b465b2b37a7b
vehicules/bravado-buffalo-s.html,18059,4c1ef20b35fb0a981eb6582b9701a8024d82120f2f1a1244613f561c8456badd
vehicules/bravado-buffalo-stx-pursuit.html,19551,36cbe3e82b20af9e3bb51325c53e46f2b7a78aa3de77bb94561a7dc55de59824
vehicules/bravado-buffalo-stx.html,18258,8db2b54cff74f05e06e05c536a7f5ed20f49a05a209155f0cb257f1303caee37
vehicules/bravado-buffalo.html,18113,30b02ae38c81f5639c67142c1b6a9e97f515c8d57c4691b80c4843f3224dd9e7
vehicules/bravado-dorado.html,18082,fa6a93885a038671e7d455dd80c8aa429aab89b5ce2dba7950f9181604f78987
vehicules/bravado-gauntlet-classic.html,18453,c6f4d6612ff63729c1d46614cf85694fd523332caf2c957bc0752879a2b8ed54
vehicules/bravado-gauntlet-hellfire.html,18574,54cba6b4d841087579981be2b3c3fac4e5364e18ad2416b2908c3b028b183763
vehicules/bravado-gauntlet-interceptor.html,19765,82708235ea396c875752065836974e6a408d4bf377dbb3b54ffc9bbb349e1f97
vehicules/bravado-police-cruiser-buffalo.html,19406,8e54613ff750791015ae9fe7ee20675570e6562a5a59c3dbf09c8e68d59e8790
vehicules/bravado-rebel.html,18361,f6eaea65df11c8d8c61a4a63eb2b2472f9f8a9ca35b2873ddd047f6f44a95c4e
vehicules/bravado-rumpo.html,18192,63db8f6a4414d25001ece0261bb411f00d38d1827473af37c821ca95dff278a4
vehicules/bravado-youga-classic.html,18498,73734ac1586dffe3221484b76c1b7cb757b8118f85b82a24836548d80c8d348e
vehicules/bravado-youga.html,18147,78b18ff02c2ec303de0e0e12bb431b2ecbd7c8c34d0c1743fa30d492982fcb53
vehicules/brute-ambulance.html,19808,fa13418d5ac13da293c2378d612c2f7454810e875ef1db5a8b61728ff0517f93
vehicules/brute-boxville.html,18351,12bc4aae18a1c14f5168662e4e727b45709b5284ff984ce2598ce2bcc3a4f082
vehicules/brute-bus.html,18766,c61dc209d40ceb212c3f1c4d11d76fd61cfb86a10796975ee4f006841c776de8
vehicules/brute-camper.html,18064,ebaa466b491137ec4e77a8fab01529555373d2c5d188323a20487eb0133c65b9
vehicules/brute-police-riot.html,19247,3f3dcd7873933d807b594f14d4fed7c85648601882d67540a5a9473fb270e5f1
vehicules/brute-rental-shuttle-bus.html,19324,bcdeefacb3ab5b241b27aa404004b36b7b2f6f9f9de22f2e6a6c03b61cd067d9
vehicules/brute-stockade.html,19673,a634130fa675f1556d8c646422fee68a63a5c6554367a7b41f433d7321d93a8d
vehicules/brute-tipper-6-wheels.html,19956,786bbd6cec1e157292e87260676923b47fa2d085d26961bea23031aaaef6558e
vehicules/brute-utility-truck.html,19735,02a5fb8dc596ca62cfb95f28db01f5326697cabeb0ef77e2740c38f27a1ea684
vehicules/btn-delmar.html,17160,f679314c9c5a084e30a47236bebf25277ccf9ecb62dc169b5698079c3efb8fb6
vehicules/buckingham-buzzard.html,18696,a5b98ed5657a2f367cfb9ce14fbde43b571d12128dcbefb9477cda367147053f
vehicules/buckingham-luxor.html,17789,ecbd41f06bdb26079fab7b0cf8921f549d93b3fed6c744ab91ceb594bb202dfd
vehicules/buckingham-maverick.html,19078,551b3100efc2d20a9b62e4fcaa110bac3c812f37315cccefd0bac2d6738b4a0c
vehicules/buckingham-nimbus.html,17833,32dca9ea6b8ddcf841e127d532623391b677824d4afbc46db1309a59929c2773
vehicules/buckingham-police-maverick.html,18709,f145e7a75ef4c9a5b736ca8c69ddd699729436b7b1965fe0bb70d8b77ada9963
vehicules/buckingham-shamal.html,17860,98ce3736520f59259646ee6ecf916074183444bde811553d7c169445ca0798c3
vehicules/buckingham-supervolito.html,18807,de369070cd29396fbf831776ddeca4f4cc0807111ba503ba93a2993c293f64fa
vehicules/buckingham-swift.html,19024,c86ef59232d8f7f355226e4ce0606d5be3db819e9183a55ada66d361d07920a5
vehicules/buckingham-valkyrie.html,18989,e7879864862eed7ea5b87ed5ae9390a101b7b0e268f6347515cc64f4cc3518c9
vehicules/buick-reatta-convertible.html,18303,0e8d08ba03b1fc8e906c21b7f319e6978dbfbe29c0fc9813652b3d9152c2ed96
vehicules/buick-regal-6.html,17849,27eec7df7721816f5039f83edb1b0252f1b6620007eaefa1c6c5cd6af749195c
vehicules/buick-skylark-6.html,17971,7d59c7161c5166c490663b2325e352770c320e80bf5a4b3a287a388f8aaf55fd
vehicules/cadillac-eldorado-1959.html,18221,414d57104802deac2715d11f28f0de0ccc523f12612466854fbc765452907d49
vehicules/canis-kamacho.html,18649,79a96dc9357e42d26e876a3f3cbb0067077e982f734938423cd882a250395ee8
vehicules/canis-mesa.html,18220,3d2d5f3002419e260dbe75000fca41ae3f4296cec28c2afd3774ceaf8752ab53
vehicules/canis-terminus.html,18091,bdd52492799261de3f0a0ef91100f7c8965411211bda6e8b36859e977b8f66e3
vehicules/cheval-vectre.html,18042,de88cf80d54568ab205fc04084c0b2f764c7c49ea4d61a30e2f44cabb77f8cf6
vehicules/chevrolet-impala-10.html,17967,7b2acf474c4adcdd902c5c507883a15b5d7554d77e5dee97c3538a1a6007a54f
vehicules/chevrolet-kodiak-gmc-topkick.html,20040,0544627ffde70dd644cb027eb6d7d56632425d7fb4b0f31529ac58d5ba386945
vehicules/chevrolet-silverado-6500-hd.html,20046,b52cc7819124f3b781ffe34a9d1c3aa32fb604a3ce2e6b3f8d4058a11cbae0f2
vehicules/chevrolet-sonic.html,17945,f171414081a9bbfeb27646cb5eab9fa69a5e753cc7ba6917f5be3f950011c621
vehicules/chrysler-lebaron-town-country.html,18371,e25a3840dee7b81071d507f9d004d6d043fdadde7e5ecb4695d60b5f059a51f2
vehicules/chrysler-sebring-dodge-stratus.html,18092,1e4e42e1fee18dc93d1ee7d6966b5a4e2d051f58c3d6f6422c308416a96869ad
vehicules/chrysler-town-country.html,18592,eeb9661d72f22623d13ac03c2f8dc4cf52ea7261779ac13585f382c4cf3e1476
vehicules/clarion.html,17644,3c6c10ef64a0bc4a001a1ba0cde3cd223cf5fc67bb570698e2c5d46660919785
vehicules/coach.html,18054,7afd73ed21468c0a3c2c005c5d007956d15d03d11101de763de530c31c41cf37
vehicules/coil-raiden.html,17997,6eb14a2e4ab605046a3d279da13162d28bd1808b75982d29cc8ee48a7982319e
vehicules/contender-39st.html,17590,8fc18a17470786e8182890365e825d30e53eabec552f6ea05d78a0ca2b86966e
vehicules/crest-kayak.html,17960,d351d0751f2992daf9739ccd19aa6ae9e20e46f5e68d1c56006de6b626e3af8a
vehicules/crownline-275-ss.html,17625,c70229da579e9679abd2990c50e711557545d9159b0346ec89af0e8c3d40b592
vehicules/cruise-ship.html,17560,34431210e214d887e965dc43d698197605ef46f956659ad77c2092a2afdb473f
vehicules/cruiser.html,18570,6312bffe70ee9c35963cbcfa6ca5548b15e03f5f591b87f857a841ba1d17f11c
vehicules/crusader-boats-gfy.html,17500,a0b2acd1302d7ef852f36334d1aac854900d53be3eb0a4403ffc0fdb724ea102
vehicules/dashound.html,19728,717ba45e7868264f86a3ab8b7d55a3fbaeb5292d1a3fd12ddadfabd5f1c46053
vehicules/declasse-burrito.html,18286,aad10842ae7a92b2984b2595cc65d5bad50750c740aed2f1c60d100a63945efa
vehicules/declasse-granger-3600lx.html,18187,a84d7642a43dae5638190d2d41c624e53f781ed2e775e20f7efc646ba756c700
vehicules/declasse-granger-taxi.html,19980,ad7c66b44af844c32681d03c1515c636bf112d3a521467aed966d4bad290e2a2
vehicules/declasse-granger.html,18079,52a9ba64371b3638033121898161de0b918de49ebcf45808868686764e422219
vehicules/declasse-impaler-lx.html,18488,d33fc44a22ea8bd0710720f73c18bf53c5450ca8ff2938a6c6c9e5e181d52781
vehicules/declasse-impaler-sz.html,18362,9bd07cc72bc9e9aff6287d22ca4878ee53c756045dceb30749b2852d8111d02e
vehicules/declasse-mamba-gt.html,18656,17ba790a90932e4f440b456329e66ee1e0c7c84c36312806c89ea8ffb301223b
vehicules/declasse-moonbeam.html,600,25f4d81a35bbdb145b0a263c4a38edb66f9540a368b713c582abb696e85e77b1
vehicules/declasse-rancher.html,18375,afd62eeca69de24fd446dd899ed239c6984a875642311453fd321f27101cf0b6
vehicules/declasse-sabre-turbo.html,18443,cf2bdc35e05e658fc41604fd0412791b4ace561d5c174251d1a3a6f46a7568cb
vehicules/declasse-seminole-frontier.html,18201,562c45411d7f22fc8b1beee8c2a066ee262bf0c19867145fda023e3341916f06
vehicules/declasse-sheriff-suv.html,19262,6d1a633aeb6ef81725f60927f55d38c0bbef83bba288d9f5a6ad54d903db068c
vehicules/declasse-stratum.html,18002,fc19be0d23cde54ae8b701a749286084fe850dd290ce4a83af770289a1a5783d
vehicules/declasse-tornado.html,599,7e501143eb1f5e95db2cf2509647fd89723f18cc9ba45dcbecbdc0e2cff0866f
vehicules/declasse-tulip-m100.html,18381,fb43a76ddfdcaf1f41b4c4c70af95f4b819976cf07ebce82d3c9d16c47afa115
vehicules/declasse-tulip.html,18395,1a5f50ca6371b47c57bb9e57f3c4cd92533f7c90f16c7a2b737051677e083479
vehicules/declasse-vamos.html,597,4a03a49a387f4057e198f516605427402387a1bda3546ad16c197d5777cfb142
vehicules/declasse-vigero-zx-convertible.html,18758,d2cd7feb56918c78874f00b7133ef4ea0a6f4852d496be247a9f9a3377fe5912
vehicules/declasse-voodoo.html,18066,b3cb6813cae6c9529becba7389b05b2cd1c762f3965f27979567df5f6f6e036d
vehicules/declasse-walton-l35-stock.html,18819,15b07aea4339d0b3e7a4b4762ce7aeeb8a8eb886e23da70290e940561d77d4a8
vehicules/declasse-yosemite-1500.html,19145,38c085d67853ef184821bb7991fdb2d5de280247043ce3457e3d8291bb39033b
vehicules/declasse-yosemite.html,18620,3fba2b357b9f83ecd7ca8562fffcadaccf00d443cea07d5d91482d5ef982a3d3
vehicules/dinka-blista-compact.html,18299,b6b82c4d540edf3d74570b77a2f79660753603caccd5db5de5770f2f80dc8242
vehicules/dinka-double-t.html,18897,2e4c4883b905bc0852563a3289e22479c54db625d606589ae0d050937588413b
vehicules/dinka-enduro.html,19363,e516e9982355683feea2a6d4b1294d0bf11b944ab63f5f746e92227fe7acce29
vehicules/dinka-jetmax.html,17279,cd506d666a0094d1174d7b0a0d07dac35bf3a07784f6c318c0a760be2f0c3eb3
vehicules/dinka-sugoi.html,18165,7c2cc565c904211f5a2cda13786a4633da7a46c9f4ae5083f46e89d782bc109e
vehicules/dinka-verus.html,17977,35a0ae859cc9cd6b18b5c56a65c5b7dd28934d89f7784229f39bd0df3c86eb58
vehicules/dodge-dakota-convertible.html,18504,70d59cd3ecc978fa002252fd6dbfb9805a95870f819a47d19f3cd29c3b0a2ca2
vehicules/dodge-durango-3.html,17926,8860df766b03f3455388d17454888313b29cbbfe67b0baf1e0eeee0de9314fab
vehicules/dodge-grand-caravan-taxi.html,20256,e75d432e4ab6ec7399b6658f6b7c86aa1cc370c0a8cbbb18859615360073be43
vehicules/dundreary-landstalker-xl.html,18279,4064a8d3df03a0dfeabb8c096ca685377e9dab8b4ff86e89ca4b4ebc4e618fb7
vehicules/dundreary-police-landstalker-xl.html,20231,7fb2ee3f45c00aae0cadf74fd567284a1d59120549f9dc847ed1d59c5e9c6de1
vehicules/electric-scooter.html,18629,46161187d27eae37871e46d6b0e62ebc8363f67b251e50809faed0ec499d52cc
vehicules/endurex-race-bike.html,18591,b0578dd4f25395ffe5415666b608015abf07bfb02c43e92f641afa8e3f5af1f6
vehicules/enus-jubilee.html,18096,928529ca516842cb759e43b8e20dd6185e175e53868fd45e43b6527fe7a932e9
vehicules/enus-paragon-r.html,18213,1b41942494e88322e54460978f813c65bafc5c915d87dac8df33a4f178c16a87
vehicules/enus-windsor.html,18070,02c8d508329ae2c88adc5cc44aa2ce566b2fd2bfeaaeba0d62a10a2fb56a0ecf
vehicules/fathom-fr36.html,18049,6c1256cca2b5c627d3798566637b52e948a40b7a62aafe1f0fc2e33ef4296ef2
vehicules/ferry.html,17296,bf1c0dd46ec54a87322900565e6e8d4a6ce9383c72e071407dd2b92d60d95d40
vehicules/final.js,4527,12620c64334584db5aab5fa7aea1e5e082a385e1f12efe88740dc49845406d12
vehicules/fishing-boat.html,17398,a977c82e41bf246bb91f6244705cbfe9a7401d8ebec27b3b10c43ed3cabefd9f
vehicules/ford-econoline-4.html,18362,be36fad8ba33a87fd8bd02d4dd86732defea8338169dae1bbf14f7ca83aa6b15
vehicules/ford-explorer-2.html,17979,220aae08e83458bb9b4713d15338429974c117d4d93ae39e5a767d9ba2b8aa19
vehicules/ford-explorer-police.html,20077,88ea27f3d4125eb5c83eaf723ad18882501d70bb00f294f59a5cc682f3f3def4
vehicules/ford-explorer-sport-trac.html,18516,33d475771d7da1e741b0ca19c491e8313ca22340331467cbf759f1d430a1444d
vehicules/ford-f-series-3.html,18448,abd0f2e84d41bff66fd39f186aa7f72ba4f6b83049afb9302cc3355a0a084656
vehicules/ford-f-series-flatbed.html,19992,d6db702e79acfc1278063fbe5987878175876ed3d2024b66e55d17f103f548cb
vehicules/ford-f-series-tow-truck.html,20101,c85259d49562fe40d7930202f28173d365996f19f597634ca9c43d6b93977403
vehicules/ford-taurus.html,17787,0e899a4c4bb9f772018131ed5b8c4fb5c6b66dd2229d8b7588e3577bfd95677e
vehicules/ford-transit-4.html,18414,e0308b8ede699a4ccf70b99f1d1a224fa83a17869ebdcdd1871ab58d9b3bd82f
vehicules/ford-transit-cargo-4.html,18411,fd18b8b2a1dd2bf5cd83f5b109dea07b78f84d5216f411e67f003dd97d1fe7a6
vehicules/frauscher-1017-gt.html,17608,a412ed7ce9982c0503d221d2c2a6725acd3921b967ea76f97ef7654cabdaa243
vehicules/freight-train.html,19028,05903a76a5c116cc42485734d0a59d8729f85916133cb8cfbe436c6b2e577ba3
vehicules/gallivanter-baller-st.html,18117,433620aa5c3b9c691a3ac709d10ef6826d6fb264501cf696e15d1699151352a4
vehicules/gallivanter-baller.html,18231,cfe9ad4f96e7da8019372fc16638e4b14bb64e9e9e66dfc2fd9cfb24b00036cf
vehicules/gen.js,28602,61aa54e5deaadf65e147675df1e7251b1d457e81994c3323873b4b7e6fa1ff99
vehicules/grotti-carbonizzare.html,18448,92bd9f3cbfefa16251275c0b579b0a123d9fa5f7224739eb06b55397c939e6df
vehicules/grotti-cheetah-classic.html,18818,7a09928a5e0eddde6d6fd03a3d4e48bb75c37543b421cdd288826969d58f47d0
vehicules/grotti-furia.html,17925,6d0b1c2d03056b6c7e2fdb2a48fa7136f957e02ef1475da9a0981c3086422006
vehicules/grotti-itali-gto.html,18287,0a38ad5842ffed3a6b761b10d26f30343affeaf442399ee06f355738db550a2b
vehicules/grotti-itali-rsx.html,18193,48b66befa4a1253a278e532c78d3a36ce31f7a72b0ee4046ce34e2eaf05c7e8e
vehicules/highfield-sport-900.html,17415,3fda8d064c40e72400b12c48497eadddd3c41bc992f69fae4c15dd48ea724b76
vehicules/honda-accord-10.html,17913,2b7a2c6984feb0b207b891dd6393732e7b34828f1990e72e056864b755688529
vehicules/horizon-power-catamarans-pc60.html,17529,2bd9eba2c3c0734fe94f13d47461347eabea620dc613da3cb61ef78be7302c2c
vehicules/hvy-airtug.html,19486,a5ded1d9ad86a139c8cb0b14fbcd19baa951e01ac3a4af16ea20cd6706a60299
vehicules/hvy-biff.html,19375,700f2f2184548002112f4319aa921713d947c923a5903931a6f548fee3652741
vehicules/hvy-forklift.html,19487,1cd6650e3afa2149d028d4b6678e50f7421d9e0d743ee2b830430da004310409
vehicules/hvy-mixer.html,592,ca238e4a7970ff201794345196cbd55d21183776af14c076bb1984c1dcea8829
vehicules/imponte-phoenix.html,18334,8d90bf662826bf9ff24c38c5b1ab432f8d2acc73eb6419282baa566ad0b13721
vehicules/imponte-ruiner.html,18338,3121f07edecb8f7d498b253c0c3503d64ae449ed5286cb8a06ffcafe3e38b398
vehicules/international-s-series-semi-truck.html,19769,e2c2308497a3d0a722380215b11d5e737661d39e62b0769d0a30bbcd9fd47bbf
vehicules/invetero-coquette-d10.html,18271,9d4f86823d196816442f0011de8b97063495fc840b2f63a0a2faa8c56bfbbbfb
vehicules/invetero-coquette.html,18297,a1c6ca54721a9e63f0fbe214e58b7601c76e500a6d9af03cdbb01cd9c1dae3b5
vehicules/isuzu-elf-250.html,19756,d68e274269043dab02d00d2ad0185a9a24c72bb8a171430684e0fd266e0f3594
vehicules/jacksheepe-excavator.html,19760,855e94c5bcad2e13a4d07299cd9b0190ab55660996baa87261eeeaa2d9ce3215
vehicules/jeep-scrambler-cj8.html,18311,3c29935b289cf113e563cac18634b783792ced51eefa03cb9d1defcc0eaa4fae
vehicules/jet.html,17547,91e53cd892324b45b8cf6c0ae684d9c42cc90bda44257edbe39860c60a7b5263
vehicules/jobuilt-hauler.html,19849,405b302d9e2e0a18dc706668ad93cb164f526da1f074cc41d73648e71a91f38e
vehicules/jobuilt-mammatus.html,18005,b6480d69c6f01c6eeb690cff63a63108a6d90611ac6b9ce3e9dc5e3288744621
vehicules/jobuilt-phantom-custom.html,20075,916741458fd8aeebe058a3af1d3a19fa2bb73cae713edc2012b23e76a59063ff
vehicules/jobuilt-phantom.html,19348,d247a0f73c20abb1d9a6d72e6b6de719c31efe3339d1360daae9eae10eb0ed85
vehicules/jobuilt-rubble.html,18844,161b14be3bbd4e62c5825b1de94208404af6b43ae4253bb9e206b3c01a0a4ffb
vehicules/karin-asterope-gz.html,18156,5f06bd8e40a354a2e1c2d4cb6bf0d0a12ba751ca5c13d73a981ab7a415781a25
vehicules/karin-asterope.html,17942,2746138247218b07b5b3f4d63190e71fb214d7252350bde0182b80b04cf78b7e
vehicules/karin-intruder.html,18069,ebb9faabf49c3074656f0c8bf171ffe503bb979b8287b0a5e4142859e8f55f45
vehicules/karin-sultan-rs.html,18122,7c89ea3b358cdd88f7b72c567d37e1f16605e3ef6c21f2d7ea7b1f52f72b3fac
vehicules/karin-sultan.html,18220,78a30840a975e50d8f58ea394755743f9b3a8bfd2b800f3903c42da0ab985a97
vehicules/karin-vivanite.html,17926,4461e18b7d014e947dfdf72f2722080150bb29dbdbd2b0312c9ef5da691f1a1b
vehicules/kellison-j4.html,17790,81d6384783daccc147b40422eecbe41c65f0d2344b1c5891fc0e01fd643e237d
vehicules/lamborghini-aventador.html,17739,26e3105b5339e0c5446a0d170354b1df2c875761dad1a8b69379403584de3f87
vehicules/lampadati-feroci.html,18153,13bd61d7f59e87db50a35a61513b2ee26d9fe1c984f6dd3c7dc1b1c6093b6486
vehicules/lampadati-novak.html,17877,5c83384a3fd7af9c0ffb316a38b36c66671b7ef4674fedf53642bebb23b4fda7
vehicules/lcc-avarus.html,18624,df7cfebff65fc83cb3be0fd2543f45f96f93e15666214a332b524ac8b18dcf82
vehicules/lincoln-mark-viii.html,18065,3d76544398d966dc646adffd619094afcf083446feb8a2cd7a04076d51e5ded5
vehicules/lombike.html,18510,9e6d4c2f9e2d31628548a9735192e65e1238f58200a164f23ef05fb62648db8e
vehicules/lure-predator-l35p-police.html,17851,c632d0118563db40a906311471e493ea4af8316a3ef169b9dc2703e665c6c766
vehicules/lure-predator-l35p.html,17657,20e911cfc9fd6611c6871fc8c83841631500a7dec8ed9f7ad828b3c5e6957797
vehicules/lure-predator-s23.html,17623,04282d406528e1214ffd44c25f2d8c460dffc355043098312f6bd86fc4cb484c
vehicules/lurssen-73m-coral-ocean.html,17470,4b8d9d3678bad20be709cab1fa389591ef7fe795f9f3b115929dee3c0c4b6f07
vehicules/maibatsu-manchez.html,18577,00ba0c10645bc9dd9a366608a3a4dbc5322004236db2074eb8b6a03c0396cf13
vehicules/maibatsu-mule.html,19181,87b0bd8d7333532f703833d350d47d5d02055712f4b1449c9bda9455f692e1ab
vehicules/maibatsu-penumbra-ff.html,18530,2c069edd608c43741206ef3434a332fa17a6cdcd83451d9c7fd123ff33e12d59
vehicules/maibatsu-penumbra.html,18260,cf9bf2414901620bc8c0527bb24c196f630c48d05cab8a1cb855db40591afa70
vehicules/maibatsu-sanchez.html,19043,0c0a3d64bcde57ced41eae78f95c2c074cfa64f92edd4689dd7202b2c693e384
vehicules/mammoth-dodo.html,18068,98329728c5963b38dc671b4a546e1f28b2d90cb8dc7d723e08666f13100aa073
vehicules/mammoth-patriot-mil-spec.html,17730,523fcd6cb28598dcb89234a594ab995af7ecbef0780e0db74554723c966eac5c
vehicules/mammoth-streamer216.html,17991,903d6337b2f63a6d66ad3d7466a94840f8cd9939c13922a49aea5bfd60a4d4b7
vehicules/mercedes-c-w205.html,17936,115b80fc2c913e3170fe2b0cd248ed3b13c15c9fadb82b5b19764b101225641e
vehicules/mercedes-cle-a236.html,18350,9d8fcc950b9a399185d175cd7a6a0e54216e2c701ae9aabb1425cfb686fdfff4
vehicules/mercedes-sprinter-2.html,18342,8e305e23ae96f9ec179547e755d3903246b50d37e396fc277b0baea53722f50b
vehicules/monorail-de-vice-city.html,19185,578fbacb77de7642358983c146a4a32e12ac9b3fab6f027c4c5e9ce52ae710a0
vehicules/moocher.html,18072,b551b41b5e782c3be09a90d8d4977690a83e6a1054038b940f2c8ced0dbef285
vehicules/mtl-flatbed.html,19819,a7deb43b5682a66f5afbf9f4bb3d9d284c917c3b50dd7dd09fb01a2ec7604405
vehicules/mtl-packer.html,19364,939a9104c73ff23d08c3fb1db71b1f750a3bfcbb8a4d04318c33e7846560930a
vehicules/nagasaki-blazer-lifeguard.html,19014,d99571af2c3a265e0f6da010697e0a60c890dd02bcc17e7cc24e2e0c1f4282d9
vehicules/nagasaki-blazer.html,18397,c2e9582667f9ff67b61e1fba16e32ba704c1a75e34062c5dc90497238843c70e
vehicules/nagasaki-caddy.html,19553,84a53f186f2303dab333637d1775a62ed464f9fe15b87bfa07f64ddf275c608c
vehicules/nagasaki-carbon-rs.html,18989,16726a6eafcdf0b298bdf3e08624fcae28212b2815429f23f87dd8fd4fb55ee1
vehicules/nagasaki-dinghy.html,17201,e99289e2acc4dc6c9359015e6931fb3125021031f2b7294c4ded53cb9beaa13c
vehicules/nagasaki-marquis.html,17626,7e90e58e778614fa277acf9b8cbc9092317cc928fb7be96070904c79540bd76e
vehicules/nagasaki-outlaw.html,18176,a2619c5fa81dc114c895c284b401b5ca54d5d2dbe46f2b099182fab7ebe65d5b
vehicules/nagasaki-police-buzzard.html,18765,476fee5bd0209db085d82e0efa9edc57279ba7d2595ab2fbb58f843c1a0c3f78
vehicules/obey-8f-drafter.html,18238,93814fde0a452ced5573d51cbcef47ce25b76bd5e3f579cb17f114d7c41e6a30
vehicules/obey-tailgater-s.html,18014,7e2248d8687e484ed7de74918f9b3736f1cca9da79d6acd10866f5ec6ad25c1c
vehicules/obey-tailgater.html,17984,bbfd6e9440887748ef261312490aad34b60839c10a34fadfd9cd4f353d538a9d
vehicules/oceanic.html,17801,717147316e60026dd9e876f3e74df61ab4afbe0eefa492729384cdc1fa274d11
vehicules/ocelot-jugular.html,18231,0e7ac6149e132fe5ae00da936faa7ebab274b1b9c0457f3aa0181547856ade7c
vehicules/overflod-omnis-e-gt.html,18092,4870800b52011ef47c24bc19c5b0789fdb1a3bf13ab63ac7e68f350540d7c870
vehicules/pegassi-bati-801.html,18924,e5c718fcd727f89e129d287904292b13e980bfb613a4c7ae56969a858f647cdb
vehicules/pegassi-faggio.html,18888,63a268394cd9f845709c70d545d70a266a7886b3276128f7a4b2936f251d8481
vehicules/pegassi-infernus-classic.html,18798,f66765fae45830712f3bbf49069ca0992740baeede733db813dd5cacf3e23edd
vehicules/pegassi-speeder.html,17364,7e8e75e73cbf04173ec4853dc52c3e7483bf7cd38e7595bc432b06840002a0d5
vehicules/pegassi-tempesta.html,18026,375dbe59e240fb5f570e73a043b26ed5eb63ae1b87bb643aec53199a1815c43f
vehicules/pegassi-toros.html,17955,e15446424074b679b170f2f729f6a73e9f70baf969acd31b21dead51586828e9
vehicules/pegassi-zentorno.html,17773,721f45a9c7d0c069ee7e70825a341e44055beba0ffe80db5ae4a2baa48efeb0f
vehicules/pegassi-zorrusso.html,17845,87815232f728f38b4252efdddbfdc9e46aa91e41f2348c26ac8870e96b2b2cef
vehicules/pfister-astron.html,17840,98d1dbd2c1c1dfca9496f955995edf9ed7d0a7be61ee60d698ee57b410ba8999
vehicules/pfister-comet-retro-custom.html,18690,ad360599295ef9e888d6f935b04448b2f5f40d61a045fa5cfb5b6f9126b97aa4
vehicules/pfister-comet-s2-cabrio.html,18574,d5e59a82a2e69f946f4fee0816144f90c733f58a058d886890d28ea87dc80298
vehicules/pfister-comet-s2.html,18054,5ace0c87886317bea07b83f57f4a8c7d4379a3670a921d9a8d2abddceb8f779c
vehicules/pfister-neon.html,18221,a17c9877bbf05d81361db81938cf3bd383cf97830ec59b2f621ec200470470b7
vehicules/pomazoom-mobility-scooter.html,18745,b2584fa42e3fafc0bb43c8fa208a899dd40f4cc7b4dc85c85ef4ab32d145d1c0
vehicules/principe-alvino-v1.html,19178,128732861f21384e77880ff94875fe08e5c8240c01af58aff73038589c1ba091
vehicules/principe-lectro.html,19111,00ee7d6c42e3d336e1f0e60daff978e357512abe2917441f7052e3ebed67ffe3
vehicules/progen-emerus.html,17687,4864e2a649fd570d758ac8393d5e07f073b88bb67fc1ac368c2d3dca75b45238
vehicules/ram-3500.html,17805,bacbdbab1cae9e577f2d9c68036c3699a254b9233b505a0ffa4331d599e6e8fa
vehicules/rb-s-ii.html,17317,bd64531919493dd8ff894b9c4176c112a5a950a4a3f9b16bdc2d982df96fc32a
vehicules/rb-s.html,17233,49d76f585aee37771b817d8b2e9ac7c4dede8d9841c3522ab64f7145e048a702
vehicules/rexhall-rose-air.html,17953,00c6fa78dc692c7ed26232915d456964abe34fdadb5e6729ceeaf78e97a8a059
vehicules/riva-86-domino.html,17628,5a9b0ad750469ab6294f1a9dbe680318a1698f34fa46f66370b42c9ff2e13cbd
vehicules/schyster-deviant.html,18601,98b8b9cb207cf1bbc4888e0b38bc886f5fdf44b6ba3190e727d90f32a1638bb5
vehicules/schyster-pmp-700.html,18112,242f608481f23baabe7a6fef162a4bb6d60491e22f76da6b8c98066f5d2feab0
vehicules/scorcher.html,18636,2e28b440f768466fc0d7b9ba7c8e362f713d2389b788e74dcf745c37b347ebf8
vehicules/sea-doo-rxt-x-300.html,17678,93fe5f433d0a2308961d210ec94822ebc7635b3165aa930f6e14f93a2ece003a
vehicules/sea-ray-350-sundancer.html,17747,0866240b4c4e6270a33dd802da64a2c719a99e9d8fbed3d79b16d44f0b7a2954
vehicules/search-index.js,37731,b19a27e5d19dab60262a59b88d825108d3636e20bd1e91c3730f77b97a533eaa
vehicules/shipyard-de-hoop-brion.html,17455,aea791761f450d95b264680809a6048c8df343977b25242697b885871e2468c0
vehicules/shitzu-longfin.html,17379,e8f0d65133dc1469441bed615a7ec8d464f0fa9bc72ca36f71b157e2dfa494fe
vehicules/shitzu-pcj-600.html,18923,c10f91d6a7e3e3afb6287e72ee415889a8213e4e30d0b916dbe3b794fe2a0e07
vehicules/shitzu-squalo.html,18178,626365fd2e399695f0f1e1d85094691e563d1f5e1f5baab4da3f0035601e81eb
vehicules/shitzu-tropic.html,17553,89290f9896eb52408fb87988e1ba638ca3d8d674554f399a6a0e1c51e0464907
vehicules/sirius.html,18573,e0f6e2aaac9cd565f10217ea219cbc2a110053af1f37f7a1e61630937ef6f4b9
vehicules/sitemap-fiches.xml,61230,7b51238536a8d37b66355fd3a92b98b224605800299d17c6e1fe74cb0e8096ea
vehicules/sitemap.xml,63216,c9fe47ce75bc890b1b2a6074177537aa2ad120fed02ce14d94081d0b5f8c78b1
vehicules/skater-388.html,17525,350a4e356421af97ed0db314c95c87dc4584d99c1d16dd223ce58a69f039ed4b
vehicules/speedophile-seashark.html,17442,00e42cf195df6c8189b9adb3dd776e400dfdc9e48629b51d353acfd3678dbb51
vehicules/suzuki-gsx-r1000.html,18964,63b6ae4ccdcb1eceec71216997743a7e97ee93c4b14f701c353bee7caa3fe694
vehicules/swamp-buggy.html,18081,430c22409cf6e4fd1ebee124bd94f8795f480d14bb829ad85736a26788e99fd7
vehicules/toyota-rav4-5.html,17792,5406de8b2d2ae4c095aea9151f5c3e9daf45aa8028eaa8da0edae59af8e820ed
vehicules/ubermacht-cypher.html,18352,4d4e1041030571b52614ad3ed0ee4dc7282b7e83b936500e3d885f1a5ad2ad34
vehicules/ubermacht-rebla-gts.html,18023,981b32a4d27726b5370dad0af6bc4cf2483025ee4e8cef72571d10faf205d292
vehicules/ubermacht-sentinel-classic.html,18313,ca21f130cb18e53eefd9c94928e30207f333d5ffbd9b4cdb7d5842e3eff42637
vehicules/ubermacht-sentinel-xs.html,18166,514fa952978d403714b1b76926ba07691a862174dface59835b5e13fc8f23ef7
vehicules/ubermacht-zion-cabrio.html,18239,e02fb5d5576906c597bd5620e37ea6a83e2956c76a83c31eee5ed89da91f528d
vehicules/ubermacht-zion.html,18146,053b9162c62e76f393341ef8f28e89dc35e906b15013d9d2856f7e0dae8f7a7f
vehicules/vapid-aleutian.html,18019,589f9aa824c6c3e180a396ef68b9b036446409de35714fa0c3877f35319f4ce4
vehicules/vapid-benson.html,19035,428a696e7339c31b27bc574f8247861cfa91c7f47fec222c860cf64578cbcbec
vehicules/vapid-bobcat-xl.html,18406,1e5889e84a04462e3a8773128d22c55c9096d07c8044d38865e12e91fa39e7d3
vehicules/vapid-caracara-4x4.html,18583,9e2754eac1b3c53a2eb464a2a60dce7e1e0f7a41c4bd61aca30ce2eed1d8afcf
vehicules/vapid-caracara-lifeguard.html,19572,e821f06162ea173067c9b5d067dc031595b49b19d117bcfccd1d2781b19eeb89
vehicules/vapid-caracara.html,18352,6d25f82ac74a07f7fbba4d03589ed79a86b21d230928c5db9daa42634012ec82
vehicules/vapid-chino-custom.html,18415,1a54fb93d79e1dbd2112a440635de470b8cb22aafb05b52880c750297327f1d4
vehicules/vapid-chino.html,18324,01dd7afe5a976885d51393ac5857875f02bbfd2a8168e095ebf23ef377cfe4b8
vehicules/vapid-contender.html,18236,e4e03c70a293ec50866cccc39d591ffb7309b49b49a6e2e327e78567f51fa396
vehicules/vapid-dominator-67.html,18381,e48b595835b280ad496fbc8fe4facfd0a07895dfe2a46b6be0e79b44d53d337e
vehicules/vapid-dominator-asp.html,18426,d0a72fe980e101695a82bd6eed4f438c23c0d484cce42fcbc5c163a1f7d78174
vehicules/vapid-dominator-buggy.html,18869,b0e5be3509961240c2b9b1842fe7e04c376cee8d1f2f7765611fc75e68e302d5
vehicules/vapid-dominator-gt.html,18488,8325e0ca761694dfe1396ed358d53f5e3a47e1b5569c2e7f498483dd6c636fac
vehicules/vapid-dominator-gtx.html,18321,6999023b147c851fc873409c03ac22e7bafde1e7a8f591c644a53236ec652699
vehicules/vapid-dominator.html,18144,92e5b2019cf3398463cd10d8e2945875617782d33eed75b835035ac3791e98a3
vehicules/vapid-ganado.html,18756,683c6dd7a9eab64f9ba0ba8d8b8a6306b8d8d3a22ff3a28127f0539fc3bf1405
vehicules/vapid-gauntlet-classic-custom.html,18608,e29243baa1334133cce99a250bcece8af7b725d9914fec219f72a3042581e145
vehicules/vapid-liberator.html,18551,aee803b92e412917812e03c85d8135bf1923d42e52720dec1221c84a3b8c1d64
vehicules/vapid-minivan.html,18061,a076220c0a7ac23b38a89b7bc979dc1846e73d7a33277628824a1a196db12b7f
vehicules/vapid-montagne.html,17979,ade7ccb07fa849f0565e96db536c9f65de4c80c4e8b2f6ac7fd1c10f5879c78d
vehicules/vapid-police-cruiser-interceptor.html,19355,499b40c4ebad27f00177e1cc978df9d3b4c982861ea43bb89d6d9373cfd68ea5
vehicules/vapid-police-cruiser-stanier-le.html,20286,fb6fcb2090b3e989af4ae0f51b3c26375d18d21d3031f8da43e73c271ecd153b
vehicules/vapid-police-ghost.html,20167,76bac272b815f0b0fcb946adec01960b5e711147931e3bab43e0c464f9a77539
vehicules/vapid-reclaimer.html,18321,61cbd9ef4fd2d20ed4c82f8c599e84ae05783bfd4d442d4ce9f781234d572d4e
vehicules/vapid-riata-classic.html,18455,1c4f1d897213722a522beb5b4cda6b9425588b2a40b0b330379a4085e26f2278
vehicules/vapid-sadler.html,595,5bd98b4dc6ec627c0c66751e2fe14b67e5031671cde2fffd4a8e62891c3d8836
vehicules/vapid-sandking-xl.html,18458,53e34ac35ff55cd5a45c6316cb76b3408e979a7c6b53d75858cb3f843e6c452c
vehicules/vapid-slamvan.html,18274,14b6be09e5d110351b7fc885fc490f8a6dd5834606cecf0240b8d6d96ab6efb8
vehicules/vapid-speedo.html,18187,5406ea96384d3eb6b076a2c18445b56efbb26b21f12c341e2574704254b30f82
vehicules/vapid-stanier-le.html,19058,e58783d400c0fb6fe083d8d561c0eb2da1392c72d233f0cf63ff970b0f6e96f7
vehicules/vapid-stanier-moderne.html,18040,a760f2d95a4ce97de03718c81a92aab4ec1e10eb9965208a107782debcf9d9d9
vehicules/vapid-stanier.html,18596,33e35a967bdd868a6e5fbc51c35c35d558f21f0fe4bd52dcf8ac04cc479d2d56
vehicules/vapid-taxi.html,19220,342af6f9acfd03d3bd09335555270c5f7db09cf12397d6a02bafecabe16efe57
vehicules/vapid-tow-truck.html,19098,3ded5dc58317b83a86a1a380b05d87ba77cf542452954d702c86862ef1b033dd
vehicules/vcia-train.html,19277,81df6c1cd79f0bbfae7bf175dbeeb294aebc53c6077479ce71df353a1df4868c
vehicules/vcmm-train.html,19187,203cb5cf805df52379a08e801168b54a25e96fade136d98b5948cfc8005d5f69
vehicules/vehicules-data.js,190300,d95f24b81a2ee234772b99ddc902dae345ea2604796e0e2e24d7805c850cf377
vehicules/vehicules.html,428866,f8fad467c16d63d744c7bbd2b56740d4ce5b9b0e33df36fbefa46c198763d4ff
vehicules/volkswagen-jetta.html,17826,a66110e1dfc121b88ff575e5fba02f7fb88170ff8184967ce1a10d1c2155e0f1
vehicules/vortex-airboat.html,17564,88a7ff7e3c277dd34e4013471e4dc0c6976e37b86b6073c93ff63295045373c1
vehicules/vulcar-ingot.html,17932,c6cc8a48b9f72f4f41747dde26a6031385c887912b703bf44593795398966632
vehicules/water-taxi.html,17355,235db64041ebeb836751bf77282b027d96c07b11574985cdfaca4ce304af79ec
vehicules/western-company-duster.html,18139,373472bdd08afd4e4772bd7fe6590c814a64e58f63a6a47d4dd9701c09c6196a
vehicules/western-nightblade.html,18964,84064555640b433c93c1f4707c78760eebae792e8c0dcaf5dc8708dfc72b81bf
vehicules/western-sea-sparrow.html,18841,c9112b30a16c553cc9d687c6d4c354be1ca69309e7bdde15604c781350423e25
vehicules/western-sovereign.html,18956,038214bd73f4a9e7a5c351e5664c0a4bf80e823ea2bdab0bb2802cb136ef37a9
vehicules/western-zombie-chopper.html,19281,72f0b22fffb2000b2eddaf70f098b8a682d564fec887e1cc58adc08f9ee0d50b
vehicules/willard-faction-custom-donk.html,18461,7a0a503dedce16a6bfd5b3efbd5f6d9af7bb37f958b9c7c012890ca883d950a8
vehicules/willard-faction.html,18090,66b65189e1f1498334af4e375fd3c3701a6c7aa30e1f6960638a4f0d282587bb
vehicules/xero-blimp.html,17533,be9a63789b3ca65baa547887db4b9f900ca0c10c8faeda870aa85222bd67dfc5
vehicules/yamaha-bws-125.html,18844,2b9cde66fb9526d11ac835ec25918986a0fb1775989d5e352e17d109f8f81423
vehicules/zirconium-journey-ii.html,18373,66a5c46910143dd3ee065a4fbdb61a2f4f707b88fe20bfd4848a176b32bf879f
vehicules/zirconium-journey.html,18075,0563ef2e2cebb7f329d384d06974759e3cfe3b043a33e3449adb2403ec0d5c0b
vehicules-data.js,189744,e4ce289fa76ef35aa60b6dc54629b966456e736d145560c7be91cfc613c2b325
vehicules-rares.html,22420,cab4b821ef02bfd40d96585b7e9a1b199c8f8ed2a1adb9967761bac4a836f639
vehicules.html,427671,ed9003725ef842c9f035233ee56ac38e65eb375b060980e825fa948d16a3e977
