fichier,octets,sha256,role
404.html,10933,16c4f7bc5a073133d0b2ff81f4c9e20a5b4b354a206b8631c0faea3a37426b8f,page publique
PHOTOS.md,2134,f8ada0432e85eeb8877ebc5c2c190c32c5079e725a8c92a1b234a8e8f6e38249,source/configuration/test/documentation
README.md,4276,7a59d97b3027adf4f7c18c1916fafff50ce7a276bb01d539ccdab660b5cb7001,source/configuration/test/documentation
a-propos.html,7857,4a45a31264e4c63e5035b3c12deb46ce97c205a46952e384e43e66ccf414be67,page publique
app.js,23749,5323e434de8b88ed20446db11739b35bb05a5ebb18decc84d3139a604be6ac2d,source/configuration/test/documentation
archive/legacy/LISEZ-MOI.md,3247,bea9d134ffd861121ac6fb9821a8454300148f1ee26b81dbb40e03b4f994f147,archive historique non publiée
archive/legacy/LISEZ-MOI.txt,1116,18ba67880a1db9a650a208456629206be74b57ca70f5f947e1bea5715b5e39eb,archive historique non publiée
archive/legacy/RAPPORT-15-09.md,7547,c576af8bb2f0cfac319fef17a6034491c03c6bbc89de2f2a580af1be42636d85,archive historique non publiée
archive/legacy/README.md,12,2af871bfb9032ce11c4bcb3c1dfb043be1dd3ddbfd8d0360c48b9b7a2a2ccc72,archive historique non publiée
archive/legacy/build.js,10546,5c4e4fc80ba10617ac0a761fc26af0661f935af74fdc8fa4b0b5c418eee34396,archive historique non publiée
archive/legacy/fiches-gen.js,14531,2d769b31e03c5c93e25d68583f5cec65100af6162ec71a9872f9656f9fee72ff,archive historique non publiée
archive/legacy/nouveaux.js,18122,b3076f6da2c6d06ca6276466f453bf18d7d81007867a44899266769eb21cc834,archive historique non publiée
archive/legacy/vehicules/final.js,4527,12620c64334584db5aab5fa7aea1e5e082a385e1f12efe88740dc49845406d12,archive historique non publiée
archive/legacy/vehicules/gen.js,28602,61aa54e5deaadf65e147675df1e7251b1d457e81994c3323873b4b7e6fa1ff99,archive historique non publiée
archive/legacy/vehicules/search-index.js,37731,b19a27e5d19dab60262a59b88d825108d3636e20bd1e91c3730f77b97a533eaa,archive historique non publiée
archive/legacy/vehicules/sitemap-fiches.xml,61230,7b51238536a8d37b66355fd3a92b98b224605800299d17c6e1fe74cb0e8096ea,archive historique non publiée
archive/legacy/vehicules/sitemap.xml,63216,c9fe47ce75bc890b1b2a6074177537aa2ad120fed02ce14d94081d0b5f8c78b1,archive historique non publiée
archive/legacy/vehicules/vehicules-data.js,190300,d95f24b81a2ee234772b99ddc902dae345ea2604796e0e2e24d7805c850cf377,archive historique non publiée
armes-data.js,8734,ac4b25e0e0f5df9f69a1f453c268740f3d94550f7ca45474ec3476d046facf4e,source/configuration/test/documentation
armes.html,53993,534d16c6a1d9b110af6efa1a85bddcb57403b1e9141dc79ded3359c1a6622f04,page publique
armes/batte.html,13919,4e494d1a0051e8d251b56b4f6b353a43946b09520f9dc4562a16f0411ce2c47a,page publique
armes/carabine.html,15859,91197e35cd54406eb7a67678889063b2552b57f619147592a5ec8faf2b6c5659,page publique
armes/club-golf.html,13826,e7b3eba9ed11f06f65ce055262356e048df0522087314688ef4a2059aea2697f,page publique
armes/couteau-cran.html,14209,e278d6db642a1e2144ca5856888ab06b2cfe3c0a34a5e5e5c36611246d0ed5fc,page publique
armes/fumigene.html,15430,ef66f3655ee04b3e14ca41b547addbf9d93eaeea48bc57a697b9d43f89143e80,page publique
armes/fusil-assaut.html,15959,977e89b0d7f748e15eb20837baaef8d6ccc2bd7aafc5e0a6629cad1e4f16b94e,page publique
armes/fusil-double.html,15994,3b2913f70173cd2e003af0b5e89a518f50cd4d7ba791d851118a03ae68b67c68,page publique
armes/fusil-pompe.html,15878,1a52c5c4e8226e4a20350d9dc856219512db60fc6d81a4cbaac23482f5e82eb3,page publique
armes/fusil-precision.html,16004,acbdb0b484cac5e4365d8982d4300db517b44a70e388bfef30b4411e5bab1af6,page publique
armes/girardi-es9.html,15360,1d3cefdc2212c003af0365292527cc55ec38dc933d653c83739cfa4f02c3bfda,page publique
armes/harpon.html,15657,3986cfa6dec26631d81716b3f0ea3e0c81bab33e75f6407200e5bec4c09c3330,page publique
armes/hawk-little-morgan.html,15538,c3f6f21f51b2518755779f9ba0064d6d08e19c578a4075e6d25d8aa45b11772b,page publique
armes/klose-k17.html,16293,59f0211c5372580a02ddf7909464f003ad4a51ba8c94cff3728d914634f31f1f,page publique
armes/marteau.html,13794,3a66a58fd849240df7ee69a731ea4319b9c1309a5ea9e8af985cb542ddd55d1d,page publique
armes/micro-smg.html,16038,a8645571963fb7e47f0c1b729d9aff647a65f0d0924e19c778c3588cfdd845b0,page publique
armes/mitrailleuse.html,16098,840820d5f7d3238e5091e3df74eedf4de1d8b1362c770a02fa8bfc46e9f403d9,page publique
armes/molotov.html,15336,2947e54f2e8b363cc3b83b8c992530ccb924bbf112a2a1f2bdb8fb440fce65b1,page publique
armes/nipper-38.html,15229,7a6bcc636cf7ee0ccfea123e434a816483e2d27450ead9ca4651c459aec1b53f,page publique
armes/pistolet-auto.html,15192,a7eb7851a8b96b603a4b7bba6fd7f71e9d4b724c3614b1e39d20f050c646d3e5,page publique
armes/pistolet-compact.html,558,831e7613cb5234af556310bbcf76555e9cb4b5fc4ff3e49d13727cbe9c0c2d78,page publique
armes/pistolet-custom.html,15089,1c43064c11dfa14d185867ba7e8672fcde04ce94b70292fae3e74e13b86381dc,page publique
armes/pistolet-jason.html,566,bc9e2a9072d307dacf55e346368ab065b701b4f746e945e465c788bb7808bd29,page publique
armes/pistolet-tactique.html,558,bba23c1ec8330c524448dddc8485554bfdd39300123c2520c28cfaacf68ebc28,page publique
armes/queue-billard.html,13921,b6b2d801161e342267e5a864221bfd731a12b3ee96a631736a853860c097fc0f,page publique
armes/revolver-357.html,594,51e0549f9f0b8fd12eba3d539c998491aa5f3810dab29a765da30c0ba5d5219c,page publique
armes/smg-compact.html,15718,2e0000c01ad1592a79376e479579292199d54d2e73de4d12aacc9f51ff80cf91,page publique
armes/smg.html,15960,80d5f6672dbef3b04d82f8b4dbb68732d3c230d016d5b873f5129163a74a9347,page publique
assets-manifest.js,15756,101c00690c270861e34eff7ccb743d7c5a6f2470c4551b10770f0775a89cb0fe,source/configuration/test/documentation
audit-final.js,3820,d4ba8c99c475e558f00b058c89e57f490f46c776649f148923e847d705602e49,source/configuration/test/documentation
audit/alertes-publiques-finales.json,2243,df7b36c08b182c17be7c44aacd2cbd324c51886f6e48cd7d177d3ea3baa51241,preuve et documentation
audit/apres.json,249,1a07b03d345558e12d31bd11cd1ceaf2da8e49701526cf63db80c4c1b28936d2,preuve et documentation
audit/avant.json,480,c9c05cacad96954cf4a214cd1d5bc5c0f2b329ff211c778c7f4fa3ff80090527,preuve et documentation
audit/cartographie-routes.csv,515306,eb182bf5076f628b23578f780b0521173055654d1d2eadcb9845f2433e718a3d,preuve et documentation
audit/cartographie-routes.json,779496,bb4034f5e4b7dcb6d5731674000d6cac1e49887eb1e635e4be0901ddb8f576e2,preuve et documentation
audit/changements-fichiers.csv,70947,89407e02b0f60c75a0b8e016f82d9cb764c9082a154b51658dfb024fb0054863,preuve et documentation
audit/corrections-descriptions.csv,16082,03b4bf2f3c012db678be9191dd258d623a1d8b6182472d38e816eb7d67efa7d4,preuve et documentation
audit/dependances-audit.json,360,bb6ca053e0e5a1cee04aae61ab1a5a91095d4593597496977569ded32f45e51a,preuve et documentation
audit/diagnostic-initial.md,9691,fb4b708a7ad4927846dfc2420e33ba5b966f9c392b93ee5814f564b19f1a9404,preuve et documentation
audit/http-local.json,195727,e9c52a380341170a524c6afe89332b25d88dd61ab536c1787b46f92efb51ab0a,preuve et documentation
audit/http-production-sondes.json,453,5742c2854dc74bbabe415490b8d2cc124cf708c09adc79a768c3e0cffb9a1dff,preuve et documentation
audit/http-production.json,345723,6ab98a741ad8d030984d5fcf7e1c7fad56279882865e5001a2080a90be338350,preuve et documentation
audit/images-inventaire.json,70238,11cb9db35c8a488d2f194265ecc1ed66694940e4b00dc60cd87e9bf7015c4f1c,preuve et documentation
audit/inventaire-original.csv,105531,e435b73187a8dfde1038f0553eca6f41446c140b9f085ca7c1b917b3a9d47621,preuve et documentation
audit/rapport-final.md,34623,e18edd6c1b11b92f7125f0181defd8d81c18cf25821f0dcc8b71c9adf78a73e2,preuve et documentation
audit/reproductibilite.json,227,474b49122c97e478ed35d181e921c059c6369fd0064abeb71072ba3d39b92109,preuve et documentation
audit/securite-donnees-performance.json,4582,a2f3c48c69c9c96789dc5862e8537cc10f0702e69c53388177e0f497e5e2f4a0,preuve et documentation
audit/tests-executes.md,2924,fcd70c490c795cadbea621eefad24e59c22bd9044df42a4ca7b54561c575c949,preuve et documentation
build.js,112,e1fedf36d71d85856067c2ae34488c8b414befbba73387a4e5470a335d956a1a,source/configuration/test/documentation
calculateurs.html,7333,f85952483dcb7cb56847d0441324f0b7fef6cbf75d2e9b82c33d9a5529661ef5,page publique
carte-gtadb.js,831627,39c9eb9819d1e4b04f5ba37b2e3c285a5984f68c3da12c33a5bc7be76362d5f0,source/configuration/test/documentation
carte.html,270092,5db5c6189fd0569ce37d5000d3779aaa38c13f4c5c48860c32b35c6c01a1f856,page publique
carte.js,79193,47170d9296156bbeee32920df8104752bd0cd69f187143011f60013156e8d9ef,source/configuration/test/documentation
classement-vehicules.html,31403,40847aaeeb181bb06f49f2b6b43682aaf06554f65850a807f857ffd18ecc81fd,page publique
classement.js,5683,38d807530f43de1da44f320ab59d6e665bde2bbb9fff7aea4c4eb5e3ead6f42f,source/configuration/test/documentation
collectibles.html,7364,acbe57fa499b2c0c5fd1539c3844b21a7dceceb075566367aa9e36c5ea3ecab2,page publique
common.js,4539,f85dec5de8c9023ab3e37cb0d0169aef6dbc015d40ae9d7c2dafe564947aaf1b,source/configuration/test/documentation
comparateur.html,5603,b2fdd6853a4d0f95a066a5722de28b98861adaca24fc35ee57acb33892acc6a1,page publique
comparateur.js,3627,14b774bba4fc852a5eff6281f7b0b1c91a96e2f31dbbed4fac109a948069a2c2,source/configuration/test/documentation
contact.html,7198,7e77c3ae5f5573b859a95cc6208d677a36bd68e7f4d20d08b34229514eadb483,page publique
credits-images.json,490,4da0c56419a228706c1c2e02acb29672931901b12bef826bda4fc48faccd6f36,source/configuration/test/documentation
croise.js,1347,1e6c12b90ca57bca82d804456fd6e25cd307a91f9463e6f7eb7929444979619c,source/configuration/test/documentation
data/carte-gtadb-source.json,951860,d9d614ecd44ac28fcd2731be31d0229058c7970d23c6edc62a607aac6f170d9e,source/configuration/test/documentation
fiches-gen.js,69,0d2f98815a03d0f97868a9a3a90ee27942b77a540d7d32b4675f8eb29f229275,source/configuration/test/documentation
fiches.css,18687,95d3c6c2c4bfe5e1766d0f69e20f7160b4e1ff9d90653662f956cbcbcecbacd8,source/configuration/test/documentation
fiches.js,13724,b11fa2fcf8442c26a6d1c2e18fa85815d3ee041dcb44509e46a159f10a278b38,source/configuration/test/documentation
final.js,4753,dc95b2293fb0cafc50fd4643677f66867fa9f1f2f8d1a074ad4f0e60ba65898f,source/configuration/test/documentation
gen.js,28271,ed4bb28ac71107f903f0b66cd09f836d3f2efe5636f83c3e1f81c5cf2c2fc502,source/configuration/test/documentation
googleea0091a4822a39f7.html,53,619af5ed52d258776c1c9e07e8d926c21fe223be9f0a0e2e6627e679a6a26ecf,page publique
images.js,5445,72e9634a9e8890f9c0ce67136ef8c16f19c47bf3afd875908a806b80317c7d68,source/configuration/test/documentation
img/social-card.png,44467,3dcec6cdb2bc52957d1b6fac12b4bc2d63d446f3d4b928ad17fb608e117a42b7,asset
img/social-card.svg,661,7159ce6868283320b525809feff255db1096d50004105109128058d1222bb702,asset
index.html,18938,98c8b46452411c85d36b52c3f6785e7eeed195ced9e79a52d0387756b18eecb2,page publique
landmarks-leonidakit.json,881776,d6ec46532454b1b9316dc0470636dab4ab82ed4361b8412ce701471ec3c2c5c0,source/configuration/test/documentation
legacy-pages.json,97,5bd9ef6b7cec3e22af497e3669d4ea01ab1170c1b19b78ea898f74c9f3739b13,source/configuration/test/documentation
mentions-legales.html,8123,d7614b86c786c23c27f4d39bad35ee46fe327729641a74e780403f0523fdbfcc,page publique
nouveaux.js,97,21cae5451e2b01a0275e9a7f33925b8d73618eaf495550ac20745772b81ec5f3,source/configuration/test/documentation
package-lock.json,20992,c71cf51ec50afc3e9c0f767633ab717121eee8e4eb9e87663317bc1ea41fab5e,source/configuration/test/documentation
package.json,573,9d8b786390f4543c3dc6036900adc691f5608d2936bce7c058cd469034dd0cd1,source/configuration/test/documentation
photos-reelles.js,6299,057acb91a05c5490418c89f74938d8691264c95c131f7ad4648ddcc4a02aaeb4,source/configuration/test/documentation
"photos/L1000,ig.jpg",212960,193f9f7b38c2904b52e8cdbe51fc56f027dba2d666fdacb9d9a38c4d770d0f39,asset
"photos/L1000,rl.jpg",104260,a8a5e429905c2d848b988586b2ffc75b840e6197b59b212f0708e996b7bb28f4,asset
"photos/L1006,rl.jpg",212783,e61fadc225e2b4dadcce361b3d1a4829f27a1f2da2c60a0256b818ba541b1eca,asset
"photos/L1008,ig.jpg",9369,2567832e462aebf5d2a1c4ebab5184d28ef4c9a0b766b278c00a9f09b195d7c6,asset
"photos/L1008,rl.jpg",148086,31b6f684cd8b0ab5b789a98d7e1b0587e33181d6f086ffd59ce82c81138e1efd,asset
"photos/L101,ig.jpg",2604,d1a752ecda6ede5388a30de59a3325f2851f1984921395fd555f3bf7bd56b12e,asset
"photos/L101,rl.jpg",47398,4268c976ce9822e9c4442fdc4407d7952f308fde53ffc16fff91459634a05cf1,asset
"photos/L1027,ig.jpg",55227,0d05c6b61d61f86f15d7452d4307b796dee1bec59ad21518fa1b8eb044aea20a,asset
"photos/L1027,rl.jpg",75741,0381d43091b8329d1bfb61b2b006665db7d10c970afeed2114e1579ba708fd4d,asset
"photos/L1039,ig.jpg",52637,6ef0c6382274657b3670df561a5d30a87eb4a22331c1b9805678436653265e04,asset
"photos/L1039,rl.jpg",294130,fa8cd82a2a48e5fd9dc121736a4039d4a62969ad98597e68ef050c7c19677148,asset
"photos/L104,ig.jpg",323747,6efa5dc7457c6da166f702ecf787f5484dce0376f067e0566b19a232f6071f71,asset
"photos/L104,rl.jpg",530402,21643d9ec2c7c2c5e8d1e752c60239a5bc58ebe1e49086d66d7438196aa7bf72,asset
"photos/L1043,ig.jpg",59458,d8707f6a1ba721cc770bb9ec440dae1e128136c9c9a6f246c01f2704ea91120e,asset
"photos/L1043,rl.jpg",83735,26c40a78b3020650121d28f652ce7121d574b3e2cbb78b3d7eeff93ea83e781c,asset
"photos/L1049,ig.jpg",64722,aa65e033b6caa3d3f314f7714ce799051312cd657d22b787eb421a57377e4965,asset
"photos/L1050,ig.jpg",14262,83196cdb2eed1c39a7cd07d8b688c44acf61ffd74661988cdab53ff08b7bd8d7,asset
"photos/L1051,ig.jpg",18931,6b7995bed45cd86e5e9f5f8c32942766f914d6c4c15cfa14b5cd21dd81fbd4f9,asset
"photos/L1060,ig.jpg",36063,713863dcdd0e8b6b18ed811168a1dfcfed1ab637a709ba63d2cac21f779e5876,asset
"photos/L1060,rl.jpg",189611,a8ea488763c699fffa0dfc886dd99b1dd77698e8b5cb2b079ed5cdd6faa44ed6,asset
"photos/L1062,ig.jpg",68810,1736e9509d89fc72b3b03ff8ced07102989059dbac7689e478e3e97721097ab3,asset
"photos/L1062,rl.jpg",139720,9965ca4579afb70bb4fde44b5edc4fa0b35791ddeee7b251fd65a1b8aa19b060,asset
"photos/L1064,rl.jpg",62973,466750a86aef35856a3bad63276f49ef6b960781abd404fc647c06515f40b560,asset
"photos/L1065,ig.jpg",789388,4fdd939871affd35feb9755c620e1d96a6bac726cca7e556ff2cd0cf1279cf66,asset
"photos/L1065,rl.jpg",392070,bf504b1c1d27e3cd7198f98bd9928a59a1ffe774eb107df0030a19735ca34e39,asset
"photos/L1072,ig.jpg",54289,f8ff70cafd8e4666f3630bf8a95cc74a7cba9749022c5e1117a82a7eb2555dd3,asset
"photos/L1072,rl.jpg",364434,091b04422577b53b88ebbd07fc5a11c1968fcd20d51b52832af1ff330072b9a7,asset
"photos/L1074,ig.jpg",84601,2c54d436d3bb357e7baf4dd78274fdda4f02559659662ffd48a2ccb699bef00d,asset
"photos/L1074,rl.jpg",171067,3f58b6db596711dee00c44080c70cf2a5838b60e32c64ec9ab6846daa8d33733,asset
"photos/L1081,ig.jpg",57041,c01402aacd97f3a93c30618ad855c9f27d592cb7e35345941f343ea27966d83a,asset
"photos/L1081,rl.jpg",352871,54441ccbbe9436871e8b0d42e27561018c8412419f9e5d2ab1edff10f4680223,asset
"photos/L1086,ig.jpg",11811,9be6af1383f7442a2b79ff17294ec650f2894d2369a8b24ecf866000939c7a75,asset
"photos/L1086,rl.jpg",207142,0ea256f0a8597459de0669c437847e90382f0ad69e65582f5fd8335480b55290,asset
"photos/L1087,ig.jpg",11811,9be6af1383f7442a2b79ff17294ec650f2894d2369a8b24ecf866000939c7a75,asset
"photos/L1087,rl.jpg",207142,0ea256f0a8597459de0669c437847e90382f0ad69e65582f5fd8335480b55290,asset
"photos/L1088,ig.jpg",26491,687fa59d22a89ec9bb5ebed005b278ad1c58dd848c2b563abf93fba795184d31,asset
"photos/L1092,ig.jpg",1419,38cb6ade73a5e1fd67c07f384b35e9369c9fca846ac31df46c85aee5ed6b8a1b,asset
"photos/L1092,rl.jpg",65717,0fe9c0444a42dd1bb502521b0e962c119bd1d2ef105e26327f70e190492724e4,asset
"photos/L1102,ig.jpg",46368,d9f4c24f927fcee5e6d460b54b76ce5ce80e879fec696fdf76fef15418e5c1e5,asset
"photos/L1102,rl.jpg",35423,5d6c8122e162308a23899fd62edb9f2b31e3edc86bfb47219ed527c92d2ac044,asset
"photos/L1105,ig.jpg",23190,f4d147380f2156fa586b1918abc9000fe5297352146950905531c0020a8f6e48,asset
"photos/L1105,rl.jpg",82163,1a9ab084800112c1ba44dd00bb6db4cb3c6fb5f96925f0b2d820d8ca0cd2381a,asset
"photos/L1108,ig.jpg",58358,9c1d2a9852d97dd8a6d3a0049b8e32148e08a072c9bb121d65bee631d59db30c,asset
"photos/L1108,rl.jpg",50031,19b8dfbfdd7c0a87e859ed817fd539f80c56e677fe5b011d4d7e194f2c1e1591,asset
"photos/L1112,ig.jpg",197980,94e3dc635d60040cfe1b544ade653192f0a564b220049a0496b36154b91f89f3,asset
"photos/L1112,rl.jpg",31508,02f3307d2d6aafcc6c4c638e4bffdece7d96b025e2c10edc4a3dbbb3fb6f8b51,asset
"photos/L1113,ig.jpg",5830,6ea20a7d3094136fa6b2fd1c67eb6457a1a08e20347b64d6ded546bb40bc823e,asset
"photos/L1113,rl.jpg",12891,fbaebb06af5cb8b1fe55d48ed35aab607832ca99732df5ddaf13507ccc750c8f,asset
"photos/L1119,ig.jpg",68943,24be6fec8e585afb32440739443722884a46634865ca0deb58c7c32f2e98e8c1,asset
"photos/L1119,rl.jpg",128918,174960d651d29e2f3a24cc3beb08ff67c2501f18efb255c9611033877697a7ef,asset
"photos/L1129,ig.jpg",662444,d30b35444fa89c7b8124b4473bc9502f58996e28c600519dadada6bdd52b7608,asset
"photos/L1129,rl.jpg",398165,33373b3ed0d48c614d38450cebfb4591711d16c1db90a6e927ca68eb8bcd34a0,asset
"photos/L1133,ig.jpg",108235,19a3a8d1fa8520c6d8b52bff54af762180bf77a384187e36592f0c08ffd866fc,asset
"photos/L1133,rl.jpg",239840,98a83a7112ced28582437d6683389fb526790abb0479023d9b4f141fd3e6d9c5,asset
"photos/L1139,ig.jpg",22613,0687acf1d421ab83359ed80ca7fc900714a83569631b6d3287d185e60a115504,asset
"photos/L1139,rl.jpg",39256,4bbfbf2609bac8ee5614312c3d9928235002fc4381b7ca318bfbf0647155dd5f,asset
"photos/L1159,ig.jpg",249621,999debbed00eabffbcfb0ddecf17c97987e3c6c1cef0e76192002258c6913782,asset
"photos/L1159,rl.jpg",232273,36b53db0eacd2566c2dae69187fcc816264fc668269e89fa76ae62a81c7cf06f,asset
"photos/L117,ig.jpg",36540,5d57e5b0635fcbf42081da8e7271d64b843de5a15c998fa4d38a1fe4f673cb87,asset
"photos/L117,rl.jpg",32420,cbb57df93da43006254784bb1377a8b537be88d3ddeb1dc464fd40eae9e753fd,asset
"photos/L1188,ig.jpg",192150,f0ebe6af8f879707702248d757f6b0e0f4fc02d8bff86b5a749b41be36af878e,asset
"photos/L1188,rl.jpg",49052,8acdb80d0231edb08e764c13d6b09c39399dbb6726b0add1eaa9500fd6e50051,asset
"photos/L120,ig.jpg",43317,11da94ea64ba9b5ddd9973706fafbab798883f489096230105992e87b41beb24,asset
"photos/L120,rl.jpg",49156,d35736e850b4c4ca2123da74bf21441dc9f501cb09d94a05f8e3c09da4cd2b56,asset
"photos/L127,ig.jpg",35770,94d53a57d904f4f79a3edf5eb321a16560f06ce3b19a2828e8fce5acb7d7122e,asset
"photos/L127,rl.jpg",305412,84162089922bbab934f6710f3e98ce6b6d3fbdb2aa615b699bc0914d607861c0,asset
"photos/L1277,ig.jpg",117676,6629602d89a4b82349a666bb8c8fe9f121a6d2679f0ef72d54d3491675d65ad9,asset
"photos/L1277,rl.jpg",626505,e2287791d86708c1d18e5f3bb4bec099383af69a1331fd30d814e61103581c92,asset
"photos/L130,ig.jpg",185857,2461dbd56d605060b9327e5a3e771ff8e4f76cc3fa035d7295188b629fb44085,asset
"photos/L130,rl.jpg",175450,dc12f2e81fe4ef04d7d1eff0b3bfd857fce77934f2eeb4a0400fd039389b1ccd,asset
"photos/L1303,ig.jpg",26645,d5626073c5ba133aa2c716818067cc93eda0936d459b6695ef5438cc6dfc2194,asset
"photos/L1309,ig.jpg",1517,8dfbcdd9d3687d8d3774b9eaf288cb220e48db369e7b26b9e0542274c6214bfb,asset
"photos/L1309,rl.jpg",27755,cc8995cddcf1170da48a06aa462b46cfe1dc903a13fa6eafaa5cfaba3a060129,asset
"photos/L131,ig.jpg",123800,bdba59200ab1a4551ac2d8cd802cff853bc28e20f61019fbd472f31221c5e821,asset
"photos/L131,rl.jpg",496524,259718ed9c4870ace8181c0047e82cb83d28b1f480c867fb3cc25ac6c7d28947,asset
"photos/L1313,ig.jpg",24392,3a63799994115c27e96295a228b8edeeb8fe6107dc768f36eca67e3bc919daf3,asset
"photos/L1313,rl.jpg",445662,0d86858fe05f6d8c7f5ec59fccae059326d5b13efd6c99ac05b1938944026970,asset
"photos/L1316,ig.jpg",65327,6335fc0f38bdf866fc72458442c8b7b719c920d2070f046158f76259d6761bf7,asset
"photos/L1317,ig.jpg",6340,735dad724dc692cdd534b3fbea6a5bc6548755bfe6be9154573dfabbc1ab2af3,asset
"photos/L1318,ig.jpg",6293,daa727a5719e4a46bca21e76014876361bd2f5c4e1ca08e47d0c67cb63ca4ddb,asset
"photos/L1328,rl.jpg",121625,b51b627ebadafe16618da5325fb8e21ea28caf973ef48c053f53316b17fb6eda,asset
"photos/L1337,ig.jpg",123849,645ace508abe838be872e11fb06f2a4def50ee4de75796bb4972a8d1d429a80e,asset
"photos/L1337,rl.jpg",119960,cb464b9d6385771e938195c0458bfea8fc8e45c9481133e41597f194ee0b7573,asset
"photos/L1353,ig.jpg",35558,b1ad1b56a45c1d43b5f848fbd2e1ef80a9f6a3f2597879ec104df3e27ff83fff,asset
"photos/L1353,rl.jpg",279647,132836e8c8a9cb8ad520e5e1826ee7509e9129f205f995d528c2c4e189af9dd2,asset
"photos/L1354,ig.jpg",22930,c0e2e3af701c4a22cc12f04faf87d9d964bd27a7f3a3790c992ba16b381f3b3d,asset
"photos/L1362,ig.jpg",46105,66e7c28762e817e68b812a3df9cb55aed3d7fc2517ae31ebaef5e9c9c661d13b,asset
"photos/L1362,rl.jpg",642672,4ad9716e816d789c193df38993d95f7aa198f09f5a2e4f8f2cf968c7e5245b46,asset
"photos/L1376,rl.jpg",234367,4dbc905c791252f2a7a41feab50046cbb10e19e9e9487d42356cfc73d63cde47,asset
"photos/L1377,rl.jpg",129868,29bb196a7ad0e2724b89f1e365273ea3a4950eb512a29e33f6dc1aeab6bb5fa6,asset
"photos/L1379,ig.jpg",46484,2a431adf09c2179fb71346968c34aa454ba873ba054da59987ccf0ff209cbfd8,asset
"photos/L1379,rl.jpg",122096,4bc1d8b15da561bd202d9a0308b02de8196e3ab15864c39b97006d84a35d49c0,asset
"photos/L1399,ig.jpg",16346,e3a613d7a8876eabf8e079862400aaa6744b6d4eb48889e882ac6b55748ff107,asset
"photos/L1409,ig.jpg",48417,98d1e4fa649a2cd9536db7d32a1e87231b5c4c4d38ff552753a07b88350ed593,asset
"photos/L1409,rl.jpg",85003,0d7f501ad4a842771796fe495820760181b50dd883836bf03b011ace96896152,asset
"photos/L1412,ig.jpg",174638,63cf502b43d0114d71b97468c4b791723c317bd373fc96bd4d85d502582e2270,asset
"photos/L1413,ig.jpg",16915,2ee9200ce02c06150626fe8f6ca5a4b63ad0523b0dc8f9a20eecd965869b133b,asset
"photos/L1416,ig.jpg",97616,a80ef6025f85248a740aa89c95a7241e7a50b42c1601929b3fb35c04a334dbc0,asset
"photos/L1421,ig.jpg",58580,5c621d993b00e5301723fd0b91e13b83a65e84de85d40f82f5012c0b34199ca3,asset
"photos/L1421,rl.jpg",299454,accdafae121e8c4dd5bb7320021135d400c8dd0624f2bac7ee9a730bd385251e,asset
"photos/L1453,ig.jpg",5387,c6ca8a6496f5c5173fc8f3a9757c923787f4090e1efb27aebc93da85b31b41b3,asset
"photos/L1453,rl.jpg",169744,690804f2207c39db67f3812afde16cf52365f7c283e1d6eff3eb50c0e50067d9,asset
"photos/L1469,ig.jpg",100461,42e6a9471e74b4a9a7b92f89529f3e336b0ae7ad1bc0f8e4330d96484d0d8b66,asset
"photos/L1469,rl.jpg",99984,ed1655a86406b44a4399201312ebfca13b47d25fba085bf830ca682cff8b532f,asset
"photos/L1470,ig.jpg",65790,4fc18595dcb70c72ddc0b0fdc8aa598c0cb98ca7674f13924cdff1edd3d5ef83,asset
"photos/L1470,rl.jpg",218026,6cc19bb8cf61848c1882b8721365b966061ef1a16ae6ad30a1dc4e8dce60f4ca,asset
"photos/L1472,ig.jpg",21180,55444e0fc69ae024a2b6ab416af533acef5a9bf377705e24b6330f38fc64ce58,asset
"photos/L1472,rl.jpg",230960,e8a1c4ad94720f83f3854ccd298c72925245cc761b99d9c5f568b6adf23868f6,asset
"photos/L1480,ig.jpg",76993,057c0fce17bbd7201fbdd7d76a22483267b468c08b52f5d7b808e8684a2e18cb,asset
"photos/L1480,rl.jpg",77438,c0dc06366e74e7e07896cb9f053d999e0c18cf6a01c0461613eed115ff95bd3a,asset
"photos/L1482,ig.jpg",1914049,e8b418e73972905830aab76ca0c02b14c881797c7c8d2d5c91332e63cc1b438c,asset
"photos/L1482,rl.jpg",81044,d3a12381d7f2540958ced4f55e5ca43b5f55ef6e62c652e8c2a53d9f7815de67,asset
"photos/L1488,ig.jpg",138966,6651e8104412384a71274ab4288ffa31fe60d5bc8706f3a8fcbbf06dfede01c5,asset
"photos/L1488,rl.jpg",85790,3899be5c90d85825382c6a0a0e5111cc625efe6a74e371d90b12ae80a80b71ea,asset
"photos/L1494,ig.jpg",1972072,ddf2d341d489c7bedbe780333e25518f72411ea0b46b59a62a0ac37ecd3f1d8e,asset
"photos/L1494,rl.jpg",148067,a35c12aadd5f2a5ac5ce8a8cfa87ff154c68aa23036eb8da56c433899941ccff,asset
"photos/L1500,ig.jpg",1752667,ef38329d9eb94ff0e056ded2157fcd89003275bb220f32055e65530bd420fdcb,asset
"photos/L1506,ig.jpg",85663,52df646162ba5b82200ffc770e7eddcf2815fc7ec69c05f8e7afff80283789ed,asset
"photos/L1506,rl.jpg",61787,4ec5395794eeabd2cfb483792538404c6ab66bd6298e2e6e4ae1cc357ae07d18,asset
"photos/L1507,rl.jpg",73188,d8ffa3c5be6ef00b8c3346134ef5e9fffa254bf92460e5b8435b4b2a5e85f54e,asset
"photos/L151,ig.jpg",21764,2174c59b0cfcce318a65c4fd5b025ad3773e9262605617402dff3b801d0d1ee4,asset
"photos/L151,rl.jpg",35391,4b0af0955fd6032846da1546e2b1c53c2aaaba4b987cb49d102e16da5b2542ac,asset
"photos/L1536,ig.jpg",22292,63b34834c75856a28a42f21efde27c2ae15da45402217138fa45a4cdc4bfbe92,asset
"photos/L1536,rl.jpg",248664,db2bdbb15017211265704b8f86635be292b3266fc28cb6ed3f1993216a08f9ee,asset
"photos/L1540,ig.jpg",3803,531302f18745ca6aad2d8fd5e090d45b2f365993114d06e9e4dd307aa5ce7f08,asset
"photos/L1540,rl.jpg",130222,bd8e5e8cbeb574574d01b9a4528e778aed7227bb0c0d59966b198978b6da1cf8,asset
"photos/L1544,rl.jpg",5447973,910839df546f54b3a968fda564ca73e91b6d8cf287cba06b1cdb4c1b84a7fd51,asset
"photos/L1545,rl.jpg",276108,04e6c94ad6bb83a8a25f6124e5c3297cb21f765b9c788e653bbb65ab4723851b,asset
"photos/L1546,rl.jpg",278842,b07b943d90df68e1f2e185c6ef0f18b0532c1174bcc17ca76842d917492707eb,asset
"photos/L1547,rl.jpg",90812,86958575c89ce5b854bdbf5763d61addd3f03f8c2fbb956e530d923f35903218,asset
"photos/L1548,ig.jpg",62527,a2ebe6d51eed401f9f06120ed0e6b2ac37dd0f9d038365b3a2700eded17cfc1c,asset
"photos/L1548,rl.jpg",68454,23c08c63dadc836253c50c67fcfe7bcfbf6a4eb6834a7fff5c57aa3686946306,asset
"photos/L1551,ig.jpg",26749,f0ce536b75a7add55df3b09ff80dfcc41a5bdeafafa736480b14d82624374e7e,asset
"photos/L1551,rl.jpg",319033,c65651cf800da8a059b8b5aa798d22ccbfddf6fab791593a225395656b85c121,asset
"photos/L1555,ig.jpg",326645,55504d38c81ba751a40ca414866239e95efd6e791bbbb31f3910cb830ddda117,asset
"photos/L1555,rl.jpg",326322,b2902445e578e7c8fb977725356832bfa2e8e31b8e4de2276a819f63748791ee,asset
"photos/L1562,rl.jpg",225484,1fe080e445071a98d3141edd8f80203de5c30fb0af3946c6b270c5b463299f8e,asset
"photos/L1563,rl.jpg",43992,13cc0bfbd959641b124fd004cd52d7ee09a55b992de2951042a7fa93236ca941,asset
"photos/L1568,ig.jpg",44980,486d43b33497408297bf71e33fa2f96a8bd31600b827b3ca8c013254cdb22213,asset
"photos/L1568,rl.jpg",431579,65c7c73d392db39f062563ff301241a78b16e45e1800a8092712005c40e45407,asset
"photos/L1570,ig.jpg",107463,5832306172d5a4530db799636d7b802a35c42f6e11306b7584b6e09bca2dae9b,asset
"photos/L1570,rl.jpg",188414,38a1453ee674ef2bd840f61c34985382a1a018fd1c5929bcdb2696c925fdead0,asset
"photos/L1571,ig.jpg",20175,f0d5ea8f3bc6b0928c158a13fc90426ffb99cb759b4cf2861a4814fe2cb238ee,asset
"photos/L1571,rl.jpg",65488,6795729ac464c8cf47f7ba195d37faedda4c4843419187c5f0c7472104300495,asset
"photos/L1587,ig.jpg",18504,4d9291318336da8c2bd5f3e00f1ff80ba7cab7465ed24ce5e9bd11e05f5a4b67,asset
"photos/L1587,rl.jpg",356429,9bcf932d2d2c1131f424e01a25305a47b8d2be00a0925f0c11f3e34371d28b3c,asset
"photos/L1589,ig.jpg",9249,cc6927f2b2c5fa8a724cd284417f0790cb141a77f5504e96d008771b7a49c627,asset
"photos/L1589,rl.jpg",355837,dcc5e236a73cb9b30fcce5dfefefeabea459a9c06109924176a2ddde6a7d3b4e,asset
"photos/L1590,ig.jpg",13036,2832123b536c1a0f3083e95e4396d071d7f4fd6723dae70abbb0375e310dc0f8,asset
"photos/L1590,rl.jpg",279109,25012584552aea029b2539c15f059e278e5c3d1d76c244bb3e96de8b62fefe2a,asset
"photos/L1594,ig.jpg",69799,b79021e77b068118da87d27805b9a864a53214f1a13d4b600a721fec8c4385b0,asset
"photos/L1594,rl.jpg",139594,1bd928889408df5103d18cadfc835eb409dc2db73b40887cb572f5e280f5ec9c,asset
"photos/L1596,ig.jpg",59273,c0ef44a5765462ea3cf3b8d3875ac6838c2c7d695ac0d26faa60d7f994949073,asset
"photos/L1596,rl.jpg",165557,3e4cd5996519f9083108a242bfc5d70b9c2b1a8dfe9c254583819c3ec0f5f6a9,asset
"photos/L1598,ig.jpg",42293,641468311e34696716a63a5ac5e4c2cbbe1149a44471682164dc0150e5fcacbc,asset
"photos/L1598,rl.jpg",861604,dc8f40655963ae26fa5a14787174b6a48cd80648bc1d637c713f984703546103,asset
"photos/L1599,ig.jpg",44059,4b2f21e632c8c5be706849252f1062e6ecb8236b8b57cc0335b79def62fae3e1,asset
"photos/L1599,rl.jpg",145440,fe9bd5feb2b087f058670e7a99240645ad99e6b2f94c97a8ecef6f31f6e98a5e,asset
"photos/L16,ig.jpg",13499,976f5227e8150e837659857c517d8f936407c6b7825de09c65ea8b1b491ba257,asset
"photos/L16,rl.jpg",58188,9b95410458fe907c929e1f1c5ab8fc7dc011a85d1a6a35a7380fc5b0ed0958ae,asset
"photos/L1601,ig.jpg",56481,652d9628daa6147d03bb3e0a4183e6035f96ea12a4a3c3039dfcfe7833ec79e0,asset
"photos/L1601,rl.jpg",67287,8041880eb4d174f1846700fead92f5318d53dcdb61188fbd68b423e0a11f1fed,asset
"photos/L1605,ig.jpg",19761,225bfffcbdfe820a516b9843632a187d793ba2752dfaab937f03f72188c6f6dd,asset
"photos/L1605,rl.jpg",115183,36df42b34a38659d988a06d8c3eb6fe6a7e48b314a8190a089e723eeee87aed7,asset
"photos/L1609,ig.jpg",53818,11c97d2cd36e64d485b22dbcef994bc27e3bcd088af5937db95b47957a4108ac,asset
"photos/L1609,rl.jpg",68818,ec2cb42c429ee71b4a63aafc22e74985d480f14764d2a756146a3563167c5d04,asset
"photos/L1610,ig.jpg",61834,c7b7b19504f3ac4893d662075d0cda527ecb190b59141a4f95f5953d3a26e62e,asset
"photos/L1610,rl.jpg",1009609,b3aa7e4d215c18bee587e8ffb528f8eb1f04cb8850815f9e97e2a9a3d2d10550,asset
"photos/L1612,ig.jpg",114014,deca7509dbea4ecae0fc04e2787fa0b92bea43819795d62b1d6778f70b72fa8c,asset
"photos/L1612,rl.jpg",57305,5e14b185df092c66363cdfbb9374e4facbf8bedd738e187370079822d02a0434,asset
"photos/L1615,ig.jpg",26286,799a1820f2e0a4eb22eda286cc053722b2c965804a5ac674efc7e3c1f323b34e,asset
"photos/L1615,rl.jpg",234845,41cea634e4d81f8cec34654b6e20a7c26d68273111b661ab3fe12a6261c3fd02,asset
"photos/L1619,ig.jpg",81381,771a4539f8cc9968b137de932984a5da6cd87f2f41a4690876e8b4fc93622ad8,asset
"photos/L1619,rl.jpg",103189,3323bbb6ed523f9fe0db31e36be6dddc4b4d2ea695ba42ea072987fcc019c4a7,asset
"photos/L162,ig.jpg",1369,9101b5c522f16df11bff5259201ad3d7e3061224a6a17d282f9374111e04047b,asset
"photos/L162,rl.jpg",38723,1d83df961a7082fd1a623dd21d4248c3a2f804301bac93c62f46f0fcd796f33b,asset
"photos/L1622,ig.jpg",14463,6cc5cdec0fc2bc99d49229c3e07e0bcb6fa6067664c45e6f3db433e80ba903fd,asset
"photos/L1622,rl.jpg",449637,9f778655939c835063a3c307351901941069c179cea187b97fb4b56ef65d78bb,asset
"photos/L1625,ig.jpg",77776,11749f7262631e3e0369d7e9d74038f37c3e068d654e850f6dd86b017ff62a8b,asset
"photos/L1625,rl.jpg",513048,17ccaef47ef2c4b394344cca8b351900926698ca24f6c5a7ea5c17c2e00eee55,asset
"photos/L163,ig.jpg",72897,f195eca4e9b0981759eeb9fa4c3688802edbd35d25ee1c6879ff67bad8bf0816,asset
"photos/L1646,ig.jpg",42034,bda973dfc8509f5ab0031636ddc5a3691b5e0a9dde62e074d359b82a24252445,asset
"photos/L1646,rl.jpg",78451,2924b00d3ae69fe44115287da13cf944e0138629f7f73d0ebde856d82250ea64,asset
"photos/L165,ig.jpg",58165,b762aacd42d795d8af16c0a8164aeda9f906f7017927d11d7d9101544b3cc624,asset
"photos/L165,rl.jpg",252799,7d6eca5d4d31f33ea41f9daaf288e463d06009b9ea7abcb930c51625f63223bb,asset
"photos/L1654,ig.jpg",13757,a9f0eaf215436af3ed7686beb00b3f7868ee106223ca975fecae6cc4a55e3bfd,asset
"photos/L1654,rl.jpg",614493,f4689263c010a0d57f230414e7fe2ab6a9cb4e0d67f1c40e27f12ea0ac538ee4,asset
"photos/L1655,ig.jpg",291719,ae61bbc1d546df4339e3dc42d36fb8dbd7201e303bbb986ac249de2d0a445d89,asset
"photos/L1655,rl.jpg",136386,1a757e631fbb2122a0fdab63f506c217f973a8d23858cf699617f5c1476b2505,asset
"photos/L1656,ig.jpg",63975,492ba8e253fe0a7becab2368ba8586267c860c051445f61ed2cb8dfa19ecf188,asset
"photos/L1656,rl.jpg",312005,c914dd93d4bf6765c729dff03913161dc9a266b4d4e256c279c644efc08005e1,asset
"photos/L1668,ig.jpg",70497,08509948e4dc3e2f6230a49ceba31784a70b507b722b1a5916a0a6c25b8080f6,asset
"photos/L1668,rl.jpg",154996,c083809495195020a87f1feab3bad293df6fb141489a4837570a5650c34cb7f7,asset
"photos/L1669,ig.jpg",49069,576d8cc19d0fb338054a385100852a35c40df377f81c28fbb1f4615186103bdd,asset
"photos/L1669,rl.jpg",86534,65d5032ca8e629dca8effe3c6534c8371c20d8e78ca58eb37aa23e10b357d588,asset
"photos/L1670,ig.jpg",46905,49951975d82ee5b194dcdbf9bc795312fd8b07c60fc4557edd25dec2c456e021,asset
"photos/L1670,rl.jpg",74255,fb870364109eb732e89210d775e8dc4752a341b578f7e6cddbfdc02217249b6b,asset
"photos/L1672,ig.jpg",61600,d263b785cdf59b7103f614391e7744858318b2f73ea7ff7f4846d88f1063e5fb,asset
"photos/L1672,rl.jpg",190737,33c4efce2c88ab921cdbeab9d645bfe52b34f52dca9d76d08206cbd6c31439a9,asset
"photos/L1673,ig.jpg",13245,434bac774415a774c0f02d909424aec35db214e4b515540f215df16ca2674167,asset
"photos/L1673,rl.jpg",185528,e6fefb952f20c004036ebce18929a135fafe2c285fe0ef159ffa1353b160af04,asset
"photos/L168,ig.jpg",34705,d014bc97814f142d475a7fbad3c0386810bbfa5ccc09c26e411083355366079a,asset
"photos/L168,rl.jpg",227341,54fb43bdfdc9e49e74d7d47276b03fafc54204a0f52860f45c0971b706ce64de,asset
"photos/L1696,ig.jpg",13712,57ea234ec884057c7fbda687422282d49ca5c90215d167f6cb8edd4a06116b0f,asset
"photos/L1696,rl.jpg",16397,841dfb77bf3c351d874e9286c564ba474446cd6d0f79475daf5d0e37776cad68,asset
"photos/L17,ig.jpg",20664,c8d09bcf9eacf74106739b0cdb3f62ccba23f91e1132dd4895535cf74f57aa41,asset
"photos/L17,rl.jpg",114683,839f0e4863549745e0d5d3c7084b8285225b7c7ec7eefef13c9bb78562c6d7e4,asset
"photos/L1709,ig.jpg",39044,9d34c3dfc40077cf12873120258e4f418ab72ba6525f973efdaa109adf9c44f6,asset
"photos/L1709,rl.jpg",81044,d3a12381d7f2540958ced4f55e5ca43b5f55ef6e62c652e8c2a53d9f7815de67,asset
"photos/L172,ig.jpg",5928,009ddc734d23f5b9621ba91deea615b518821dc62a7a7c1d1b761788d6e19710,asset
"photos/L172,rl.jpg",68284,20f2c715f5bdc38fde386fbc4a8ff6a8327ebeb0833aa1d8949eba9a9563c28d,asset
"photos/L1728,rl.jpg",220481,1262dbbd11a2f1e3230f4d1e6adebcca5a6679d450981fa5199ec1e1a5e88078,asset
"photos/L174,ig.jpg",15316,322811973955b2f90f784a3f0b70f665f95e7b72c996846022791e492ed2885a,asset
"photos/L174,rl.jpg",546723,266199a4e59f50a396d13473ab37bb51f179f6246835d882d0fa87b29e160a15,asset
"photos/L1742,ig.jpg",20300,db1a86d546344fdda059b808f5ce55938ed5dba18da100583f755e2554d41124,asset
"photos/L1742,rl.jpg",287398,61c8cbe2c66f5cc550f943a929fa459cdf90d78fd8327f1497314ab9fb1cea79,asset
"photos/L1743,ig.jpg",49296,19f641950e8ef66d627f62a9342312a9309132e86824d50360aae7e793833998,asset
"photos/L1743,rl.jpg",74924,01eedd90cc81b6c73161573e41f83c0f1382fcc0847009fa465b8a5f1719796b,asset
"photos/L175,ig.jpg",84987,99241e5700c1c8d6a149ef9cebdea5e6df1693cf57c0df01cfac266c5f41eb32,asset
"photos/L175,rl.jpg",46992,5f5adc20a8d2d1251abc7d725f5df742414bf4471e1c8e220483d64a900b492e,asset
"photos/L178,ig.jpg",9740,6f8a321544bf977abbe5f3473a1f72edad16678b6cd2ccee092d7c3175531651,asset
"photos/L178,rl.jpg",172693,72e9819858629fc957c90cc4f5d73fa63830015f0952f03bf7b1d52823eae6d8,asset
"photos/L1786,ig.jpg",5507,9d76dc130108cb8d15448d93a5b38f0cd5609aa9c64d6190ea4fdf0aed7737bc,asset
"photos/L1786,rl.jpg",388818,ed721fb38c5663a4ed5c40eab8248c923d80159ee2bc4c856cdabc117147abd8,asset
"photos/L1789,ig.jpg",216134,ee853191665a7667d4226ae56d16f0f5640e60a700c6e40f4d03d230597fe296,asset
"photos/L1789,rl.jpg",390531,ea18f934a546241de6ea857f6f5c6fa02599c2f48d48378fd6d068ee1ce617a9,asset
"photos/L179,ig.jpg",37949,b5dc49069a0d539cb721c4878d1eec69d00b5c55a67e368543a8dc8203888e79,asset
"photos/L179,rl.jpg",57200,c7c79683be547c670cbbcce44dfd839368574a7014a3d4fa1ff5588664128a58,asset
"photos/L1790,ig.jpg",216134,ee853191665a7667d4226ae56d16f0f5640e60a700c6e40f4d03d230597fe296,asset
"photos/L1790,rl.jpg",376295,cb8b365dbb722e15e3ed75c2c7e9cbdea9cfc319b421ca5a1ea95a7031116f0a,asset
"photos/L18,ig.jpg",39906,3e0e66854475936190008df4537e9c9a9a08c3bfda63c390ad46ea7a1eac2e0b,asset
"photos/L18,rl.jpg",168813,d23246bd789a1789cc3b63a80c25f419628af06665a321e9fd6ea5272d89114d,asset
"photos/L1829,ig.jpg",59269,ceb141b25adc396061217955a4413b809ec2faf2b1b0e3dcb9d064d1497eb21e,asset
"photos/L1829,rl.jpg",205029,1f2b4d2475a1b30b47ddc3f9854d9e968b1609097b30b3f6f45f2456cbd112f8,asset
"photos/L185,ig.jpg",25750,80a6827712c394676c467cbb95dbf4195bfc7c6816d379f4ec9f1032d93d8e27,asset
"photos/L185,rl.jpg",37816,9226524373c0d2e1ef756ca9a4d610e2e5accb63a1836172b98bd6f228d7dbd7,asset
"photos/L1859,rl.jpg",347583,5632ad6c7441cd8cc5f82ec7bcca9d008b147944b8b81d978ee3667225282a33,asset
"photos/L186,ig.jpg",48852,404dcce02037283e6dcef5c7b89ec0c83bf5cd91f5acd89fe3dbc24e69218af7,asset
"photos/L186,rl.jpg",91451,0aeeaf4be11b681b981a09ae15273e0d7bc6b9f4545f5096027c38d4c68b1be5,asset
"photos/L1862,ig.jpg",139502,32a0f40ea526494df215c2ba2cc608e61e0ab92c33ce27f80b955fa24be6fdc1,asset
"photos/L1862,rl.jpg",289659,c99fe6adbfb83c9d83c260643118e8c7378aa7f7a639a6b32208902acb660c7a,asset
"photos/L1867,ig.jpg",23009,2139e9c8af20bda993e196e80a9572d71d3eb068b0845c15068812aee771f5a6,asset
"photos/L1867,rl.jpg",88355,d25fc95ab8b2d1b53d7d1b2b04089e6a3f8815364ecdd414e322b23fcf163ad6,asset
"photos/L1868,ig.jpg",19248,008b33a658c7acc41befcf2cd3f7310b901966ead3a8f0296e679eb4eb2ace5a,asset
"photos/L1868,rl.jpg",111073,5b95365c45ca039118a34fc8482315c7c44fbf93f32a24a22ed63da7a592bb21,asset
"photos/L1869,ig.jpg",70501,69f9cea8ddedb7d2565545fe49c6b4034d4d5ae35eb48dd7363378753c71a312,asset
"photos/L1869,rl.jpg",77016,1a10983f8175bdcad0e77df7711495873ab1dd5698f99bb12d443dbe8e675232,asset
"photos/L187,ig.jpg",27521,ee76c2796a3b0aa87420f1ce6b74dcfba1b5212b91ab2888a6ba310538653df4,asset
"photos/L187,rl.jpg",49808,b4e9a335e59d5b48664c4f475f07f30a9883c220901005fd7cba4e2bc28fcb8c,asset
"photos/L1870,ig.jpg",28508,828b75245730bb3e23b3b27efcfad653fb66ac973f719b8e9da2f09e7e3c6e6a,asset
"photos/L1870,rl.jpg",57679,01c247699681f7b20b9480340a91a4c3b4aa0388da7fd28e2a60ecf16a8dfd52,asset
"photos/L1872,ig.jpg",45862,34628e81d36138a4d17b90a4f9076a7b114fdb4581930c5d97aef09000f65e35,asset
"photos/L1878,rl.jpg",169348,64942cde0bbb47a6a4a7be57c3c1710e41b759ead30c59dda20e2d859ad5b0e6,asset
"photos/L1892,rl.jpg",37371,a7c3c8858e1249829679d6ca838b23afed36e307f6028caef2f568521ea3fd8a,asset
"photos/L190,ig.jpg",53445,a7ff0f3b81b2550bd6b363ec43f4b1d47692808de911e0fb355eb52858f1b528,asset
"photos/L190,rl.jpg",66011,2c4cd4e3877ccabf36347b9f59911b72ecc3545059da7808d152ed5b6b785c13,asset
"photos/L1918,ig.jpg",1072394,65b6bae12758bedd73369374085a24e5d018e0f298ea3c76b4690dcd4d016f66,asset
"photos/L1918,rl.jpg",683154,dd189003fe9088df62dc137877230d458b8a3d390ba0d908d1acfbe029c46209,asset
"photos/L192,ig.jpg",500951,895b5a8c09ca046b3a9a4fc6729ff883ced023eceba751858004605697301fd8,asset
"photos/L193,ig.jpg",71143,a1f246df204c79cd2a12cda779e38b92b4a825ea0a2d1ea03f50d5e28af9f4a2,asset
"photos/L193,rl.jpg",132237,383787f84d0608e7ac0331e54b95dc4fdab035a144c2eabb65ed5a56cd29bb28,asset
"photos/L1930,ig.jpg",4119,4ac12f87a6fe77376eb58e739566e5676392a7694e85f75f63ed1fa198b957a6,asset
"photos/L1930,rl.jpg",85123,4ffbd21de70491de23669e46e1d5f4dbf2ef6cd57b68515e96079cb5770cb39f,asset
"photos/L1932,ig.jpg",59454,5b9311a93b54c2d47f8df6f02e8065f8e4f61243bfbb3aa3bc55807140abb4d7,asset
"photos/L1933,ig.jpg",56202,49995b75a64f5243c6982e254079596c9a3506a1ad3529e8ea88d183725b290f,asset
"photos/L1934,ig.jpg",38756,35e4cef655e1b1ab495b6a07dcd78ccdf9068e788047f1ec512dc4f1f26576f2,asset
"photos/L194,ig.jpg",48571,03901cd23f6e9f0a968c90188955316a143ba062af4a6e768febf5098302735c,asset
"photos/L194,rl.jpg",110045,0031dc59a207f4fd5ee4015952093e9d72ff5cad9873b6dc763a2f0b93f278c1,asset
"photos/L195,ig.jpg",35046,c2ea1acc5a087c70088eeb06e510c88e5ae2105f710c71d7a016dda29e95090b,asset
"photos/L195,rl.jpg",42139,efe0ccfc8b2bb85627cf78b0e6c103d8f13b0feb425602e812c04a98f528a617,asset
"photos/L196,ig.jpg",1776,cad9de1a11a54f5cb2c0edb31c4cdca27fce215663f20ba5e7b527675b0868bf,asset
"photos/L196,rl.jpg",39235,3249acf5606de27f09bcea4643182090771d34d022448ff6b000e99a9bed451f,asset
"photos/L199,ig.jpg",126947,3af40215c243bc77f3ddef1d248228141f3291922dc0396fd973a1670867cef9,asset
"photos/L199,rl.jpg",74559,1d293cecd307124aeae51773ca9bfa230b7b651193a5054dda55807423e9397b,asset
"photos/L200,ig.jpg",12636,74655066694d526c9e404950e0093466e703f65fdb3dcf06d67da7f6f4705c80,asset
"photos/L200,rl.jpg",34512,221a523dd3de3eedefe9088a79fb1a440ddebd57ae0a85683b438f04ab62b541,asset
"photos/L2019,ig.jpg",64650,c3bfc159343265416b3ef265306369cf2cd1faed7615bd456ad362b369e52ba2,asset
"photos/L2019,rl.jpg",137703,4d74fb18f8b7401944ad31d62b5f76bf6abaaf2ec586adabb5d8137c9fd78784,asset
"photos/L205,ig.jpg",17725,baf68b06a9cbe969714dea13074272ec48c9b184534cddb2e94a4eafe4e6a9d3,asset
"photos/L205,rl.jpg",104782,b046b9a3735c9e73d396e7685185436ea22aa1b3c81e9c128b3d56d33e7030d3,asset
"photos/L208,ig.jpg",106297,b5f4442c9779386da45d84b07579e9df74e4d3bbf05d933a0a0704f0f6466626,asset
"photos/L208,rl.jpg",98815,6bc1285db9ca51d75ef0cdd8172cceca7333d327fa18c5b2457f0a03aa7cc790,asset
"photos/L2100,ig.jpg",108314,e1c0905da5664422cdee8ab46efbb64a499090b1dfb2e1e38eb47570838c3b47,asset
"photos/L2100,rl.jpg",98122,8d667337398ad9c0b36881f0bf05d8b3cb21d8093640d57cab7f828f108d8d9b,asset
"photos/L2150,ig.jpg",93879,66457d4c3d10d3b46580ee27c924c90574119d464d0ca086163f91079782d485,asset
"photos/L2150,rl.jpg",160085,d37935e7c2f23a9ac0bb54c20c73c7c30b8e22299926a24da0b4967fdb5374a9,asset
"photos/L2151,ig.jpg",55498,5765305ea3824160b9b0bd270eb0a26bb76a48684da72c6247ab61eeb08a0678,asset
"photos/L2151,rl.jpg",84787,f0450de10ec9cbad73dbfe730bfcf7eb5f07ad2aadf0c87d51e1c882c219eaef,asset
"photos/L2155,ig.jpg",17800,d0ea2b87f04030954655aba25d74831f7387ce319d0464b40720922998b03ab9,asset
"photos/L2155,rl.jpg",113587,67b3911c6ec4c5eed40d7afed2eaa356cde54b33a16900ca1c9fadf6ccb0dd57,asset
"photos/L218,ig.jpg",109097,2a918fda0fe4ac9a2eb33c20d326ed51f43eea62e661e4d4780e687aad8f4d04,asset
"photos/L218,rl.jpg",158625,f7bc787a56fb098c90eb24369219d5bb1e0d01e39fe98ffb14272cb30fa430c6,asset
"photos/L2181,ig.jpg",44828,63f5b510c4c9ff13de0ec2d80d6d14ebda00ecb40b83bd814c25fae0da89a3b4,asset
"photos/L2181,rl.jpg",79281,4b709873f11e649ed4578eabfcc0a44af3b7c2abe1e9e8293330d93217492b0a,asset
"photos/L2183,ig.jpg",8025,c03835728e9760ac0f3694e831e51e227cf10165f088ad7fef86309d821f268f,asset
"photos/L2183,rl.jpg",75467,b37295fdb1c5f85395a5da4fbc81c58c87407ebb20d45ff349f7aab5426bb721,asset
"photos/L2188,ig.jpg",7522,91e26aec4547beebb7219bd5cb4026f241fd55e610fcf401bef4bb95e3773460,asset
"photos/L2188,rl.jpg",30794,dea3955e3a235383637851ca530ac864a2146a411e13d808b1946636f594e366,asset
"photos/L2189,ig.jpg",17508,f06bf0d981ce247e42a9c6070e184d496d099a20c9410a5bc42279ed6374e02f,asset
"photos/L2189,rl.jpg",41845,81506c089e5e71292193f65ee8ded5c60396c6258158b759f74fe1e6b6757c2c,asset
"photos/L2195,ig.jpg",38059,438424059ff164f1ab672c4b11cc42c9272b20292e9f4d96991367e90ca82923,asset
"photos/L2195,rl.jpg",80621,96d762245a63c41daabf47ea594813746b54528a7833607fc952836bdbbd62c3,asset
"photos/L22,ig.jpg",34793,f716e14de9014ba82e1852a727dff3a765b47f7062f19b795b83e7a7364f3d13,asset
"photos/L22,rl.jpg",42257,e2138670a1c1b83f79b19a38a846b52e6ff52e7d7fb2d05dc04352d2a55b06dd,asset
"photos/L221,ig.jpg",5809,2fb8f7bfea4203382c8b32f0a8602bf8048e2f33357abe5065d114f24a4a68ef,asset
"photos/L221,rl.jpg",55713,05d150cd886177679f7662f57ffe8fec8d73e01b000f9bc961c23bfb0a015f28,asset
"photos/L224,ig.jpg",5458,9f71dd347a7aff0a6772c9af09f0c4bcde6cf6bf577fec4f9e39a330ac0f9374,asset
"photos/L224,rl.jpg",44663,3ca48013b880b5decc11570ad162cc50f27d5cd8853ab66a7a4cc9fca2cd40bc,asset
"photos/L2245,ig.jpg",1413406,f822d6a1381c85e77f90dd7c6f08808d8734b6a581dfbfee43415858e2f08391,asset
"photos/L2245,rl.jpg",359419,cce8b410e3424154a0753f5f5e842ab3675e1ed7113302aa62553bc94cbf021c,asset
"photos/L2265,ig.jpg",150876,8ee07e30f0175db017818e5168d26e521983f1b87fc6f9976a0accab498afa68,asset
"photos/L2265,rl.jpg",1334733,1cdda81b92e24f9ea0ceb7fe4232871f796df0c49fec5614ffdab6b9f3fdc301,asset
"photos/L230,ig.jpg",62645,87084442f7797f69a81c7d4a030bd7b7786d8eb500c1300768d4f5ce462ecc36,asset
"photos/L230,rl.jpg",102028,8548cf831211bc96c06c5ac596556f5ba63284bcac14e9fa3697d3864f224776,asset
"photos/L232,ig.jpg",73057,6d2bc414928075bebb23ca0cc50c904098fe3ad0053679ecde82a49de0b42ee6,asset
"photos/L232,rl.jpg",188616,852006099b449202dc7490a1ee19c23e2d7120a340b88fdf248905834ed5ba1b,asset
"photos/L2324,ig.jpg",8130,c55ebcab4644c4be46ec5b235a0c4bd988539fed56070068ac910f3031e774f8,asset
"photos/L2324,rl.jpg",166961,c6198b5df9d466ae9dac2f576506ed34417be7b1c3be0ae8579ff6188b031546,asset
"photos/L2360,ig.jpg",219712,6600be6ff777d22b291533db1de39e85c96006294cb214b9a1f0a573f3edeb84,asset
"photos/L2360,rl.jpg",170706,5c7e281026e3d972b5e8402b5a0cbf33f11dfceef83431a65f7ff23aa3c299d8,asset
"photos/L2361,ig.jpg",247548,664d6c090df5d3214b237681528b7004fd96c14fdec42c7a3fec00e54f7934f3,asset
"photos/L2361,rl.jpg",170706,5c7e281026e3d972b5e8402b5a0cbf33f11dfceef83431a65f7ff23aa3c299d8,asset
"photos/L2376,ig.jpg",28943,3689efb6f90afc18da9bdcc6dac2737ea3cf833baa95836611aaf6b1084897d3,asset
"photos/L2376,rl.jpg",236448,a237fbe428cbe6b4798084d3352ab0731da4ac82844a450d93302c75f3b60be8,asset
"photos/L2377,ig.jpg",56504,9d454b5c641dc8e4185d354f25525f4055963b50666a7d793f7177c77955e185,asset
"photos/L2377,rl.jpg",153249,1f52173da373d5af82053a52b4ea22ae8ae17343aababc324e2e24a081a2a808,asset
"photos/L240,ig.jpg",3607,97a0b834742e1d3a9a5086930d3584bbe4fd9dc3d4ee5ee5dec62b5f9a88a5ed,asset
"photos/L240,rl.jpg",59716,adc834e5fdf419cda78c1aac1fec7a335026223d3f43fcf04c84ab5104552bd1,asset
"photos/L241,ig.jpg",32468,967916f5f4f8c56cdb288dbb7ee9493ca6c9096a731927fe310443bac15120c3,asset
"photos/L241,rl.jpg",45505,17a2775b212a01ffab433293b5648a5b9b19a812fb397b4482a2ec272684fb7d,asset
"photos/L2423,ig.jpg",44005,4f312dbf56b8642c283be4e2983ea73ca2c71119a73ff857a0bc4b0a558bc957,asset
"photos/L2423,rl.jpg",143923,5941a0d8b6d5e97426ede4829bc00d386e7a973aa52023c2db78bec4fef2e82c,asset
"photos/L2428,ig.jpg",127730,fb56b71c52c38a9a232d688182b969abc803326f834234df9175fc5a39e9c70b,asset
"photos/L2428,rl.jpg",279153,91902d845be0c9622bc9603ef2fd9eb833074419779d5333780439ce39d0804c,asset
"photos/L2433,ig.jpg",32687,fd7397ea6b4d74402594c966929650a17722bfb41a6fbaa67a3f6ab265e72d9a,asset
"photos/L2433,rl.jpg",347621,d7e019a8eb645b14e7a64fa84da07678dcf89a6118e035564011e22c9d23ea8f,asset
"photos/L2436,ig.jpg",19144,976e0a68dc1ab4f4cb7f47020eb62e6fc3a171a7b79b7510cfc7846e5062d794,asset
"photos/L2436,rl.jpg",618407,2e23175ac2580d7013ca5d61c46b8d57daa0ffc0afbaaa0e38546658e7f7ff80,asset
"photos/L2446,ig.jpg",95647,0ccf8e00a45ddb6e0a7b9540337759d6bc5398e300367a0f73f00459cba1d47e,asset
"photos/L2446,rl.jpg",425571,b83a01d28bf1456ff5c13347d4216e42acd47b799acf0b1217d7d53b62bed946,asset
"photos/L2471,ig.jpg",83107,df69963edb2f06afec6e82f675315e80f0d23ee8ee7e298f041ceb1cddba728b,asset
"photos/L2471,rl.jpg",447951,4904da785a01c96f33bc1862484db234ac82b10e3481837df3f1ea59872ac0b4,asset
"photos/L2473,ig.jpg",397382,fe5761479b1c51da76a2ce4146ce95b04cda04fe3d29ec5b1704960f620a5afe,asset
"photos/L2473,rl.jpg",264185,91eed78fecbe2fcf6cf3a5b7633d504c881bd8dcd93f5a4865b1402031449f89,asset
"photos/L2475,ig.jpg",21590,a56efb68e0d8656f890b1c45014c27e3303f81d29aab67a4cdd70d636ccf80c4,asset
"photos/L2475,rl.jpg",7762,b115369832617900b16503c54997c3a1b6b64e7d29809456c36ade232447bb0b,asset
"photos/L2487,rl.jpg",96494,46b2085719a996719670f4e0cb93fca3003122239ec7c17f9b1ca5e2eaff1230,asset
"photos/L2492,ig.jpg",44610,e9b24f8ee6689ceccb1be62cb1d40747ca4936dd33078589a9e755b511e4cc8b,asset
"photos/L2492,rl.jpg",191007,1e7944aa2a008be82b0fc5abd70b6daff49c6871703c457d22960162859cb90c,asset
"photos/L25,ig.jpg",7491,292d0610e25ca93e1562a96e2fee0a5dadc3c91045347b06c1fa660106d6ccc2,asset
"photos/L25,rl.jpg",153329,0584e49baaa678c1b3005f7ebbeb2d1f466044b48ed9cec2f4e237e37c10fa3c,asset
"photos/L250,ig.jpg",9656,13150a52e229a8c0ce02523a7d9b607421b04fd24346371925e66d2e0003e508,asset
"photos/L250,rl.jpg",140402,1ac96b94e2303d4ec9f88aac7a0796b7ea54bae762438599d0ed2f929b238590,asset
"photos/L252,rl.jpg",83198,bca43e640a42c56a50049037be1486ca77133c6e63640f0991b6a86b9293584f,asset
"photos/L2525,ig.jpg",14688,42083adf27ea54a44efb342da06283891daaae9a4b9d549669457bdb1d775727,asset
"photos/L2537,ig.jpg",35627,faef9d9e5d5304de3e61a83af034c988cdfd7767ffc6b1b6d1e54321daa8ac77,asset
"photos/L2537,rl.jpg",132301,78a4fb5536e8fcbe4b4516a2572f8569727954123da1448a26ca6b154d2717ac,asset
"photos/L2541,ig.jpg",215287,14c99e070e69ef4fa8fafcaa564812894fc6ba569e93472a1de94f9e86776396,asset
"photos/L2541,rl.jpg",217044,9b620de61bb859fd0136ca41a1efaf5bfb50fbe0ab93a6e276f7b7f2d25d53af,asset
"photos/L255,ig.jpg",68289,0cbc5f6b3b2a8c76a5a41919aef1b485d8194b3260f677e320d7f396a8a6cf04,asset
"photos/L255,rl.jpg",225319,88321c82f80862744f064f7043d58e20713a322f9daee47b302e8b210e344066,asset
"photos/L256,ig.jpg",2039,961f7160b111d85f57ddf0e87ed68cff1ffeee6ce69f61ee73602aa151ea304a,asset
"photos/L256,rl.jpg",14320,728e6b6596ce3ffc700a5f81f7bb21eab8c4702e7cf52fc01273e14dabce874e,asset
"photos/L257,ig.jpg",26612,e247d8bebae96fc8ea45cca51710aaa59821bd6bde6288e5a6fbde0a653d7be8,asset
"photos/L257,rl.jpg",159276,af20d1a839204a5246db261422f7425353fc5020dab4df011151a4d79409890f,asset
"photos/L2573,ig.jpg",27175,cd4d993b3caf7bfdcfd253b4af8955669d29b828d81107f3a1a888fc3ae17de7,asset
"photos/L2573,rl.jpg",477126,3df39e6df6fe4ab4b726d2bcdcf27ef2cbd245a979d52102de8ac21635bd872d,asset
"photos/L2574,rl.jpg",402351,a2f6a9884270aae7af37a28e3ffce73ba36dd55e8d5c9222b7e72dcc558c4eb0,asset
"photos/L258,ig.jpg",40604,efecd0907a6e8deb3f26e8f3df50f1bbd99d0c7971eb1282b2b18a43e63a358f,asset
"photos/L258,rl.jpg",44710,dcab6e25f93b7aa6428498d30151d989826545e0313a35db50985cb364ce8403,asset
"photos/L259,ig.jpg",74092,0bac1b08054be78400e2813e3c5bb82bcd8da401b6178052683e551eaa04c619,asset
"photos/L259,rl.jpg",101131,80e981d8fafbd517d86783b50e98f1e2ba5f61071eee6d8e8e7b84646eef36a3,asset
"photos/L260,ig.jpg",50222,0c7fdc23d808b2f7cff1b57d4c8765f3264d59aa7b1fcaf649f0e8b1354f538c,asset
"photos/L260,rl.jpg",31074,78b4860416f0a96f494862680008d1028ecf8a69d6282e64034de40c3a3e3dcc,asset
"photos/L262,ig.jpg",48370,fc35f2a340f3fab701a18b289fccf1e6cb8f8cc7c63b1ee1cfdf8f2f2c5d780b,asset
"photos/L262,rl.jpg",14780,a0f4c9728788185793856fb7503311903e7b165a4889224348eddb6ee53474ae,asset
"photos/L263,ig.jpg",18871,4bd56e06c3c0a5b95429c09cb27b873bc9fb68bc8570dcad5ba1b3f6553efa53,asset
"photos/L263,rl.jpg",96991,e616fa6d100570ba804f1092c13dcc9bc50b461509f6313752feee3d548f677e,asset
"photos/L264,ig.jpg",49237,1a06a413c8e7124b06d9e546de1a0dbbb2b2a3e7a7406a32349665118596a06e,asset
"photos/L264,rl.jpg",25385,e8e3f66a77db3414b8d03a7948723d450a6695142d49e776875c79c6eebfda2e,asset
"photos/L265,ig.jpg",255565,89ddb11c34cb651d7d2c1af4be32a38c5de15185a2997955995de75d86db3411,asset
"photos/L265,rl.jpg",13585,f26ffd139fc636fc8184f6beaa2952103698a0456b19d617c8b188157ad41acd,asset
"photos/L266,ig.jpg",748203,fe3af67b3d2ebe64f088169d827fd7ded4dc1797c126ce337606bd2f12f14847,asset
"photos/L266,rl.jpg",50209,e612fbc2fa3882527b52bc211b912932064b32e25b2e49d8e7d9dac40d4200f8,asset
"photos/L269,ig.jpg",27294,c5e36f3fab088a726260421495d737196175de87f79da636b20727676eb3d727,asset
"photos/L269,rl.jpg",59344,236ebe63ba96958db500d4658ade40b9fdbd0f6dcde8840272c24538d3de94cb,asset
"photos/L273,ig.jpg",8049,059b0401be98b4f143c8b76729f004053442794279e0ff5297651f0e6e496aa1,asset
"photos/L273,rl.jpg",7254,3238179f4eaa4f664bcf4d6a0c544f88e3d7611bbf1b0957c75aff41da097b08,asset
"photos/L274,ig.jpg",43438,4ea84373ece377f1e57a081dc3fdd05ce3437460a330a1c381affcab0b28a8a2,asset
"photos/L274,rl.jpg",113256,d495e9bd9dc2d928a12d06102ef1037e2c03a919d43ba14250d411c7606c4133,asset
"photos/L277,ig.jpg",370163,7d200a7a27cf8ff677c5888d2afd66bd2dd04252f9746188330b12009ecefbc1,asset
"photos/L277,rl.jpg",292962,06ffd64f1107bd9ff021cbab21f1a305b1245c41965f746030bccd7732fe16db,asset
"photos/L280,ig.jpg",7932,bf2d5533da934fda9ce27b4b9e711a051e2b08785cf58c3f5776b4a2f5e57eff,asset
"photos/L281,ig.jpg",130246,4c2e0ee6a5cbb0ad3154768833de33484522536e0de4e8cfbfd79a9a16903a2e,asset
"photos/L281,rl.jpg",274208,ab9dfac429dfbeca31a8d9d9cc1fec40ad9d00f695704dc8e5b7e2d13da9a770,asset
"photos/L283,ig.jpg",37606,dc26a7e6b6427d8ccd81f33c23be79cc7762ea6b6994f4026785f3f4a3033744,asset
"photos/L283,rl.jpg",55304,b1ff28e0c1ab2c3369ba3cdd25f71272959ceaafefd4cde093777fde061914d6,asset
"photos/L284,ig.jpg",19291,978bbdd4546a6911a8912f8da68f8e98a6b4517d65e90653452a09fe0ea15dde,asset
"photos/L284,rl.jpg",44464,39db978318fc8243fc4e869b523ce861454f91648eb052b17b525f27941f48d1,asset
"photos/L298,ig.jpg",186492,03f47206c09cb47eab814b006dd5d98943c10ac92a2a2eeab3364d11214dddd8,asset
"photos/L298,rl.jpg",268086,89fba3fd4281d5e1cd7453d8389f83c00911e592fb78faac2f146bd4e68482ba,asset
"photos/L300,ig.jpg",12509,c4f728413a2bc5fcaaafb66a760ea5ecaa0e5ccb48352c52675e5b02ffddc8e7,asset
"photos/L300,rl.jpg",100209,6b957a0e5c33d1179241056330ba3f3c0a2075e0f7c313f0391bf758576b66b6,asset
"photos/L301,ig.jpg",28187,752b17dca3f18a74570e49dadbce9ce61e703bd3bd6904cad04a441d816e3087,asset
"photos/L301,rl.jpg",148672,e3807b13f622197dbf91465806a8f264ebbefff046f96f97fc776af07d332c77,asset
"photos/L302,ig.jpg",69003,0e03f01857ff1e92985184f51c3337634bb8f34fd8e5b7cc7b7e8606be89fe31,asset
"photos/L302,rl.jpg",163731,7f44a300d6b8c6665ba3e583e54d0f6404d99b60c1c48f088ea50bf88fd09220,asset
"photos/L304,ig.jpg",1188998,263430f4883b3ff0145898c5f12d833facfad9a40c78dfc6cb44723cc077ee88,asset
"photos/L304,rl.jpg",84542,61d452a346d155b7db3375c483c6dcf509fcc2c1d87481f7d0480136008efe17,asset
"photos/L306,ig.jpg",35443,c0462c5820ae2c04117284e9445115778a82b85b5824d5f844665e9ac4f0148d,asset
"photos/L306,rl.jpg",26563,88e03ea0c0fdc569f9a64c6f8d3be9d567521445e9df48936ef0af6045504316,asset
"photos/L307,ig.jpg",224263,f2265fb655d4cafee4278a9b47dbaa59caf522ef1ff78640d010b315c863707a,asset
"photos/L307,rl.jpg",189245,0213e8e3b9258b6e3e56da8f2c4b9624f28a9559a5ab9cf2e2458a9b9b69375c,asset
"photos/L308,ig.jpg",898374,f04d67d9f4622cb6cc88eb034898e315864f15e1f4a0419f3675e496ddf74a46,asset
"photos/L308,rl.jpg",67076,9574b611ac0cbfaf95df0062424a1d42a467b619e53e4713ade5db8e537f14fa,asset
"photos/L309,ig.jpg",27285,3d844c59d51538e28cef3f3bf148002e933cbaa643714220f0a60ef76ef85bf1,asset
"photos/L309,rl.jpg",44683,da08cd0933b3c3b80e673c94f54fda1a97d8e208d64a76e57c5f149ba1d0c34c,asset
"photos/L310,ig.jpg",162556,6609c6f64c5d44304db0f96347c127d292a44196729aede2da9b9245bdd74d9f,asset
"photos/L310,rl.jpg",48508,7cb559a98c3d912dc96cb8ade4d0f50f0370dc9f30dffdd2b762814f57266b87,asset
"photos/L311,ig.jpg",23652,84919230d2465950007d4aa00780a870ec042e7c3b6109a0cb92a2029ea10159,asset
"photos/L311,rl.jpg",31345,f6766d3abd09ed4cd02c607c20a144137918aeb6daa979dcb431e0896fdf3c79,asset
"photos/L313,ig.jpg",567352,885eb68c9acdfdbd7e18d590edc93be2e87077a297f69d92abddb3ff667ab19f,asset
"photos/L313,rl.jpg",195619,ec8e5c94d83110722d6e37c9fa4d3212b91567c74427c55a434c2042ba1c623a,asset
"photos/L315,ig.jpg",118146,5c03f3743441a9bbcd34501593b062a277311506cba01baa9788b1d7e460c3ed,asset
"photos/L315,rl.jpg",140137,d6bb8f4064b668d635cc780858efb68cc11ae04c522653c582936a28615b9b3a,asset
"photos/L316,ig.jpg",25676,9a027d3a5463d10c6581f99de0be2975e16f64ff4830e541f307afef2d945223,asset
"photos/L316,rl.jpg",27987,f8b6a30ee4bee50a3b1385b9b666ac692b247525b85ef2c78e19f3ce9df8f17f,asset
"photos/L317,ig.jpg",287482,94dd646eb53f663839e9fc0331d4618ddb8f7ed2033c3aef37befdfb44f37bd3,asset
"photos/L317,rl.jpg",56013,9dd717753382ce52265d05a93658aeffe20307402ec1a8e5c25e5bfd0a183e13,asset
"photos/L32,ig.jpg",31153,476f00285e82b94b36fd5454561bfce0e030d4f55a9d4747b0303459380895b5,asset
"photos/L32,rl.jpg",63474,91d64b20007c44dc6d60ec97f528f5856ca602cb2bea35cd5f4407af7b032d80,asset
"photos/L323,ig.jpg",11811,9be6af1383f7442a2b79ff17294ec650f2894d2369a8b24ecf866000939c7a75,asset
"photos/L323,rl.jpg",207142,0ea256f0a8597459de0669c437847e90382f0ad69e65582f5fd8335480b55290,asset
"photos/L324,ig.jpg",78332,84d3666f90c721446602fa9a409a24596d5cd3ba23793c28e155f91fdff8a5f7,asset
"photos/L324,rl.jpg",63190,5543e9d15b45afcf2cbb8286274a794288500acd855137b8ad30f7fcb5f0d123,asset
"photos/L325,ig.jpg",1077713,ba1624a0b423f729c8cfc3743978f7bf21c55d16ab30b4709bd9a7a3ef28d39c,asset
"photos/L325,rl.jpg",129400,73d90a2ea6e11e88e4dd70e5782f29cb428b042102750a6548d4f50d01dcbfd8,asset
"photos/L326,ig.jpg",39480,d573d99a397bfdeea83af84cd789eb60cddf9e8beee7572acbc69ac3ba0ced46,asset
"photos/L326,rl.jpg",25983,decd42c3107cb9467fbf74e10075ed283b6f516f8b8ab861193a51662025e6d7,asset
"photos/L328,ig.jpg",38429,a4e4b2e69ac946be9f3b4b2ee94afa2211043a52c7debf3fcee2fefa82fe3157,asset
"photos/L328,rl.jpg",40862,f74ad0e10f0db2e07169f7bbda25bfff5b9b80379077451f71bc4d89bb49adba,asset
"photos/L332,ig.jpg",65710,e711e7ff31c32336e5f969a2ea9575e0d3d7973375d87a45cc50290dcf2e910a,asset
"photos/L332,rl.jpg",29490,94a8fd142b3bbd9f5f7f9e0eb9d27d321a2b1b0a32a710269bee7895f6182639,asset
"photos/L341,ig.jpg",72799,9a6f9acd90879bb24d4a78b6f4945b97d3ebea829e28f534d892cbaadefaad34,asset
"photos/L341,rl.jpg",56482,b29d39d52fd3925d03f03f7af538e3bb56467e9981e1b4d06107d13be45b1b2a,asset
"photos/L345,ig.jpg",38678,4d700321459cab57c5774bb302520b6e2f6885beea744f0b5fc6abb408ecd8e0,asset
"photos/L345,rl.jpg",41412,4f10f1211d5d17dcada53a3f2da6c53133c2c501aea9a72f6c5e7504661b5f73,asset
"photos/L346,ig.jpg",124885,d89be8d445473a699adc8d95ce457225a42f9c14ddf12487791270c1d45859d2,asset
"photos/L347,ig.jpg",31859,0ecb46cd0c8920b699daad9115e104d106acd7ef5af10ec712b713226f71f85a,asset
"photos/L347,rl.jpg",53607,ecd57112b2765da0a929f8879d5e280f8d7a2412c62d4718c0f7b19094adfe0d,asset
"photos/L348,ig.jpg",9924,b98d9db7bda48fc53d3a2b5e8d3f2ffd0e6d6e93b7939b8ae7fa62f38afdb5a0,asset
"photos/L348,rl.jpg",52814,83faad1b6cb9075042c0ae48a606c02faf1f4f7338c35d21261019249f1ee8e0,asset
"photos/L35,ig.jpg",73288,2ebf808a23d964ad7395a5b522479caa404f3939d9f8e50de5e7fa56cfc63bd1,asset
"photos/L35,rl.jpg",47439,cd8ac2749b42a55dbfe8e6a042cbfc2ea720b940f2a60fc13b44385a85bd535b,asset
"photos/L357,ig.jpg",32933,95a1564e05cb321d94780d5889ae9888e2dba50f2169c9680837d02487f45e3d,asset
"photos/L357,rl.jpg",356582,368c7bcbf00b3683928246a76f91ddb477470c074f7e72cface000b315bb687f,asset
"photos/L36,ig.jpg",207181,397dfc9c235a88371b78ac686aa3fa87894dccb8f6f83c968a5e42aa55d9ddf6,asset
"photos/L36,rl.jpg",102642,5c3ea878f04e206394806cda0822280d9ec88f33072bba914bf6895dc1f94e69,asset
"photos/L360,ig.jpg",106073,662adc008ce4b8ce28a66d400274f5ca479a2cd64056b0f3302c99923ea74431,asset
"photos/L360,rl.jpg",21876,6dcd0518205391de89eafec822c7a3760368a825024f038af85644532af14465,asset
"photos/L364,ig.jpg",34121,aee544305b4c56e4fbb135cbf29725c8cff8fa222bce6f9616938bf34e6e3276,asset
"photos/L364,rl.jpg",83151,9ccf7ca582414bc5790d83c634cf590d46acafc2d544bd28293d822a7bf5a6d3,asset
"photos/L371,ig.jpg",16382,f483c44a2a6c27ea88a6de6823d086199cb0925cf9210c996d802ca8bc3ee19f,asset
"photos/L371,rl.jpg",23693,1330aa2e615301b134c4fc0244712fcb93e7d7c07492e5c62ea174fafefe19b6,asset
"photos/L373,rl.jpg",19106,995b79ce79dba4130b1212f655b4181fd7f9a3c6ec863747f3f44fba35c6afb5,asset
"photos/L379,ig.jpg",147932,2745ce09f6e243160dc15f85f14fbd723f706f9ee1200c0d879da03f51f83372,asset
"photos/L381,ig.jpg",4295,ee3ad064677b12a300b2d69fc643f6e6a506e922627bb722762f2995e6ee0bb0,asset
"photos/L381,rl.jpg",27424,1becd5fb0955d49cfeb6344b22ef4769780fb486c9c3b648ec07bf12ab20885b,asset
"photos/L383,ig.jpg",24444,d10609bb772f072bc781fe2e7d3c8542eae86c3075dc92e90d17f3c40d0750d4,asset
"photos/L383,rl.jpg",232620,dbbeb33f13820faa8f459d3da91e4ffba04fe7dfd6b1df00880a9d7851ce034b,asset
"photos/L387,ig.jpg",12763,c86ab93bb379466e0bbcef9a7d39325af4478dcd5c90a7fa77214304455eeb3f,asset
"photos/L387,rl.jpg",29655,36236f61d911612f35846c5e7de1d13dd516b47f6cc6988b03b797369061b343,asset
"photos/L393,ig.jpg",267707,5d2f1efcbd3847232263c26edf2912b1d2ed0baedddc49ec2e4835ff786f6a5c,asset
"photos/L393,rl.jpg",279175,1e09603cdf3132b6925f35268fce1f74e482477bdd5fe0f50292069cb44841a3,asset
"photos/L399,ig.jpg",26639,f50a4a6ca9071f6e3343657a5a7626809865420aee7534a26902f4ac0cc83511,asset
"photos/L399,rl.jpg",53874,966156a33062b9661ef6e523753f067a6cba21be166827e8b356c7afd53946e1,asset
"photos/L40,ig.jpg",39577,3de76cfd0ee15c4107f0270a3a1d9aec51bd2ce9157962517d3210ca4b9b011c,asset
"photos/L40,rl.jpg",106877,73d6b958f3e7da7bad3336bd5f6ec824ed43938d3534fab1884a462a044f1457,asset
"photos/L400,ig.jpg",45916,961a15b8308f8baa6e12442d7f66793763e2307c4b92645b81f7761b5df82232,asset
"photos/L400,rl.jpg",81404,2e1b8542d47749c2bd24debd02adedbea04a2c89de6ed30abd33505adb4635d9,asset
"photos/L401,ig.jpg",60736,b5fe3a3e2a22b51da9f71fa2c855fb69fa42d1426efc3b549442f38545249c75,asset
"photos/L402,ig.jpg",31999,cc5c1ad70b76a830d779ebee822892e9fa6509e85f16d40a12e804b38c1c7c5e,asset
"photos/L402,rl.jpg",97750,34edb2c8687e3cfcddf939d1fa729600bd91440feb2702f4579cbab07f8e66d6,asset
"photos/L403,ig.jpg",187013,701f66d7b37f8fdb4b68b0142754967f8463ec0f47fc98eb906a8d94be32bd70,asset
"photos/L403,rl.jpg",26696,629b3d441fb9c0bd9fae7359051906ca81e35d984e36ffe869fd27367bc89894,asset
"photos/L406,ig.jpg",95266,4ebd592f7494d3a2a2f53be94c285e4af4c34d8462d709187453d46811ca6008,asset
"photos/L406,rl.jpg",15981,266c013edb9948481cd316d5955767895d7a7e7fff59e544a2b68544c1d040f1,asset
"photos/L408,ig.jpg",28321,9ff85e776d0a411a7159d91b09aa480ed0c34f5d632e549d648772fe9ae680ad,asset
"photos/L408,rl.jpg",38795,a52a04196dc6fc542801467a0d138def6457cde58bae823ab9f4c80e3cdec538,asset
"photos/L41,ig.jpg",39729,a514f995eb647ea10882a64090c06610b95787e3b7adcacecff675515fc668f4,asset
"photos/L41,rl.jpg",189924,ffbe2062d885510cc4c9b9989ccbea14344e5c6cc0e64f9abeb85720e31cbb25,asset
"photos/L419,ig.jpg",12322,e31cd3faacee95f6f57489412ce73df3fa979ebd69edd328e92c98c14f13903f,asset
"photos/L419,rl.jpg",61875,c40e5b30692b8882b93b8d4fbe8ae17be6595cc30d292da00842eceb2b31b49e,asset
"photos/L42,rl.jpg",53034,04f3eaae29ed9a413ef46533c7ddf17e189bd1563a839380b10ffe072b82536e,asset
"photos/L422,ig.jpg",2781,5f0f91a8022c0503b1aa1aaf6f39fbb82599ea48d0658738bd2f4e4e24df1ad4,asset
"photos/L422,rl.jpg",13563,62a029be07c8d1cdc52bac56f7bc5b05fcd4f3aa00a9c972eb0bbb4627614ccb,asset
"photos/L431,ig.jpg",49069,afb1e24eb77c3fd118c155a61fe05d2e0ea1bb709ebf978037c775e59b77c0ab,asset
"photos/L431,rl.jpg",347081,8e4d000311a621a9a81296ee6838e72502b69c8142eff8fe0ec1a3b5612e6050,asset
"photos/L432,rl.jpg",62703,ba743ae52a27f5bda8be93ab5402d1cb7aaa059f1af084916c7fd46164bafc34,asset
"photos/L436,ig.jpg",36181,5d250e104ed91eaca06c870d7604acdb320594d311b6e960a6db13f9cd63b94c,asset
"photos/L436,rl.jpg",81072,df9ce424d55c2f79a6a711a944fc1859e5d58d9b76d2f14d07162226a3366898,asset
"photos/L437,ig.jpg",33173,35cab09cb1c6254cb4b156c3079a870f89de131dacf7888afdec91d9c00b7bf1,asset
"photos/L437,rl.jpg",36037,33ddaf1854e9ff0b4c3a759d02acfdd2a591772fade685fe4928341b734abaec,asset
"photos/L441,ig.jpg",19754,c6da0352594527f9ba1d4146ee555e2631421f9dd6848f1166661ce4f1206b2e,asset
"photos/L441,rl.jpg",34815,ad25735d87f0403b4b0a2743d7dbeeb83cd924e16f1262b21e31a5107ce3177f,asset
"photos/L447,ig.jpg",180389,8b14839bbae6ba2918f71d53d741964b68693803c166b81245a7abe3325a96a5,asset
"photos/L447,rl.jpg",198354,4bc016a2084842ddca70248891a006484786b1624cdbdba0a5b2e1d85c84c6f4,asset
"photos/L449,ig.jpg",31864,853be1e953292e65e49982c441b72770f7b579ae0235e462198d37bd539e83bd,asset
"photos/L449,rl.jpg",33814,ac04e2518e92a2db37f9aa54592f396fa09e8a974abf879548a367cb0b8c5cca,asset
"photos/L45,ig.jpg",15530,b291d0d72979e7f2558b863204ad6118462aac0d4bee02f1e5a188c8ea99b87a,asset
"photos/L45,rl.jpg",97078,d688271f39e2a2e124cbe679769e137d9c400c3a3015f44f089db14ba2cf8a3e,asset
"photos/L456,ig.jpg",997065,087db2f1601a5dbcd946fba617b8cc7c0d1be1f1df2921948458059a5afcb6ef,asset
"photos/L456,rl.jpg",8406,707e43cf69dfd7cb300b4386506a3825bbe71284db645abd7c988798860e0f1c,asset
"photos/L462,ig.jpg",65328,023024e93ce5bbab960f3cf11f343cba1608c8969945c807f7d20580d0a2dd43,asset
"photos/L462,rl.jpg",90360,7db12c0d9aef0b97d7ca21f364864f6e12966bada322e22785cace49feec8f62,asset
"photos/L47,ig.jpg",79347,016e32863d170274db2814a1cfd3257588c3998cdb5f5b32e56f581ffe1feca0,asset
"photos/L47,rl.jpg",58572,c30109f6b7202bf3ed1c59c8dad2cc02e34f058d38efda5945e875d6404def61,asset
"photos/L470,ig.jpg",12879,dd3d92e46bb667cbb646944dcdb7fdfea8caf39ca2f3d737bdcbf1bb93637f66,asset
"photos/L470,rl.jpg",51231,64e098d00bd25f1b6c7ba58831c3c10c13933f514d04739726fa18a9fd9eb24f,asset
"photos/L472,ig.jpg",21136,48ad994fd885f094d52f48a0e1b1fba9bc9c2ae4bb9e2adcf8165e501c5a0757,asset
"photos/L472,rl.jpg",59329,ba2ce46499068633c68e1eef3d19123b1517cf65a5e20681093cf9501d97ca16,asset
"photos/L477,ig.jpg",18720,01f725b6a7ee7472902c0561e4e3f99b0a42129cff51c714f7000c50e4c61ba3,asset
"photos/L477,rl.jpg",268030,88907c3cdf771f2cf40c28622dd9034f9401d95ff9dd68d209287c44e5487f27,asset
"photos/L478,ig.jpg",77303,7c1edabb9769a50dd7d1ce3a6a500fd1a99d1037649533cd8f586dd2c02edc20,asset
"photos/L478,rl.jpg",124347,f37a8114a3f4c6e0f4436ee26366a3af92bb63e971e32b8119885c96f33e12e5,asset
"photos/L48,ig.jpg",67286,ad1671b39c6d58ca1583fc0867bba3c06bc6bdacbeab11595e4f3a627fc271e9,asset
"photos/L48,rl.jpg",51769,73ac527ade13efe803d67de03412003db73d13da562519eb9c8663ba0f175f47,asset
"photos/L49,ig.jpg",87775,0e1dcb6180f3ab8d0913fb94949b6b343dfee45f06361f721af667d2c8221ab4,asset
"photos/L49,rl.jpg",75146,ba545de6ed45be30e55475db1449fb7b2455fee87d7f2dc85a2d87c17be1bdf2,asset
"photos/L490,ig.jpg",77538,b8aa51962f438e36a2ff05edcab8fb327db82fb2c8b82accf017ee1af59dcdd1,asset
"photos/L490,rl.jpg",223317,b8de7cc9ac60481d0b23092ddd6663472974a92c89f729be4204046c59b35f7e,asset
"photos/L499,ig.jpg",47437,34d4820181f568c6a764acc6b306e33e765ed4b0ab50c6bdf73471d25857803f,asset
"photos/L499,rl.jpg",81567,189bbc53f75737d8cb8986a7ceb8eaee2d360733bfdc25499b17a63a90636577,asset
"photos/L50,ig.jpg",103693,ef446c69e248430d3aa461b536066c1126f9f9b943c8c5eb4efedf2b1eef3d4c,asset
"photos/L50,rl.jpg",58642,f31868db79b68addf4a49488e086fd14e0b0da163ac079c40833cb2e4b9dad42,asset
"photos/L501,ig.jpg",5611,84e75433b834aa2a3ba774f3c449978f1abeebfabcd275761807c81aac0d340c,asset
"photos/L501,rl.jpg",61426,762b8f7b6b7e55b1a34d90282bd4a22c5cbb5851d7ae49eec2838d2910c215bb,asset
"photos/L506,ig.jpg",22801,34948e51b224ed24b1223f2371f26ca55f1793792c65c18ead5adc8967baae3d,asset
"photos/L506,rl.jpg",122222,20419fff729c1f6c41ce41f4bbd587694eea30793974160fd326adfb36df027a,asset
"photos/L507,rl.jpg",50416,74e9a6957654bf5022933b32f93b1502335b771ea6c5941e8a4b3fd0c0dbcad7,asset
"photos/L508,rl.jpg",83198,bca43e640a42c56a50049037be1486ca77133c6e63640f0991b6a86b9293584f,asset
"photos/L51,ig.jpg",101646,ebfaaeb16193f4201586868d1cd660a2a989d1191cd74af05fe5589a814a30e1,asset
"photos/L51,rl.jpg",147087,88cec5f3af50c1e1b4a627d2ab4ffd71cab2aebd4f2002edaa8b8e989153ca2f,asset
"photos/L511,ig.jpg",84965,403e11135da332175f7f6a1f756ec5eed53a4e0a06d285522fe3260a5f1b60d4,asset
"photos/L511,rl.jpg",81469,956f8445ad19288c236349b5775d86f77599984f01419df1cdc75eec0cb7eb04,asset
"photos/L512,ig.jpg",476362,aa63683690853abfaf9cfe0c66348ad6fe01ff351ead9d7e2da130315331aa61,asset
"photos/L524,ig.jpg",60597,6e6ebb9416f6eed0e7ecf056c0cdec10b1bcc46117fb85213adf5e8bfd99aea1,asset
"photos/L524,rl.jpg",70677,103bffb6e6e802b9a70c33e9c3afc3a0397d01ccd365adf9bb053ec68aa5064d,asset
"photos/L527,ig.jpg",92632,8004ddbb5b830226969bd3f1fba1dce260d7b94071fce68a0c88bb43ddd166d9,asset
"photos/L527,rl.jpg",159092,79719b10b3450368a488f6e05f906bda6b060695ef5b85e582c061b526d2f214,asset
"photos/L530,ig.jpg",43315,43c66db25e65857e7248a965676d1afde4edf2be36357bbc926985b5b7131894,asset
"photos/L530,rl.jpg",571758,38987973dbcd37af56a46e2015bd3bdde74ba02e960890c41ab5fc6e48c64ab3,asset
"photos/L535,ig.jpg",9067,a2b4ab256e6cbecf080ab98b01fd2722b7ea9e25f5ab91c38078e4549834adab,asset
"photos/L535,rl.jpg",271309,54b44903db1326bd493151131ebdc076f11b9b24a3f74cb3fb9ea512b6d7b000,asset
"photos/L536,ig.jpg",25325,cd2b73c6647e7d431aa4d1784dfbabafbf6aa41d73667f228bb80279e4185969,asset
"photos/L537,ig.jpg",61274,5659a227f67efbce4c4162460bb113a8f0c8ff4ec437fb3c6266474f35a34991,asset
"photos/L537,rl.jpg",19504,1c3a22de0481416428b610bd4877984f2c8012481c3ee0fc1d5f5d88d822bef1,asset
"photos/L538,ig.jpg",78632,01dad698c14c8db2dd8eddad721b0f9d77ecd39fa626e45786d38b3c9263941a,asset
"photos/L538,rl.jpg",69844,a7c110c0df15c9d58648c66ab199754943fb8dece576a9998014dbedc719b864,asset
"photos/L539,ig.jpg",35331,86fdd712a0e13bbe53fcdf4d37c6ba9fa9ee5ac14ebd0ffe57dbaf7352d75537,asset
"photos/L539,rl.jpg",31599,23cc6f35ebd708d3bb58a5958d0a0b7a03b1234f25a58c4b4939ac892c5bc8c0,asset
"photos/L540,ig.jpg",4526,82bfc847d19487f4542e6de8800e4e411f472a652bcf96a7d98dd60049c67dbd,asset
"photos/L540,rl.jpg",38636,3b3ecbd51395a1ce2cd2023673b0947418966d3f1368bb2273d17de2508187d6,asset
"photos/L544,ig.jpg",63783,447e92d246730b14e792f5ec8f5368d3a9ad7522c0f417218acf5d7e605e0826,asset
"photos/L544,rl.jpg",206220,e1f676ecfb02ee53014eef9e2cbf059015bf757d8e14f40a16c79305483741f2,asset
"photos/L549,ig.jpg",41568,6d69f0f49fd0ac8b6d2399e714e422917fb8f9ca20fa66f6d165d054d330e24b,asset
"photos/L549,rl.jpg",70386,93163fb5753ce93095f795ffbbd62308b10e522f6936ad2bc0145baf9c8e4835,asset
"photos/L564,ig.jpg",15968,37e3bc074e7485e68be71decaa889a6509fb1777b267be18b5ef8ca137965ef9,asset
"photos/L564,rl.jpg",248391,118a78d890df404c9a63a1956a28a3868d645ae647cb72d5b5c4d46d0ac7db62,asset
"photos/L565,ig.jpg",1522,2f61f77ff2635e5ca3784a6f4927ca40ca76614f5e2ac4d64003daddba27c17e,asset
"photos/L565,rl.jpg",72228,976aff7e5957f556481f2cd967679d6f59a4f56b471b1f76a4ed22f739b4390e,asset
"photos/L569,ig.jpg",6735,a5c762e55a157f72db502b9f5a3033cb04beb953c73a8bcd59b3da75bdfb1852,asset
"photos/L569,rl.jpg",93204,5ba98ceaebe53efe267219b28d29a643d5813b1e6749b0f430cd93462287a60a,asset
"photos/L582,ig.jpg",8330,e089f877a4aa84ca31108c31f7cd7b46a678743166bd2c819b04e25cb6c0ed9e,asset
"photos/L582,rl.jpg",48653,acba133e7a0fe76dd7b476668520d99f7796f09bd5612a874fda4b73caacd2cd,asset
"photos/L590,ig.jpg",69389,4dac44c7aec14c992acf95dcaca545e13df11c530be9f8610330fbaae549e563,asset
"photos/L590,rl.jpg",499026,123fd5781fc576d6409b9ac5587b860b13fc92b96ef4bc2e68161842a93a69f4,asset
"photos/L591,ig.jpg",16307,7c5a77d1292f02959a9abc7baf9bcb4483f06a0516a6bf4c049fb93cf2150477,asset
"photos/L591,rl.jpg",1849796,c1fcee9630873fca3837a8f8138d0612d0f0e75ae9d827ceee844af98bda0913,asset
"photos/L597,ig.jpg",45003,071c5b4845f962887387691506c5c525f058aec527d6631f21ad140b74cf79b3,asset
"photos/L597,rl.jpg",448305,d781ab0f82957ecb9d3b2d1c62e614a39f1edd1d5dfd7f3baac1580c7fa9d64a,asset
"photos/L602,ig.jpg",64750,d2b8e00ffd5091e9b56ab18bd741c5cdfe661079b87a1af537db11ae4947b8d3,asset
"photos/L602,rl.jpg",41683,abbdb3b540f93879e04ebbbead003aebc03a5a0650ff65764fba6a60b41ce8a5,asset
"photos/L608,ig.jpg",17074,b8b45a684719c3efaddecfe4adf3918b76f7320f8e0841b3edd3fbb632befe3d,asset
"photos/L608,rl.jpg",111697,ac81520f07c5655ede279e19f3e4cef1ee69d6156b9e704264e929d5eaa9b172,asset
"photos/L61,rl.jpg",142653,f722d77705cf15180182638f7c8adcd00ab2ba96700512fd00670cd34506d754,asset
"photos/L613,ig.jpg",49531,3f48460f214fce9af7e2c3387cfc961330eac4f6266aecf066c8ed08e77c386a,asset
"photos/L613,rl.jpg",32769,b74b7b957ee4a21612c1a6ba4e82a1c11eee29c4192f37ea39f8c8a1a8d735d4,asset
"photos/L615,ig.jpg",331753,44f5bdf88468fb91c7e40152a0f557460f9f765ad1e796a0578391c30a8f3f88,asset
"photos/L615,rl.jpg",118594,a06c7131449dd248ab23f8a6599c4747558f8370b69e4d4cc5b987d62aeeb61a,asset
"photos/L619,ig.jpg",79940,7bcb3582b644fdfcbaf3410682b96bee9092eeee976c0491f7627478d5a11e7e,asset
"photos/L619,rl.jpg",198934,3308467f91c9607f7cffd2c5768ccc98d443a1fbe3e5c9dbc69b6f3ffde7c08f,asset
"photos/L629,ig.jpg",24246,ba7ffdf1864bd761e2d5253e16dee2e992e4efe7adf6d386c8cd538fdd3c0667,asset
"photos/L629,rl.jpg",47537,bde0121203f819fb09cf6a102736053f734b6f75f63d89faaa81c014200e3c3c,asset
"photos/L631,rl.jpg",169782,102e76305fa4e61b4ff8c8f7d9c64547e6d2920001c659437ad9f138d5f87008,asset
"photos/L634,rl.jpg",160791,75b676f23f5f909d4161039c18d4d3f8a1007dcb7d34823934a2487a8e59510c,asset
"photos/L644,ig.jpg",86636,2b911bcb3bb2152323a533bc72bd853af38302464aad81e1a31e9bb4135b5b3d,asset
"photos/L644,rl.jpg",188051,7d9771118c434f670fdfc01142e78fd99337e4367be8565c9869f33368862ff4,asset
"photos/L652,ig.jpg",42375,3a4818f5cd7125c541c2522ddd1f5c8763b0a346f4e9749f722463ae44f1912c,asset
"photos/L652,rl.jpg",338459,1c809a7de23ef9f439d797f53a23c439f72b41bcebc31308da88e4b3c74c1db7,asset
"photos/L671,ig.jpg",16972,539046ce47b1980a88c6c6ebbd0a4076341c3bd62de9615499d5fb3db6ba28da,asset
"photos/L671,rl.jpg",36822,f91a5594045d2d85cb1f0ba46cbf06430bfe007dd4e022bf354f6da7b4aefbef,asset
"photos/L677,ig.jpg",56078,802fc6b61bf199095fac76eacec1e2d112b9765a1446a54a011df84c28db30cd,asset
"photos/L677,rl.jpg",107944,a4839e10d43e631548b28927d95086670c752dffdc5956cbcff9bfc50a3f6180,asset
"photos/L679,ig.jpg",35082,06f67a02b7707012d9cb45c985559712185f7d7f8f892dc8f3e3fc883ce873b1,asset
"photos/L679,rl.jpg",113438,954bad359f7f5dac89d5c3982285a4fb1ad83764baaeb306051f6b9856d1acfc,asset
"photos/L685,ig.jpg",51523,c04194f1f443197c16b99b8da821fe7a073f5397aa111709ae223657609130a8,asset
"photos/L688,ig.jpg",17859,ded2e209883aceb18d67de3b4b71a03eb6fa3e2589f5d72824e8b14edbfa322c,asset
"photos/L688,rl.jpg",148801,76da9fff084913bca9ff75263e3d1902331b029fb30d7514175f5d279d461699,asset
"photos/L694,ig.jpg",16002,14f9402191298f4c9cffaad40d9320e24f603b48b21ab1a543d643781bbdad6e,asset
"photos/L695,ig.jpg",15096,196c294e64620ec42bd150c40062d1d8b811db68a0b478e83e97a3066a0449cd,asset
"photos/L696,ig.jpg",20138,71b8992ed62ad35c20a1b1f91b30eabe52bcebefb067a0066eb10b70542cb3f6,asset
"photos/L697,ig.jpg",18654,ff8e7f745dbc3e7e7077e758d1b38ecef521c6361df9902d0a37c47814eab9ef,asset
"photos/L702,ig.jpg",16464,6a873db83d693d34ceb352c1eb619ee86bcff276ef38c609a456c576a6b9070d,asset
"photos/L702,rl.jpg",207303,22d7e2533b68f9b24134f810833a324b5b4d8a8c1b92231f0b4509f6ac52b897,asset
"photos/L705,rl.jpg",77108,a3ee16a8e0da5681e032693a9659f184ace54577358ba7a2f91f22399aacbb60,asset
"photos/L706,ig.jpg",42829,3ac8766d15b3cee0600b5878b64b8535e41aa9408c282a9a205be2cd1ff474dd,asset
"photos/L706,rl.jpg",54616,81ef6b6baae1c5c3a7fbce3f629f8747e20bed879ff28a2753f277662347e8a5,asset
"photos/L708,ig.jpg",15723,98ed31aff22ddbee5cd591f83306b5d0a715a56bbf8dbeaee43bba948031bbf5,asset
"photos/L708,rl.jpg",195542,d99808e09c1b0b0eb96c929af8262f6aa65c8c1af8994689454832a124aaed22,asset
"photos/L710,ig.jpg",3598,d2d512c4c2478749fe045e0e94769687e0e00cd8bc8c0479436ec693e83d1c7c,asset
"photos/L710,rl.jpg",103273,b493d799e5d4cd1f7c2e292eaf47c2ffeeb1a7020a6acd6007ccef2e111297ad,asset
"photos/L714,ig.jpg",28539,a1ec9f482fa5426a454de0e1529586616b64e7213621da9978833760fb52f900,asset
"photos/L714,rl.jpg",118917,d565d7ed4f7145305bd67ab43d5f7c2681f7dd7c17334e68e042e4aac90a5b53,asset
"photos/L720,rl.jpg",65542,32396b5a45101192cbf4815706c6ebfb6061c011506da1c2e16babb72ad5c5ce,asset
"photos/L732,ig.jpg",74429,9730c68060fb1c0d036ef75c9f39370e2a5c981a5cd2c3cdcc03e8d979db8376,asset
"photos/L732,rl.jpg",79627,6af19bb0f7cb694b98341ad66ad8a356cdc88e24642ca3381e2d9630b22c3c31,asset
"photos/L733,ig.jpg",41417,e007928fbc15523f2e047ff7c2dcf2b9745d9054c84724443eb94c0654ec8998,asset
"photos/L733,rl.jpg",701225,3541e1f81ce58a02abed64a911f88ed94d86c577d9fd0e05541ca3dde0e01ab8,asset
"photos/L734,ig.jpg",149340,5c7259d3ba10f227dac7d111fa5c39b8582350f1198faa6104f255fd63af5430,asset
"photos/L734,rl.jpg",701708,ee58e68a5a1e5255c81f0ac3faa3e9e725aef241f9551eddd08cecb1b79c2634,asset
"photos/L744,ig.jpg",9805,9ad2ed7c16d4ad748df492cdf9519b1fe7006b24a4d0ca09bc163ad8fae46149,asset
"photos/L744,rl.jpg",65846,6f8819de326054237707253e95e8cd4aec038e1c7c810e5f5d7eaf6b756ccdd7,asset
"photos/L747,ig.jpg",75996,c13a0645394082d3d30d7f649abeb0b017581602184a5576baee341956102a9c,asset
"photos/L747,rl.jpg",74692,788c40f287237526bd23d4989c12e2c935ddde240d668865c1da7ef50078ead5,asset
"photos/L749,ig.jpg",36793,d99c5805f07cadd16d7bee57302c2e8f7bdbb8aae8aa2884cc0b2422f4e4ab0b,asset
"photos/L749,rl.jpg",60389,4ad1a37f140d3825c518ef3851c8d0b3bc9c17a70403f701a8ab912d6de2ead1,asset
"photos/L803,ig.jpg",304737,7a9880341c15d6a88097e3dba27e60f79dfe2df00bdb8399533e50c3ae665c2c,asset
"photos/L803,rl.jpg",189429,989211556d0d542f80cda598c2b0b23fc7bc6fb1c14c3c0b1060b8b3d6890245,asset
"photos/L805,ig.jpg",63606,86b0c6654b59a31adbf5133d80d28853dfc9a72bd9dcf739a0150bbd98099d6e,asset
"photos/L805,rl.jpg",225460,93c3e538b35e03b77f6211cdc4aef2f0c4613dc1b3db2ff690bef408c9ac4fda,asset
"photos/L810,rl.jpg",51599,cb6038616caba74fbbb9d0504a957b20f93237bdaf7137018dd0fea0f2416f5c,asset
"photos/L820,rl.jpg",132778,d386d6341ee228ae32b87f4a651177560e768246d5d433229a202a8feac38944,asset
"photos/L822,ig.jpg",318537,ee1c5cf263b44fd9376f1cbbdce1e987f3629828a580dbcb14104263649dcd24,asset
"photos/L822,rl.jpg",548327,6c846b813f37ed580d5a6b9b9886f1f426c2a2cfe7f4d97483cb5ec7e60f35cc,asset
"photos/L825,ig.jpg",7901,9f39b05ca18c4962db8148990afcfd1f197b8fb9c7f207a4598ec873b40e9265,asset
"photos/L827,ig.jpg",5964,6cccab0ea9e6cfbffec6d456585d1a9b8e1b90bc6a510a0421c0d87715be329d,asset
"photos/L827,rl.jpg",190072,5be878a76e5497d92dceab66baae4e9c30541c39098aa20a30da351c5781bf70,asset
"photos/L828,ig.jpg",5723,a9006d7d47177dac4afe56b3dcf020a7c13124a3d32fdcc02b8d8df69e6e4237,asset
"photos/L828,rl.jpg",437205,5dc36fe30489cbc75b7574136c7925b412522e898c44d86b59421c4c566dad2d,asset
"photos/L829,ig.jpg",4007,33529257968e3a4dc76746f4ecbd5b87789220f17e31a07693b4a0ddeeb1945e,asset
"photos/L829,rl.jpg",197158,fc4fa63d3add2dfb10a00f39a4c61079883a6e358ea3808e82f9613edcfeb0e8,asset
"photos/L830,ig.jpg",6442,0f257ee0cb2e71739827c8e5430dc54d66c901696b6d20fc40753c18e109569e,asset
"photos/L830,rl.jpg",136537,9f7dbd59d3858ac10402ea31e7d5a30b8bc592c78a7850f7aa0af939a728cb01,asset
"photos/L843,rl.jpg",19977,c1d218abaa2521886a26474256b2c76e6274a2fb667a2b53c05f455ffdef71dd,asset
"photos/L86,ig.jpg",78332,84d3666f90c721446602fa9a409a24596d5cd3ba23793c28e155f91fdff8a5f7,asset
"photos/L86,rl.jpg",64761,abbba802c05a54739c505816119f4346cac07c42bf481065a9127d96c24a7d96,asset
"photos/L87,ig.jpg",8878,ae543418f8b0b5f7d48a7f652a51a8466785b4a3f9467df028ee211007588752,asset
"photos/L87,rl.jpg",56045,fd081d5d3be103ec4a535e4cbae82db8b645a3af945a22591c93d023d252f456,asset
"photos/L875,ig.jpg",62933,aff88ab9eaeebb092ce3071d54b4c1fddead815d6d41aa010a9b450ea2f69ccd,asset
"photos/L875,rl.jpg",113188,dcecd9a93a631e96ae9b6ae054d7a3b7cad5d2429712d4c07b6c5b09944fcfb8,asset
"photos/L879,ig.jpg",2026,b6b3656fe0d6601ac8829a30973437a164035d6b7dae2db5dad3d42f852c0497,asset
"photos/L879,rl.jpg",10180,84ef790b561905ec8586388b10998bf748963e1f95848c96b95a601fe03ad5cd,asset
"photos/L880,ig.jpg",3087,d7d66535e352f1ad3e24cc33bd0e8d886a054d6e19e5a4d563f89f745aa8cae2,asset
"photos/L880,rl.jpg",7774,02f4a2c9216c6bb69352563db43d990c6c7e8e7f73db80c7bee4d98da86950ca,asset
"photos/L881,ig.jpg",2444,2b1fc7ede7f65c51eb8da3d95775e52210b6262cf7002f19aaf055ff72fa6764,asset
"photos/L881,rl.jpg",32092,97ff1874ab563a84b8aab79eda00588022a8024c71af480818a8a36f61aaf3bc,asset
"photos/L882,ig.jpg",2392,2fc896896890a460cbe4d5885505b5c83b585a46f139b191c6ac4573169b53da,asset
"photos/L883,ig.jpg",26408,71a31bfa0bf21dba33c3d6257a43098693e9fd25f3f9f99a77193dc0640bfbe7,asset
"photos/L883,rl.jpg",44812,5bf318c3c80cb34bc8fbeea96005a9fc6d6ee0eca4dc04b506f47015d69fd5ae,asset
"photos/L884,ig.jpg",10072,86259f855a44410ba13cb885d518cfb848c95a62285d8ec98d0dbe6422fae8c6,asset
"photos/L884,rl.jpg",25389,c1d31febf2918b4a6f9acf241b892730869b9d48b7558005578d9f22d01ef053,asset
"photos/L886,ig.jpg",118496,fbc82dd5eab67f39c27c9544927533f042e091a994acdb40d645e41e636ccd13,asset
"photos/L886,rl.jpg",62029,c5801f6f2c1257c0861365f533c53ede99055609683c2683464ce990698319ad,asset
"photos/L887,ig.jpg",174687,1e06d9f73f54bf0c69d6dfef019d7172ffc2dd4ad03166c53588cdeb712ebd83,asset
"photos/L887,rl.jpg",209668,7e7a9b2bbae4caee881f845dc2d01f045a2442367c24cf486874b62014c1d6ba,asset
"photos/L888,ig.jpg",38852,1092d40942210f72aa3ee0665012b1b103afdaeca1c04e41fdea54605e635ed4,asset
"photos/L888,rl.jpg",290201,4cc21b5f1d70e97d1b9e9b536f2f6420f9be91918ea0d72c3459b1e161d390a7,asset
"photos/L890,rl.jpg",95446,df603779afa34eda6dff0c5f713805dc62e2ba8832a7b9f5af1a50b078d2c047,asset
"photos/L893,ig.jpg",132785,a6b7ebd225ecffd52c25b0676c7cb7a8681d781fdd6274f07240fc86bb7342c8,asset
"photos/L893,rl.jpg",230946,f31f8bff89d3d8cd4849bbe6037b90acdabd28818dd1f6875444ed90cbeb339b,asset
"photos/L905,ig.jpg",340583,38135edb5df0348230517927be2d0054576c13f7d9e83142f27689d8d7f58a4a,asset
"photos/L905,rl.jpg",184424,770f9b2f56471e44da71e7c9d1bd9ff739cd531cf2836688350ed1b022140fd8,asset
"photos/L906,ig.jpg",594731,cf711b2784d5660cb0c378fa1abaf039d1a75fdbae5b4ba07f8daae9a9ade249,asset
"photos/L909,ig.jpg",401615,eacfaa16055d34ec205e299548342c8303d99afbad9d393cfd6c3e108f77d049,asset
"photos/L909,rl.jpg",311145,f38fad7aed63fbc8862a88b498bcaf18ee8cd59e9ef5db650b5f3efa94d0900d,asset
"photos/L913,ig.jpg",67179,5817912ae79c302c85f6153faf07d57a058db606b350a96b99a72d575660747f,asset
"photos/L913,rl.jpg",42193,17b8399b1ad819e0889171957a72eab8fdcfb2d5221024489e5b4a6432345220,asset
"photos/L920,ig.jpg",63969,80c5cb8bbe4f7f5ae78083cf78c02460f7bb59aa4b302f5205707e19688d5b04,asset
"photos/L921,ig.jpg",133366,8dc514440fa892007f9b4089faf8a5e69f4ce740a273fd04345a359276c90356,asset
"photos/L921,rl.jpg",177896,b300d5104ad345403267c79955dddf839438d780907b0ae3b50bede0cc05c93b,asset
"photos/L922,ig.jpg",136082,046bf21b8c416f1447c1a33a310b6d7909698d02f215fa154199832144acff77,asset
"photos/L922,rl.jpg",186305,6c0a838a568c417a7ded529c7d5f28d80f228aeb9106b38224287871fc6723d1,asset
"photos/L926,ig.jpg",44704,3637d1710ae77387776eda731a18ab8aa207c3dc47a5d17ba5038d5b9c545d24,asset
"photos/L943,ig.jpg",30609,5a0d14833af064336bdf4b1406b874905a96d8b62b4dd09cd9491437f8f4df46,asset
"photos/L943,rl.jpg",100534,eff4a36dab4cffebe87e34247edb88396d23c83d7754e695574b450621f8f337,asset
"photos/L947,ig.jpg",146568,c5e8b6f841292f3af7187fb9e11b6e25f1d8bd670e4a23d3de624abd80617986,asset
"photos/L947,rl.jpg",148382,a3c3cc1b1dd0d4fd4d5cb7e309877e21e9c02b1b309abd12ef9cc1522a28f8d7,asset
"photos/L982,ig.jpg",26032,cf1d6e76e0190edc53bbf7c9dc9c64b4d5f51e29c2c1c1c86fd989a835bce12e,asset
"photos/L982,rl.jpg",34684,2ab28e1c3878461dc00372ba32b2277d44c6d1904c8a2f716c5f4e4507dc93b5,asset
progression-data.js,31239,74e4a4772ff9bafb877b38ba920c20d8faf06416c27ee4a9b597a23080929d50,source/configuration/test/documentation
progression.html,8156,ef5d9c0ca543784cb19691261d4aadcf2b31b99c5c47e647484b48ae035d5bb0,page publique
progression.js,647,b92e4fef5eded1d8ec1ac7d447ee9a6068d8585249d4ea00a69ba4e1a7c500b5,source/configuration/test/documentation
redirections.json,272,3b5b27a61aabd8753c77187aad509e4087645a057aee0c2ec1cc4ffc3bfd1361,source/configuration/test/documentation
retraits.json,1189,a3378c8391bd0ebeebc3209136ae2e6c6e738855686158a6fb5a2d40803becfd,source/configuration/test/documentation
robots.txt,72,0c9bde572b0d049181a33847dbea8356d8272f2f60164b55f644d8df197a9ebd,source/configuration/test/documentation
scripts/build-site.cjs,1283,f4b0a2fc9e4ee7a7668e1c5b898ed3d3879975e1b547030f6af3214794652124,source/configuration/test/documentation
scripts/inventory.cjs,6554,450692d108df9422f528920a26d7c4782427d490ad52564039c9e97e32cecb4b,source/configuration/test/documentation
scripts/licenses.cjs,311,c522796600244208cd666d20b37725e86afb1ee9deb9accee1a0b1414dc9c56f,source/configuration/test/documentation
scripts/lint.cjs,701,156519f8cd0ad2e1571ca7a424cfbac08e4923be07cc5e43ab31cf9d0cbabb49,source/configuration/test/documentation
scripts/serve.cjs,1557,c438ddb812e1be83ec3bad376b0d21804488a971ee7034d6f9e9576964a78d17,source/configuration/test/documentation
scripts/sync-site.cjs,12678,7985b023a111293113784799133fbaab574a029906bbcc371a48966d4af2f935,source/configuration/test/documentation
search-index.js,46161,b653155d0b20aae93ec23381984b54f5aba12b91c694639605ca6280fafb85f1,source/configuration/test/documentation
similarite.js,1544,a2eddecc8cd10e77e002cc52983875857ede61c36ef00da9a6385bd5059b60a3,source/configuration/test/documentation
sitemap-fiches.xml,26975,ed4c19178bf820d1dae0e1b318b994b2fb86d6be5a8b9f1b9419ac7f1ac4c434,source/configuration/test/documentation
sitemap.xml,27636,482e2cb83954cfb8663fcad05a2ebde8a4aaae35f68d0fe7e93ed2c92dd2549a,source/configuration/test/documentation
style.css,83049,ad1aaf4e80b3a22b39e9886be9e8b4dcc7039a3c991336f6df96abad36e0fa78,source/configuration/test/documentation
templates/vehicle-reference.html,18266,a23f24c8d2093ee0c88050ad3c76d62e1fb70dc8edabc31c3113334bd96102f4,gabarit non publié
templates/vehicules.html,427671,ed9003725ef842c9f035233ee56ac38e65eb375b060980e825fa948d16a3e977,gabarit non publié
tests/coverage.test.cjs,4643,af6e2b5aff5b041490c1eac6ef2468863f5db3d63b09044a2cb474a20a3bb219,source/configuration/test/documentation
tests/regression.test.cjs,17236,95cce8656561b5e4e1e97390f920a22041f61a22f10f573b16c1acb62a756fa4,source/configuration/test/documentation
tests/runtime-helper.cjs,2584,a39d6551a3b21c320b0c600c41d9aa830f9410179c574d2f767ebfb5b96da1ed,source/configuration/test/documentation
v-corrige.json,162297,ed78eba78936f761faa0a65250393d6ea9a69c443ee63bdeac985dfdd421e345,source/configuration/test/documentation
vehicules-data.js,191031,6396e37850aaf425ae1ae8fe1b542cb0ccd1580c81e3f8d1400f50f5816c50af,source/configuration/test/documentation
vehicules-rares.html,22069,e19ce5f49cae54efa22762a80851dcce72811654ccf6756217477a76b2d66c85,page publique
vehicules.html,439252,d36c5763164326988e8b4c9b8d8d14871654bbb2f43b7669aed6223b18bce876,page publique
vehicules/airboat-09.html,17832,57143886f8d39deb016b003cf935843d3f237d0655ee240bbd254c53818520d8,page publique
vehicules/airgator-airboat-09.html,709,ac79fb5cf8d8da54b9daf799a564edec48193553d1cb75eea7c6d743fe5c309c,page publique
vehicules/airport-bus.html,19722,e7201876e5e8595bbd5b10c0b50780d34975aa96abf0f0935bc4bf4a9fa9f9f3,page publique
vehicules/albany-buccaneer-custom.html,18558,7ce96120943efdeddc627693f996de189cc8add87fe2e9a5bb14c4703f3e4e73,page publique
vehicules/albany-buccaneer.html,18419,7826ac2ed35d7aa78d190d8f1d18297a81f098894c2533070c50ff982e8c6ac0,page publique
vehicules/albany-cavalcade-xl.html,18275,7a3e489fe955044cfa0122916db8d1453525068e7780095043eb2be7843ebd70,page publique
vehicules/albany-emperor.html,18386,2d1687a6c4fe8006ba8e7aeef8b41eb1dad1dbacd3a2bf382a5fbe4ef9fba7c8,page publique
vehicules/albany-manana.html,18386,f7d4b4077169f8138a1fadaabdad2428fe7b995ae315123bd5a6ef3637e6e765,page publique
vehicules/albany-primo-custom.html,18206,9db0fd072c62b34a2e6e8b9fa6aab7a5417fb6b8ae691d4b7f5985e441fe939a,page publique
vehicules/albany-primo.html,18388,d20eb3355738d86501c6f27480d0d2ce45e5bf6938f8697510ad387c61ddf504,page publique
vehicules/albany-v-str.html,18282,d2861e159b8431640400428ff9cedd69a4271546094e84be58d1d23bb4b829d8,page publique
vehicules/albany-virgo-classic.html,18354,60103df0f430b80a2dfeac3223fce9fd8b003e7c54b358fab8e58d7c5f7eb9c7,page publique
vehicules/amloco-ge-genesis.html,19807,5726dafed203f51191024687d2be770f6a7c5345ee1ea7973173fd58c8cc6503,page publique
vehicules/annis-elegy-retro-custom.html,18659,8db70f61fabdaf7819e5588fa1579f15e5b13cd17c60ff66c1bbc7ad520dd9f4,page publique
vehicules/annis-futo.html,18273,b6b7f049cc4ef2515154485ba0ff377020f57f74f3f0a5ebdfac2fd965963d85,page publique
vehicules/annis-growler.html,18174,b8cccd75a84cf0c0f554a777066bf98da86dbdb9ab53c1ab241485baf9785707,page publique
vehicules/annis-hellion.html,18888,3e0e6d9c40b08eb28d8bd4c0ac0ebb055b18e7d8ee9c66a4e9be43c83c39f1a0,page publique
vehicules/audi-a7-rs7.html,17957,65f4ecf6b31fce37e1409ebb99a5f9691dc141ea151caa4f37c296a79986b506,page publique
vehicules/audi-q7-2.html,17860,e579888fb2a64e295ef5b0c61ce56d42e1a62ffe01698bffab4145cfb6b427b2,page publique
vehicules/azimut-85.html,17590,d607f8723df85c826563216b05ea1c53d54724204fc77e7837ce253050161bf0,page publique
vehicules/azimut-atlantis-45.html,17817,3e322a9f36a0c9b90b152dec2b3d54cee3a6ef72320e6a8fa636200aeefc24b4,page publique
vehicules/bavaria-sr33.html,17625,d7cad15c4502dc71ae52c5347e86cd37de1905a4552b44033e20c76b06846a68,page publique
vehicules/benefactor-dubsta.html,18263,19566449ad5a8b525540b542f783a7c63d771cc76902d1283145cb37a9beebff,page publique
vehicules/benefactor-schafter-lwb.html,18416,d3b4896b7ccc3953fb183b3bfb45fa5acb012382de349e6902309ff98c39a4b2,page publique
vehicules/benefactor-schafter-v12.html,17868,1f5062e91396b916051fecef7b6742dae68c4cbc314de2770a419602157bf95c,page publique
vehicules/benefactor-xls.html,18055,37cc42d58dcb0d1be23b08a053deb9e2eb94808b15ec22f7c43fc39824f4f42e,page publique
vehicules/bmx.html,18509,795d1c34c346069fda60a2a4961fcc66008993773462d03588ed49300aa0789d,page publique
vehicules/bravado-banshee.html,18362,7dfa0d4cde518ee65a80c1f6f6a450f7cf22a0c6d2b289a465b8b88bfd765399,page publique
vehicules/bravado-bison-1800-police.html,19561,713967ac2901e956387fe9d67d3351097b08fbf026418094d53c4c88ce3f3180,page publique
vehicules/bravado-bison-1800.html,18280,5dc38004e9c60ba2f80e9c55030e86292d6ea129de955f553d85c987a8df1e0a,page publique
vehicules/bravado-bison-900-95-monster-truck.html,19433,9ca598803b8a5db0bcda27a57e8ea684eb2c31970746854d28494c617c9cee46,page publique
vehicules/bravado-bison-900-95.html,18709,cdea97e11867a15023417f5da3ddf820ad5a892cbd6109288797cf96f1250408,page publique
vehicules/bravado-bison.html,18568,6b361d4ce740fd9b0b273bd7a04a1c4a042aa1bbfeea0cd37483b1fd7ede321e,page publique
vehicules/bravado-buffalo-s.html,18167,d1e0178f4414283e04578a526c467cfe47002987275167652afba727b0b61807,page publique
vehicules/bravado-buffalo-stx-pursuit.html,19661,f1b2e410a127bc3d39a74243efd9e0e9bc3a9348dc063fecb777b4f29fb54959,page publique
vehicules/bravado-buffalo-stx.html,18368,d9aee5cda3258e28a73ee017abb630cd15306ee28ec001e3c9e656dc961db222,page publique
vehicules/bravado-buffalo.html,18232,f8165105a7753fecfc0f82a3428829f74a97c3c8caee757e9bef0e427643abfd,page publique
vehicules/bravado-dorado.html,18187,16c98797dca5b16757b976496407104a1443bf9d01a7aa764426ece359cb1e2d,page publique
vehicules/bravado-gauntlet-classic.html,18581,0ba1d587c2e0037f64a1219d71bb58d6488f6caf1014b51b2ece9b2d340634d9,page publique
vehicules/bravado-gauntlet-hellfire.html,18682,95947f28a67240ede3edd33d29911afacf15f99d003476c3cb03513e689671c7,page publique
vehicules/bravado-gauntlet-interceptor.html,19870,f1c8f3edb5eb24e227d009914af3d35bf333a55023352de2057f34748d667f57,page publique
vehicules/bravado-police-cruiser-buffalo.html,19513,b015d7620300c1c8599a3000ea83077fc04b4fb3652785c0c947bcef78f6e636,page publique
vehicules/bravado-rebel.html,18451,c0c40b4c3bd3fdb92db5b75e84f77d79e393096fe74e16987c32f0718ae051b1,page publique
vehicules/bravado-rumpo.html,18309,97258371e6e28c9588c1581608be8920d1eb745d9fe1ec2d707a547be4666416,page publique
vehicules/bravado-youga-classic.html,18603,3b71aad8dcc19ee20c6d9fad8879ee3d12e98f6d806a64e32249b108f8ffa898,page publique
vehicules/bravado-youga.html,18620,981c9cde3331077500ff2558ebea7a63c07f6d8fded6c8ab0b8eb5592431ea22,page publique
vehicules/brute-ambulance.html,19918,dd990e221ac0cbb74dad98d405e5429fac5cb41311cd17c275cb67dbf5becf74,page publique
vehicules/brute-boxville.html,18448,b77f95ff34957dc8c65af611944d807a2f759a30b89ff66ef9b8507280d2dfb5,page publique
vehicules/brute-bus.html,18880,8cdb4dbfad777da09d8add6969eb431d661ade7447a1d6656f43131b92872c37,page publique
vehicules/brute-camper.html,18536,0cdc4b44b174ab03feb60e64f2d19cdf610fa12e0ed2bad4894fda66bf70f2f8,page publique
vehicules/brute-police-riot.html,19348,0d1abd605d9b9c3c79acb8745230c7a4077562157a9f03593175715a85b61e6f,page publique
vehicules/brute-rental-shuttle-bus.html,19432,4f284fdc61b47e16332bfc0f4532f5ee010ba4e620514d4615e3ddec89bb2e44,page publique
vehicules/brute-stockade.html,19782,fb7f1372c9bb376d741d44ffc3b59b06ce88c34619e6b1422c8c221aac174d7e,page publique
vehicules/brute-tipper-6-wheels.html,20081,4c2969b00c8167a124774e4839a608c40f9abe5637b37c1c854b93047f4c57d7,page publique
vehicules/brute-utility-truck.html,19858,5125ee8203bb28ef1191ad7a4ee5217e70435905271352ab12b358d722bfeec3,page publique
vehicules/btn-delmar.html,17253,2f2df006464e5118f3349b1c858bd4277605d8a5adefb4372ff7d74bde4133cf,page publique
vehicules/buckingham-buzzard.html,18797,64e95603bef9155ad7aa6c5e1b541288a67a8be93ab3ae8dcfebe8fe698c0357,page publique
vehicules/buckingham-luxor.html,17882,f93bb9154fb24814a7e0803361b9e1691630d843a5a38af346dd675d6868f75b,page publique
vehicules/buckingham-maverick.html,19180,6d9d3eaca30a73c3d8469dda69a8771c09a74f8ac9e725cbb3ac162f58de48bf,page publique
vehicules/buckingham-nimbus.html,17934,e1e0d74b3ba0769d0ecf5e49416b1b6a4ace8146c65b3eb89598b365bbb9436f,page publique
vehicules/buckingham-police-maverick.html,18839,f2291da8b6baf0ff72cb7ab518115c3c01d6acf733eb2f757d61cd0cf83ccc86,page publique
vehicules/buckingham-shamal.html,17961,a00e9b7404f24f1544502e4d16d9e2a76febfb32c1ea418bb41a39410541d1eb,page publique
vehicules/buckingham-supervolito.html,18906,eda4a128a0042e685baeeec6920a4e61c6ea46f89a2a6d36468e0cb4be403090,page publique
vehicules/buckingham-swift.html,19131,e06c22574f050f81eed83b044a820658a96d29e3adfc14aefad68b1aba586f9b,page publique
vehicules/buckingham-valkyrie.html,19099,410657e8b1c4c365e13175933ff03b3d979a98ca90f66c02229ce67d038c00d7,page publique
vehicules/buick-reatta-convertible.html,18411,4a2a8dae65c2b91a9552546c342a0956ff05bcfd7563c9e9fa3152463e2c4b9a,page publique
vehicules/buick-regal-6.html,17966,55ea234f82cd402c42493f1fdb155751f5e48bb35f744397ddea4225c36c2669,page publique
vehicules/buick-skylark-6.html,18077,c3fd72a436d35bbf1f90f8bfa976e960ed84d36aa9f77a231749f89106b686fa,page publique
vehicules/cadillac-eldorado-1959.html,18338,185498ba9bc26d394bdd4b16c0596fb484592cd3c525cc4ec63d86e052b79abf,page publique
vehicules/canis-kamacho.html,18757,9103838ac4464226804d33282e8c4654bca04d0fd74033e9c390c6f01238a1aa,page publique
vehicules/canis-mesa.html,18171,dd6d2d3f82cabd52b7ca638baa62df4ff7d98a3c84a76ab2a0a5d4c6c3c8a1a1,page publique
vehicules/canis-terminus.html,18188,ebbb76940cf3b5780cd96ca138715b721b5f3dd3651cc65ebabc1c187100e6aa,page publique
vehicules/cheval-vectre.html,18159,3a398d4f452ebabca13fe53b24b4f763e8927e70e0b6bdc58c4e1cc5fefed78a,page publique
vehicules/chevrolet-impala-10.html,18090,1ec9d8da8a446162aceecb7f1445b7ae9933eae510d2e4bf946c90dbb1c687d6,page publique
vehicules/chevrolet-kodiak-gmc-topkick.html,20145,5449fdd153e2086f579e82be21d65178f268110f030066f76334de42a06408eb,page publique
vehicules/chevrolet-silverado-6500-hd.html,20164,c31fb1cee1fb0c3b49224755d25e45fa1a25997f69b28d340c0f62b5ec91e229,page publique
vehicules/chevrolet-sonic.html,18051,8c8b9c37218c0f62a278a97d25a760deefa1c963994b8fa7cfcdd3d6b436a1d9,page publique
vehicules/chrysler-lebaron-town-country.html,18484,b983db75ed3bdaf3df1e6fb27dfa793b0591f84b6ed4eb5b495db03a45b70ae3,page publique
vehicules/chrysler-sebring-dodge-stratus.html,18206,74861ab347fd5bdac1c9197e78de85ff95a42be98176ba03e0bf0afff46bb409,page publique
vehicules/chrysler-town-country.html,18690,ebe31923e74641868902595a45aa409dd6416cb65eb713b6cdf09b79be49cb10,page publique
vehicules/clarion.html,17735,e296e3588005a9206d70e8a14f8dce1ad845252852e97a3505e133480575f171,page publique
vehicules/coach.html,18142,40ad821e80165aa5f8c0978cee94e7aea55f764483e0f3ff4de3e0cd1c886839,page publique
vehicules/coil-raiden.html,18112,c986766385753a171250673ce996c5c10fd61bac60c9975a0a0253d50b137da8,page publique
vehicules/contender-39st.html,17681,47387bf156c5a83180e6e6b76813c24a041a464d24feaf3929a74f64f845e2ee,page publique
vehicules/crest-kayak.html,17921,ed8a0844144f0c9ba92f66de335227d97cc105d9605dc4c6552619999571908a,page publique
vehicules/crownline-275-ss.html,17732,945c9a288f8eeee60df3b9969a567def8a1d560ae2b8a96acc1619357d7c448d,page publique
vehicules/cruise-ship.html,17648,e5f388dff921a4475e43b6dd1995c9836c04b6221d05edf1ed4a1ecff367006a,page publique
vehicules/cruiser.html,18672,45cb6d3fa23c423ed4e58880d31fc029ffd9d8d9fe72120970fb613f41ac02a9,page publique
vehicules/crusader-boats-gfy.html,17602,5b8a3fbd0ece9692ce23c0d365b55504272973e9217acfd2722847281c93ee9b,page publique
vehicules/dashound.html,19813,cca37f14207f0b208d3eb531461b03bb06f4416f93cc8b6e07f717b0ff8dba0c,page publique
vehicules/declasse-burrito.html,18379,f9a8cd60d3a0f2db78a4f17cbc3f65beeca0f454ac397860f26d28b9107faf0b,page publique
vehicules/declasse-granger-3600lx.html,18301,663a8ccfca1692e083c6f503fb09a28f550da06e846a267b16e11e06552ba762,page publique
vehicules/declasse-granger-taxi.html,20085,af3d9e7f411b5ada96e962512e64c39b23c00b247736d555479d5c5e91b19014,page publique
vehicules/declasse-granger.html,18190,0fc513364bf1ccb098ee9921fed5be5f7ddc6a8905b43379cdb8be0e0f0174e8,page publique
vehicules/declasse-impaler-lx.html,18590,098950dfe04addd1e64365795243ce609ea47a7094e3103683bed1d2357699c2,page publique
vehicules/declasse-impaler-sz.html,18540,572f5c634c2c311c3d70666670b15abe701b349884e7d8dcd28d470e3fa1602a,page publique
vehicules/declasse-mamba-gt.html,18617,639abfbd14f3777474f58ea8c1537ce3d29b65a9280a01b1a071f2708d24dfff,page publique
vehicules/declasse-moonbeam.html,931,903752faef14285481a613ad0d3ea544a5b9a2066ec1446e7276a10fd3e897db,page publique
vehicules/declasse-rancher.html,18474,1c933d558fa19c9f63305abb4eb4d7d3e4f30293625a98cbb638224aacfba1f9,page publique
vehicules/declasse-sabre-turbo.html,18558,fcd7b88c35f032d36f852deae131f55bbfced6f772cd44af560d489531ee608d,page publique
vehicules/declasse-seminole-frontier.html,18322,78e671a440cddb51054071b6c76bfd2c50c907cee247da49e85df739a7ce3fe5,page publique
vehicules/declasse-sheriff-suv.html,19386,1e1b73bb442626814098a6ca696f4967e2fefc9456d6a56d13af569943e2943b,page publique
vehicules/declasse-stratum.html,18122,e03316709e04d63f3b22e7d0151a519dce8fcc10da1b8e5fda1f83dbaabc71bc,page publique
vehicules/declasse-tornado.html,930,7a6c10e6ea2448e443ef2578b64a27fa4f3178d64297510f9ba993ae26752635,page publique
vehicules/declasse-tulip-m100.html,18484,e4e327a4d01fae70b766d814a8c202e0919e4a59d09bc6730a5957a0471f8363,page publique
vehicules/declasse-tulip.html,18513,6160da88075eff5f2009d468d3d75f0d710bd8456cce0c24d7cbd325293f28f9,page publique
vehicules/declasse-vamos.html,928,b54197d8612693132b15a6c3dd0a296e228655565d32743135bbd8ef57e5e42a,page publique
vehicules/declasse-vigero-zx-convertible.html,18871,b2fded49fd0d4279a0484daf7ef24b72faf9816af547a1c74b86c3ce27c608de,page publique
vehicules/declasse-voodoo.html,18185,07e8bac68cf1a9006fe8fc59e148c8f437fa3adfa1d6f91e4ccfa291563374eb,page publique
vehicules/declasse-walton-l35-stock.html,18921,51ed90f5acdf46cb6f4b628e7e39501c5931dedf9b75eb319a2f86737d1016c1,page publique
vehicules/declasse-yosemite-1500.html,19258,1583fcbb1111f1a5329e3ea216ef2a4c729fc448c95de5df9489fd4915e990a7,page publique
vehicules/declasse-yosemite.html,18721,f8ff80778ba16b80d303c1bf9b6165993d20b02c01811eb8e129b0daaa218e7c,page publique
vehicules/dinka-blista-compact.html,18414,a2751b8718383cca8cc9d62b27b2a2d92425c2755f932c24fbe56bd069cf96a6,page publique
vehicules/dinka-double-t.html,19059,53778cd652db838fbf53bcf50029070f75a5300bc8013f704ec3619c2adfae4c,page publique
vehicules/dinka-enduro.html,19324,7c9dbee9a0841aec7a48dec5cb28d02b938029c236c68fe88c409a2ef576f570,page publique
vehicules/dinka-jetmax.html,17382,4efab983fb5bd736ebf7b2e4faf4d46b5dc35d946aa066d54843655bf6f5fc9e,page publique
vehicules/dinka-sugoi.html,18267,b4cef13d1a46f184a359dda59daf906daf178e478bfe665c994a90115f91962b,page publique
vehicules/dinka-verus.html,18083,57cd4b2a4e8d6c974e7897ddf08276b1446693661dbe3f85cb4e68bb910da74a,page publique
vehicules/dodge-dakota-convertible.html,18612,b64b49fce3e98746fca056c1d100a2eb9a0d746921aebbccd93369b693dffd22,page publique
vehicules/dodge-durango-3.html,18024,9ad2140668d8d6a335be9e68bc66e92b9244cd94ef33fd3f60ff385b30cad327,page publique
vehicules/dodge-grand-caravan-taxi.html,20363,a3a9d2ed03c755ec3c871d1acbe87e16f1298581eea80d9ad4aad8e42f7c1416,page publique
vehicules/dundreary-landstalker-xl.html,18394,baf9d0054c337ed16d89b20e6afbf84abafa6423e7173945d0239d056dc23815,page publique
vehicules/dundreary-police-landstalker-xl.html,20346,9ea01a2cc7169dd3201e84b8675d9e59c9ee7eca7d86088ec75e4d147e16dc6b,page publique
vehicules/electric-scooter.html,18736,eb60fe46fa16ce7eb55a483d2f67e937c74eadfedcf0b09d6e03a1aec95254f1,page publique
vehicules/endurex-race-bike.html,18712,4ce909482c816e24e20eb55f2e509bd8f9cf95fc15ceb786e1a09ddbd29b95ed,page publique
vehicules/enus-jubilee.html,18191,4d2ac89991e672e21107283ef07abc24310127fd0902a8b8dc0298ba20eb14d3,page publique
vehicules/enus-paragon-r.html,18322,6f1acfa717d0d1bb88294fe54eb2f6c926c8cac81600a7b10ab2c0a24e1b29fa,page publique
vehicules/enus-windsor.html,18165,aab61fec43f0a44cd7e639b7d17c488c3fdd4dd81b1584eb0a063c08e94caf25,page publique
vehicules/fathom-fr36.html,18155,e60bfa3c4c2fa35da99a2c6b58484882cc9b52ad58cebd32581dc65303abd218,page publique
vehicules/ferry.html,17384,212c852d94d823fe04c4d2f7c0b5a2ca5cb53e3c5816027b3d7458083a26696f,page publique
vehicules/fishing-boat.html,17514,a4485e41e8a31ccc0105d83d4fbe1726a60b94d48bea653b7b24a48e9895fe60,page publique
vehicules/ford-econoline-4.html,18469,69d22a533ad162f05f97d0bd70305391b458af823ff82b464a5fa2cd075a3028,page publique
vehicules/ford-explorer-2.html,18071,04191bb93adc9cc12b4c9b27f1450a29b2403e75b5c29bef7c9a7020fe9ff0c2,page publique
vehicules/ford-explorer-police.html,20181,ceaf6b0640a7ecd244221a8b44d5c47084ea0c58482e13d01a9b0235cb8ac0ae,page publique
vehicules/ford-explorer-sport-trac.html,18635,4920552ebfeb9bcbdbc0974b371eeae782a35d464e517b218605cd88a0532150,page publique
vehicules/ford-f-series-3.html,18546,474aa28698c5c1b7c40dcf18a199062b1fddae2b753b0c1485a03e2d701b7d85,page publique
vehicules/ford-f-series-flatbed.html,20104,f4b45d18ddc821d4df1adf22139bc6aab546cd97b4394ef159045ad3d6fde308,page publique
vehicules/ford-f-series-tow-truck.html,20219,d54ef138e60d64d3fc7a7a8bde88390526c357ffb27f66498c477bddf771c3c0,page publique
vehicules/ford-taurus.html,17875,91086c86e915cd0f2ff1168b6b5386e7f4b6ac494ce6eb7cf43a1682b489b460,page publique
vehicules/ford-transit-4.html,18511,ba75ff2dc4a3dad8860acee8757015e7c37cd812174e9bf3b0c299ac8c483271,page publique
vehicules/ford-transit-cargo-4.html,18522,3907efbc64ac21c7baaee95aa8fc72bfd12e5d3cf27e65144df1e8f942e1465f,page publique
vehicules/frauscher-1017-gt.html,17729,f90361db73418cdf253dad719a127fa32904a6d57a395f142ac069f37252a39c,page publique
vehicules/freight-train.html,19118,1280ed2ff015babb506494cb66e3a352b81ceff3607bc7d84a3f5664ae858655,page publique
vehicules/gallivanter-baller-st.html,18222,c959eda4f713271b6aa0d91d7638d131d7ecd74abef684a8c1f8d7ad20f5dff5,page publique
vehicules/gallivanter-baller.html,18332,c20818c8d88fd294fd2cc1fc3965ae0e7e49fe3013ecc065e9e5fd92ab90aa64,page publique
vehicules/grotti-carbonizzare.html,18551,24ce6000c6194e3e02b11c887c7093c47211c2ecb06de0a4d66d4550ca7e3d6b,page publique
vehicules/grotti-cheetah-classic.html,18758,dd3ad4f08052f52d6cd49db35d82399da498a09d5f1f23ca60149189d3aa82bb,page publique
vehicules/grotti-furia.html,18032,e45d5be4aad197b7ba8ac1965371d4ff321f1c1a2f14481bdc1f710ee0f398bd,page publique
vehicules/grotti-itali-gto.html,18387,0e407e89fea21f95c157f6b47ddf60bb50b5b0a4a9b3d7d079a61447e5bd45be,page publique
vehicules/grotti-itali-rsx.html,18300,37c321d4e18b4fe772779a50eea69ab913bad4c2fd5e614b39a88a731a39747e,page publique
vehicules/highfield-sport-900.html,17529,3a45ab2f555c34e8931e21c58aed6f90501c345ae9aa3bcfef708617b60667ad,page publique
vehicules/honda-accord-10.html,18023,3fce345bb2b625e981b9082b13f6406cf96b6efe58958fb67cf99e5d2028dd63,page publique
vehicules/horizon-power-catamarans-pc60.html,17662,05dced6c8013efdb699a532ec556fc50437c576f17d3192cdd4678674ac8de9d,page publique
vehicules/hvy-airtug.html,19573,2c51443f9ad87f031cafb37fd052ea60e5a672a568032c9975daf43b05c54c91,page publique
vehicules/hvy-biff.html,19487,bf3fc8867476c80dfa8bf102c3936bcb34b880b3e74c7d139a25bdc0673f695f,page publique
vehicules/hvy-forklift.html,19594,4bba6d2542a5b1c88660cebe7ec8dcc7fde0a9e0aa7423ee73fabe9a47a2033c,page publique
vehicules/hvy-mixer.html,923,04f9550137803ef8a5c4dcb66efbb067b24200f8d638c4cf685dca9f95bf88a8,page publique
vehicules/imponte-phoenix.html,18433,927c8505c47edb21c4c8183896b6be4bd3d72b2f6d44f5a7756bdcc03dc17418,page publique
vehicules/imponte-ruiner.html,18429,2c61a60fe554e7c8edb66d98084f8169e961b32fc4ebd0bb9cca3026aa0a8aa8,page publique
vehicules/international-s-series-semi-truck.html,19906,781fa6c28cdab223355ebf557b21962e4dd029da4cac7a6f6d24140bb71a123f,page publique
vehicules/invetero-coquette-d10.html,18387,3fd7d60b23fe2847dcfed9e64759e870b5068491a82874e8063d345ed571f2bf,page publique
vehicules/invetero-coquette.html,18294,7a7052cf1f943e3c0b4a4d5ee35a3a601ab75bbf228a25775f304970827e2505,page publique
vehicules/isuzu-elf-250.html,19852,96568cc25c4f45f35993984131e53d5534dd59a4bfad6a68a941ccecb4716bc1,page publique
vehicules/jacksheepe-excavator.html,19884,7d3784ca7ff8ff8dade596522e467c62aec94a0fd9dbaabda56fc4b5aa64c408,page publique
vehicules/jeep-scrambler-cj8.html,18412,b87d6153e4ae68b04e5c4d437ae1ff0eed486df304d4ecc824ec435d8a8bc5d1,page publique
vehicules/jet.html,17654,bf1a0bbd015f015f8c1f59ba2a9f7d1bff9268b723d4b2f5a7513bc70485e25d,page publique
vehicules/jobuilt-hauler.html,19954,354f3e66337358a13a167fba976b6a3808a759ad5c094080bbf7281fdceb96d9,page publique
vehicules/jobuilt-mammatus.html,18116,a48ad23ad103186e3b6cc0af71cfb4a531a0525494c9f361973e180749c13644,page publique
vehicules/jobuilt-phantom-custom.html,20188,76f37e1dd249e8cd58419efed0602b7084e0571082cc1112accf47af3369127e,page publique
vehicules/jobuilt-phantom.html,19458,42e82cf0ba46c9b20b2b51edebd4264cc50817e800f849da7c4e5ceda82010ec,page publique
vehicules/jobuilt-rubble.html,18941,864394744960ac7ca74ae649f2e6c42096debcb2c632dc6a45dab86df29a747b,page publique
vehicules/karin-asterope-gz.html,18277,9c1d2bafcf00435f9e1487afda023ab34b33968f5e82d25264d86fad78e9ddc7,page publique
vehicules/karin-asterope.html,18047,d44a42a3d977a9c646353c720e408afca409d229e325bb1cd370a061c85a300e,page publique
vehicules/karin-intruder.html,18174,456e49735acf4bd00caf8a97f17f19d238e29d5eb8faa444ce336be00b2003b2,page publique
vehicules/karin-sultan-rs.html,18232,b8d2bc73d6f24ee5989b48bc42ddd1f718f867df1c36dcca3a7a52e79e601891,page publique
vehicules/karin-sultan.html,18394,c60794b21c81f5e07a46cc577661338fc5f4378b24e4a56809eda50fbf9c510d,page publique
vehicules/karin-vivanite.html,18017,d020b6cdce4e0bf00090531788ed93e7d770dcffd2591d406e3399e02daa2131,page publique
vehicules/kellison-j4.html,17884,83f01855b2fd44600b3110619751059339c5f72d14ade63b1f66381fcdeff4a0,page publique
vehicules/lamborghini-aventador.html,17851,a605b94fe697f86230f7dd737c5be5f6f15d0df9fff7dce094fae4acb5939716,page publique
vehicules/lampadati-feroci.html,18252,b1483e6b6dfb77ea59323186eab14c8909b2869b3ef205feb21d68b1b592848b,page publique
vehicules/lampadati-novak.html,17987,a6dcd38e29776c4b150dc5638adc3d09050d017a8cc2169012dd10c38d962c59,page publique
vehicules/lcc-avarus.html,18738,7da84fc9cf2d85c2aa4ed4bfe979f488522609cbf91d708698b9a61fad2c9388,page publique
vehicules/lincoln-mark-viii.html,18173,2bcf4206458369d296c2c44a1fb90de9fb9c307d128df9a7da22aedb8bdfb7b0,page publique
vehicules/lombike.html,18608,d813fb9e5404c594ab34b47373086f4033f3e2f6b3b10adef6a7153f2201f454,page publique
vehicules/lure-predator-l35p-police.html,17953,3b0ec2baf819dd9d35babb51cb79da534c120390466b0fbed68bd00e0fbe8fb8,page publique
vehicules/lure-predator-l35p.html,17766,d3ce0f8d91f58b9f0c3402b1ecf1cd596bd1e70b7301e0f5094b6282274b4ee1,page publique
vehicules/lure-predator-s23.html,17731,fcaf8680baab8d370d034b06f24109375c76e9e5bd567046185fbcfc891751c1,page publique
vehicules/lurssen-73m-coral-ocean.html,17584,da2698c40ddc6761fe58ebfd285779db19e05e186ef9d4580be5a9c6a4738d21,page publique
vehicules/maibatsu-manchez.html,18688,5721f364d90af45021c0b5a57e36d3bd400110c3eb8754b404a160c4e2a63df7,page publique
vehicules/maibatsu-mule.html,19278,70cef6c2d7432392de9ced076ead8af927ea5448a070bcc71d5e03102be2febc,page publique
vehicules/maibatsu-penumbra-ff.html,18633,40fdbdd22b42503b905b8e03fa7163fb373e77e40901ac20113522ae169ef24b,page publique
vehicules/maibatsu-penumbra.html,18381,4cc600d73b852ebf6362b49398977a1b4617dbaf4aa8ebaf001349f6ff1c2b70,page publique
vehicules/maibatsu-sanchez.html,19087,e9a6641af1071d477b53c04f21ee720b59840d61f73e0bebc89978a45d121056,page publique
vehicules/mammoth-dodo.html,18157,15f181983442254139add419db70db5317119c8b9f7b76850c66bd35035bfc47,page publique
vehicules/mammoth-patriot-mil-spec.html,17831,ecd223fd08891c0877f73007b2f909de9a16cf0cf4833ddc89235117d18f7b1e,page publique
vehicules/mammoth-streamer216.html,18087,af20978ef964530da59640fab06721fa9bb6cdcc06f343e5249bd30d2b373189,page publique
vehicules/mercedes-c-w205.html,18042,9955cb9bba66d55877a01ad1cb1b61e58deb811b8f465e113b275c88d434a55f,page publique
vehicules/mercedes-cle-a236.html,18450,e8cd4a949afd7ab5b9add2ec263ebb757c5c95c000001a1aecd45a91275589ba,page publique
vehicules/mercedes-sprinter-2.html,18452,c187539e0b5bde7a4d443ed7d4805aa99227848cc2ac7302e6d21b5d84d7ad38,page publique
vehicules/monorail-de-vice-city.html,19356,be63da227cd40b1d6d851bc2ba1b4b325e763c387f6ad0bcb94266c87b79d566,page publique
vehicules/moocher.html,18170,d8b1f333ba77854af976f97c483dfc78f5b61cc31015ebf16363f38158004691,page publique
vehicules/mtl-flatbed.html,19901,2454ac1e7a5193f48c99933c1bf51262369912277241c28defab163d5ac886a2,page publique
vehicules/mtl-packer.html,19524,4d7b1341ed897da99d3f9011eeaead059e7c99016a8515f104998616a7b88861,page publique
vehicules/nagasaki-blazer-lifeguard.html,19116,cf143ed70a1b6b9c24dcf50050f77fe282d7ef3c1f0e4db40eaf2ea11b20bc39,page publique
vehicules/nagasaki-blazer.html,18495,df628d6f67980789831df23b8b4404e360ea210d85dff0fe25ed1aa90f37b8ad,page publique
vehicules/nagasaki-caddy.html,19662,4a7c3ec454f8fa090b050d9a728b9b50d322a70e6b4a7316094bd452c0ac2b3b,page publique
vehicules/nagasaki-carbon-rs.html,19098,a077335763e35e5686a4de1b413948a201fafcabe7776760a4a8f636d70bd1ba,page publique
vehicules/nagasaki-dinghy.html,17311,e4bf12293499ad362af15637875773fb5f9d6b341bdb94a981c31edaa8ac0185,page publique
vehicules/nagasaki-marquis.html,17655,4fbd7b5e1e23c3ea5751dc6c60d157373ee2163ed1bb765231f0c17fae1e22dd,page publique
vehicules/nagasaki-outlaw.html,18268,59f819bb5b2a26bd117f63dcfbea3e581e7fc72905cd1889036c9afe4fee1bfe,page publique
vehicules/nagasaki-police-buzzard.html,18883,61342e8ff218fbd7de116ba26c5dc657469d960004c0c311d855c3f6cac4eb72,page publique
vehicules/obey-8f-drafter.html,18348,0224d391542bde70b5b12915e5dad9a912014310a7bd4976daafa1a4093aa091,page publique
vehicules/obey-tailgater-s.html,18121,cc4b11db1d1e5553f329f0c8a7c68ca73c4df8c94982c9492228a556580465b4,page publique
vehicules/obey-tailgater.html,18089,b04cb4ad5e326b7e290d04761e4af33b362dcd1cde0d547c01803d7386d1b195,page publique
vehicules/oceanic.html,17892,d06669e140b2ad1ca542c885caed84246a05b4eb3adb18431b858a4a5558e92c,page publique
vehicules/ocelot-jugular.html,18349,3af61fb2dca6568b00eb08d6ba2d5854465bde8cca5ccf3c6f9a457aaf7d946d,page publique
vehicules/overflod-omnis-e-gt.html,18195,a0ed9469c87d82769a468fdf5f5c9ceae8393a63bf53f9e6496a5f8275abd37d,page publique
vehicules/pegassi-bati-801.html,19044,faf3442ef031c82511f59ebff28fa3a6404bf4689132f3969c13f134c5380e02,page publique
vehicules/pegassi-faggio.html,18986,c49563a8677fdf1873d2ea1c7493211ac4bb23f620f4144a66f1b7b231d78692,page publique
vehicules/pegassi-infernus-classic.html,18906,008682caf2b2dfd93c11b6c101daacd66b54a56f140b8c58c68995408a720734,page publique
vehicules/pegassi-speeder.html,17470,0b67ffd667aabf5cfa2a96869a1e5afed1d430f9335b4eb687ebce9d2ef71d9e,page publique
vehicules/pegassi-tempesta.html,18125,cee09aa5d305545f49a7c2fac6ef66ec70b35332522ff2cce051e6d0d6a128c8,page publique
vehicules/pegassi-toros.html,18045,d22fd0949ed037524ccabb62b95371258e7bbc94aad0daec953d06ce092f32b3,page publique
vehicules/pegassi-zentorno.html,17873,ddd7fa5df103c9804c14e23d06c9bbaf3602588a4ae847400e629e2aad6af003,page publique
vehicules/pegassi-zorrusso.html,17846,e647393c86b1c303bea8de800468a2d790b2147930f708613b37bbf3bf700916,page publique
vehicules/pfister-astron.html,17949,4021f5049e1f6af5e205cecf68be9eb441b4903322a0a630448f2d9be24d7070,page publique
vehicules/pfister-comet-retro-custom.html,18820,c34717d87b45243766be205b64a2e2a259d09e2e7858ec8de5bc081bfe47a9d1,page publique
vehicules/pfister-comet-s2-cabrio.html,18688,390afe99c4e5855e19ea5be16c012d7f57aff37c73b196ec509de0cf14219c79,page publique
vehicules/pfister-comet-s2.html,18153,4f99ba78fb31fdc5f6c90f80f81f2ff3cee135af877da51694ce6402bf20028d,page publique
vehicules/pfister-neon.html,18317,1c0cd057920855d003ebe29418cbc544f5e3e5e11163241adfae3e677ef63781,page publique
vehicules/pomazoom-mobility-scooter.html,18847,8786ed360cfc7928fcc9f6afe1061c424e4a6dfb1e857c33b8eec1cad696caf9,page publique
vehicules/principe-alvino-v1.html,19273,c9bd56a6399d9b57e5db8fcc6fdd1340cfcab6daee077832090a40b313620acf,page publique
vehicules/principe-lectro.html,19203,b1066239f81e920bc12fd852003b3f6fe7bb5934a18bdb843839532aefca6642,page publique
vehicules/progen-emerus.html,17804,8ea686c168c0e754e9ea3b78f50bb3daada8ce696aa255d5c9ac9a3532cc75ee,page publique
vehicules/ram-3500.html,17904,e7e54409bb883c958b417e256f4345b725d32d78a1a519068d12ad1177e56b51,page publique
vehicules/rb-s-ii.html,17415,080632c69ca0f7d7ef2a7803372fa492aea5933024eeffc082b2adc050114e70,page publique
vehicules/rb-s.html,17320,8a92ca44cfcbca7cd8d2ce2814b0c4712b9a100c359cf05bbec9182e971fec9f,page publique
vehicules/rexhall-rose-air.html,18064,579bdf60070bbd0afa0770c7805be3eb40a2beed0f7a3b6a0b1f4893b66b0281,page publique
vehicules/riva-86-domino.html,17719,1ff47e928afe0c0293892bda3ffe2eb1444994f7dbc0ca91e59acc146f2780a9,page publique
vehicules/schyster-deviant.html,18562,54568611fb31867b0e43bd243dbeb7d87dc9d5ee32facfedb345892decb9dd47,page publique
vehicules/schyster-pmp-700.html,18219,88387c89865c9128e454141d885015796f888e9b9e28b36c51bc34de77978f48,page publique
vehicules/scorcher.html,18748,8617cfa2c9e9af7dcd821c347e2a7e15d1ef44a320caea48cbd4bb263907ee55,page publique
vehicules/sea-doo-rxt-x-300.html,17772,80a1c98c470ef708dc649e0cec6b211636342f98b05729a1fa7dd2e0698a43c1,page publique
vehicules/sea-ray-350-sundancer.html,17872,f9e477cecdbd9eadd111a192845283c35905c9a3bf91a111e4711178e210d33a,page publique
vehicules/shipyard-de-hoop-brion.html,17554,b3c451ff2206e67bc303cdc6c0130f75b77fd9f41c157c26c5e82387a82baf7b,page publique
vehicules/shitzu-longfin.html,17488,f47338a6ea71f21e942aa1dbc57a4caf0690a6bffec82652a81161721158a2ff,page publique
vehicules/shitzu-pcj-600.html,19014,cf937d11c173ec2a500fce71be38f8bf36e777407aefeec5b5dbb3441253292c,page publique
vehicules/shitzu-squalo.html,18121,db41ec991398adfa13f15aba0579257c4bedda480e0f88d4f36c4d61d0e4cd54,page publique
vehicules/shitzu-tropic.html,17657,f4682009ca5f0c71f16728c2f3df8630d04bf2f163cd7a8a012292e123e1f2cd,page publique
vehicules/sirius.html,18534,d5340f7ade76f0c50e09c0ef64da0c0d1b839c1f25b516341d5e6bfb3d41b44c,page publique
vehicules/skater-388.html,17618,28c68540d005c374d7cf91c36c1570f6f52ed1a9735924eb4549f8a5883fc4d8,page publique
vehicules/speedophile-seashark.html,17553,78bd125f19f2596f556b2de4323c11811f35b47557c62d7b2a94d456be3aa714,page publique
vehicules/suzuki-gsx-r1000.html,19064,66dd19f472cddba7e218fae23062f7cf16c4672897dca6264c0af359c30b4509,page publique
vehicules/swamp-buggy.html,18187,518370eea10873cd772598c95fbac0cf86eb8ea7bddf6d9c158030c7b6e52bba,page publique
vehicules/toyota-rav4-5.html,17882,270dc0614536d5c4fd842fb24608f156273fad76b40c44effd55157aaa07863f,page publique
vehicules/ubermacht-cypher.html,18459,cd4b97035b753a637f2efb9ede9cd5856fd6dc3dfebd8f0306dacc82907c96bc,page publique
vehicules/ubermacht-rebla-gts.html,18146,7f563cca75bb4f615be78d10db201383cdc1f0e9f227c28abd26afebf6e3168e,page publique
vehicules/ubermacht-sentinel-classic.html,18430,404afd74851f3d021db2b3abd8ca5629e1d85f66da3dfc47af47126570eee5fa,page publique
vehicules/ubermacht-sentinel-xs.html,18270,3577e8f0cdf2f4dce22dc6719c5f094e07707120bf75225f3cbdf119d043b9c8,page publique
vehicules/ubermacht-zion-cabrio.html,18351,ced6a2948ba39c14b809fd2f82c0ed12402695cd174884ae2055079c8b117ff0,page publique
vehicules/ubermacht-zion.html,18243,4ec390c7088bb2bbf33c41ea0f03923a4b6f034887acc2be29522c60ae6d4bbb,page publique
vehicules/vapid-aleutian.html,18117,29e3948e0d6465855e665672c83c1a67ca2779fbf1bfb541b1104052457731cd,page publique
vehicules/vapid-benson.html,19124,3789c33e943ca16b11a1242b52797f8e3e836d538169c7061e501e6f54137d2e,page publique
vehicules/vapid-bobcat-xl.html,18516,940d5901bfaa175968a895a0afcc89e90ffd6813692fa990c1c1edafd6dc7920,page publique
vehicules/vapid-caracara-4x4.html,18684,92bae6f62c1156e59a35ba4fafc1af2debb350e816a08196ecc907cf28f40434,page publique
vehicules/vapid-caracara-lifeguard.html,19687,ed52e01a71ff0c4400e9dfebd7caddf9aebcb55efc6ed4d28d0d873b23d0f0c7,page publique
vehicules/vapid-caracara.html,18470,cfd98d79b672183a12561d2bd65d813f6faab3fbd2532b27a382092d5c6c8c6c,page publique
vehicules/vapid-chino-custom.html,18510,330ec967737b3a8635a58950ea7201208c99041cfd5ed9979fd9ee9b6f4e074b,page publique
vehicules/vapid-chino.html,18412,461fa5b6f08fdf944ea15d0937c9cd0a14f1e0747c0468a202f82e4674d6c82b,page publique
vehicules/vapid-contender.html,18342,00a4779042447416ce10213572083bcba4c356dba81693d657688eea9554af1b,page publique
vehicules/vapid-dominator-67.html,18482,467cc668aa29deb52d3acd97603075a54c52ce1fc6c84404ac6060e42c280133,page publique
vehicules/vapid-dominator-asp.html,18540,017c64b2afec34dcecd21a54831fa840c45ff01c871af1d793100700eb467a19,page publique
vehicules/vapid-dominator-buggy.html,18810,d5269a69bd87a19c798a3a736303f38875f7728bb14c4a5d83286b62b9801f2d,page publique
vehicules/vapid-dominator-gt.html,18590,349fd6212e2522df90c922bdbef31b61d8f2108c7ea2a784701d580e3dfcb4cb,page publique
vehicules/vapid-dominator-gtx.html,18449,b8c55009d58f331819c0f7755a2f1abeec37a890b9c6e10c059079636e1bc3ae,page publique
vehicules/vapid-dominator.html,18242,9b21cf41a80d2bb2f5d281a9ebe41bdc9c8a46fc25687becb72049e9674c5b65,page publique
vehicules/vapid-ganado.html,18710,45598faba4ee0cc73e694c0e0b6a1fdb3f2cd9b1a2f07f2196b01776db310371,page publique
vehicules/vapid-gauntlet-classic-custom.html,18721,55c8d64b5686137b77bb430e51b7d83b6ce0ad7044b42e79f253bae002f764db,page publique
vehicules/vapid-liberator.html,18661,d8f8d24655b781a5c001482110e70b0c8816f5386ce695003e6c8e68274ed371,page publique
vehicules/vapid-minivan.html,939,1d98f67e88b8e34936f427f00d851f589dfdf222534169b2c17947872eecc23d,page publique
vehicules/vapid-montagne.html,18070,4121d4b99ecc957ab0b7c3532716cf194becc4745a8ed46b2851d669eb25a62b,page publique
vehicules/vapid-police-cruiser-interceptor.html,19491,cb2fd56f6bd80a30293d9c267f327d6941f4ac5380c99e33a8bb2ea166f52e90,page publique
vehicules/vapid-police-cruiser-stanier-le.html,20400,f91cf0d890c19afec033d08d003346ddfe2ad08f2117fc43ba855bb2f1eb6083,page publique
vehicules/vapid-police-ghost.html,20289,69dde537c7be3de73986bdc2dffadb67ba7c5fd36c39763cf070dd38ecad45f6,page publique
vehicules/vapid-reclaimer.html,18440,a050dae6e110d23083eedb1778a8c95d2f0833319967e1d4caf00ba7f0ad214d,page publique
vehicules/vapid-riata-classic.html,18416,f49d9ee7c5154d26ebe660564c8260c1bfb9979c18de270fb16bf86b5e2b5722,page publique
vehicules/vapid-sadler.html,926,2f8ed25cd3301d6d5d6f8421c03d94e9e2ccdaae5c2c99f25e52b29810232d6c,page publique
vehicules/vapid-sandking-xl.html,18570,6987dfb0631970999d5cd65493844df6d5aae2d16d53ea3dffc289cab55d5234,page publique
vehicules/vapid-slamvan.html,18418,7a52d0ee019ef1c375045a9cd0bea823ca6dfced30680f478d7a062c4ebaf024,page publique
vehicules/vapid-speedo.html,18294,5d8dbb47390bc45e471b777ed11b3c420a18064cbe1958e4f1478c25fec3a9ec,page publique
vehicules/vapid-stanier-le.html,19227,5b7798c4c1367b418078a527ba6e685e5af126d56fecb0320a86bd85b63650b6,page publique
vehicules/vapid-stanier-moderne.html,18145,9cbfdd979aef79118f84528a3d636acef81a3a53eb8cd4dca4fec636ec801b90,page publique
vehicules/vapid-stanier.html,18532,2a1b1f8556246c928d4c5c602a37dc58d8eb3a1b8750e128fc8372b2677bd97e,page publique
vehicules/vapid-taxi.html,19321,17b2e5342bb41bc7217393f21f901a94976bc9c989f150d6ff82c128a8e1b525,page publique
vehicules/vapid-tow-truck.html,19267,339ba9c19a8b09c1351953d45a715d60389c4a6d1d5417569d5bedcf9ce4ce45,page publique
vehicules/vcia-train.html,19364,88e14603bf1014367302a899356e80ae0b1294a8cd83f966285560d5451f5254,page publique
vehicules/vcmm-train.html,19281,ac42f1beb2e09b533736fa0c7e0d8052856e8d6968ec0f3973faf7238988e2d3,page publique
vehicules/vehicules.html,573,16cc29978c50d76199867a14287d94909ab61c57ac977b341bef9c2e61d3b618,page publique
vehicules/volkswagen-jetta.html,17919,1e38dcd647c8a64675a26102b836f42856985623e42b4af2c012890374d2e061,page publique
vehicules/vortex-airboat.html,17692,75a293330db3421b4cd11b942d5d3899d6833d97ad7f35cbb68eb47be3f9379e,page publique
vehicules/vulcar-ingot.html,938,31b80e54fc76dbfd218ee9d88f5d9d968aa317f98962dad970abce4f142e9d0a,page publique
vehicules/water-taxi.html,17449,215489e98d2b41a05b1eb19a6d249eaf9a4dca8f64dfcbf325d8a01e1058adc3,page publique
vehicules/western-company-duster.html,18244,0c805766309f59575eb419b8d374987b6a66186761620e7570931c3d8882f654,page publique
vehicules/western-nightblade.html,19086,7210fd99613d0ca225b93cccbf1fa76ba2b2fa49aa16f624e122f7df3f666083,page publique
vehicules/western-sea-sparrow.html,18877,f77e45bcd01bd82f9a504c463c8478831768a72214d5d77fb0752833f66acfcc,page publique
vehicules/western-sovereign.html,19077,a61eb40f66579144de3b827d331b28dcc01eaceee4b126448ebf6cda79c32530,page publique
vehicules/western-zombie-chopper.html,19478,b1993c7a032a5b231042810f59935916e098b41bf677a986565b62798fe4780f,page publique
vehicules/willard-faction-custom-donk.html,18579,589e1c29b734996281ea580a38b890a84359cecada37d1f3b06befd7af020c91,page publique
vehicules/willard-faction.html,18188,a998c6126c4681a8ef11629942a0c79e22639a8633b7f1076b73766564d3c192,page publique
vehicules/xero-blimp.html,17638,3a47d008b2771bf455b740503ff08e5ccb65ed88e8840685cef016adc50db22d,page publique
vehicules/yamaha-bws-125.html,18962,e05c9dd8c3875d30ecb8f65a68b32f77e5b6c86debc22ffa14e9da12be0a3721,page publique
vehicules/zirconium-journey-ii.html,18476,a2c53e95433acf4d672edc06fca3dbf182767b6848656108cb2561c6c3664eb7,page publique
vehicules/zirconium-journey.html,18183,ba496f09fac7a6d672599fc71932d6ce615d36c6935f8ff46df498cea95b795b,page publique
vercel.json,1959,09e31a65c407186d9c2836a9bb348cff8b43a1c8ac9c0aa099b8cbbc0ff421e0,source/configuration/test/documentation
